id,status,action,type,title_or_course,metadata_yaml,expected_source,local_source,source_bytes,jpg,webp,pdf_title_hint,pdf_pages,original_url
000559972bfd10a2a6a8a9e34dfd2205,ready,include_after_storage_upload,book,Б. П. 吉米多维奇高等数学习题精选精解,E:\byrdocs-archive\metadata\000559972bfd10a2a6a8a9e34dfd2205.yml,000559972bfd10a2a6a8a9e34dfd2205.pdf,E:\byrdocs\000559972bfd10a2a6a8a9e34dfd2205.pdf,30718943,E:\byrdocs\000559972bfd10a2a6a8a9e34dfd2205.jpg,E:\byrdocs\000559972bfd10a2a6a8a9e34dfd2205.webp,,,https://byrdocs.org/files/000559972bfd10a2a6a8a9e34dfd2205.pdf
002104b965c839bc428f4656b1b477ac,ready,include_after_storage_upload,test,数据结构,E:\byrdocs-archive\metadata\002104b965c839bc428f4656b1b477ac.yml,002104b965c839bc428f4656b1b477ac.pdf,E:\byrdocs\002104b965c839bc428f4656b1b477ac.pdf,2103400,E:\byrdocs\002104b965c839bc428f4656b1b477ac.jpg,E:\byrdocs\002104b965c839bc428f4656b1b477ac.webp,,,https://byrdocs.org/files/002104b965c839bc428f4656b1b477ac.pdf
00550196f94d2dbb7125d32d7c690017,ready,include_after_storage_upload,test,python编程与实践,E:\byrdocs-archive\metadata\00550196f94d2dbb7125d32d7c690017.yml,00550196f94d2dbb7125d32d7c690017.pdf,E:\byrdocs\00550196f94d2dbb7125d32d7c690017.pdf,496343,E:\byrdocs\00550196f94d2dbb7125d32d7c690017.jpg,E:\byrdocs\00550196f94d2dbb7125d32d7c690017.webp,,,https://byrdocs.org/files/00550196f94d2dbb7125d32d7c690017.pdf
0065c9c8a499d1d5614aff3ebbdfd0f9,ready,include_after_storage_upload,book,英语品中国：科技篇,E:\byrdocs-archive\metadata\0065c9c8a499d1d5614aff3ebbdfd0f9.yml,0065c9c8a499d1d5614aff3ebbdfd0f9.pdf,E:\byrdocs\0065c9c8a499d1d5614aff3ebbdfd0f9.pdf,21195850,E:\byrdocs\0065c9c8a499d1d5614aff3ebbdfd0f9.jpg,E:\byrdocs\0065c9c8a499d1d5614aff3ebbdfd0f9.webp,,,https://byrdocs.org/files/0065c9c8a499d1d5614aff3ebbdfd0f9.pdf
0091c973a3afe925bc2b9889b654f217,ready,include_after_storage_upload,test,离散数学,E:\byrdocs-archive\metadata\0091c973a3afe925bc2b9889b654f217.yml,0091c973a3afe925bc2b9889b654f217.pdf,E:\byrdocs\0091c973a3afe925bc2b9889b654f217.pdf,484493,E:\byrdocs\0091c973a3afe925bc2b9889b654f217.jpg,E:\byrdocs\0091c973a3afe925bc2b9889b654f217.webp,,,https://byrdocs.org/files/0091c973a3afe925bc2b9889b654f217.pdf
00bf56b15c238d9d8f19d09d4cb43a07,ready,include_after_storage_upload,test,电路与电子学基础,E:\byrdocs-archive\metadata\00bf56b15c238d9d8f19d09d4cb43a07.yml,00bf56b15c238d9d8f19d09d4cb43a07.pdf,E:\byrdocs\00bf56b15c238d9d8f19d09d4cb43a07.pdf,368568,E:\byrdocs\00bf56b15c238d9d8f19d09d4cb43a07.jpg,E:\byrdocs\00bf56b15c238d9d8f19d09d4cb43a07.webp,,,https://byrdocs.org/files/00bf56b15c238d9d8f19d09d4cb43a07.pdf
011170ccba0f48b62db6b02474516d49,ready,include_after_storage_upload,book,Lectures on Modern Optimization,E:\byrdocs-archive\metadata\011170ccba0f48b62db6b02474516d49.yml,011170ccba0f48b62db6b02474516d49.pdf,E:\byrdocs\011170ccba0f48b62db6b02474516d49.pdf,23456049,E:\byrdocs\011170ccba0f48b62db6b02474516d49.jpg,E:\byrdocs\011170ccba0f48b62db6b02474516d49.webp,,,https://byrdocs.org/files/011170ccba0f48b62db6b02474516d49.pdf
016ba1e28ac05782be18b2a3b970aace,ready,include_after_storage_upload,test,多媒体基础,E:\byrdocs-archive\metadata\016ba1e28ac05782be18b2a3b970aace.yml,016ba1e28ac05782be18b2a3b970aace.pdf,E:\byrdocs\016ba1e28ac05782be18b2a3b970aace.pdf,495158,E:\byrdocs\016ba1e28ac05782be18b2a3b970aace.jpg,E:\byrdocs\016ba1e28ac05782be18b2a3b970aace.webp,,,https://byrdocs.org/files/016ba1e28ac05782be18b2a3b970aace.pdf
0179a7f2bf9cbf86f5f474bf953222aa,ready,include_after_storage_upload,test,大学物理C,E:\byrdocs-archive\metadata\0179a7f2bf9cbf86f5f474bf953222aa.yml,0179a7f2bf9cbf86f5f474bf953222aa.pdf,E:\byrdocs\0179a7f2bf9cbf86f5f474bf953222aa.pdf,440602,E:\byrdocs\0179a7f2bf9cbf86f5f474bf953222aa.jpg,E:\byrdocs\0179a7f2bf9cbf86f5f474bf953222aa.webp,,,https://byrdocs.org/files/0179a7f2bf9cbf86f5f474bf953222aa.pdf
01a5d6d8eb5da6dab407ed631e9917c8,ready,include_after_storage_upload,test,大学物理C,E:\byrdocs-archive\metadata\01a5d6d8eb5da6dab407ed631e9917c8.yml,01a5d6d8eb5da6dab407ed631e9917c8.pdf,E:\byrdocs\01a5d6d8eb5da6dab407ed631e9917c8.pdf,1902839,E:\byrdocs\01a5d6d8eb5da6dab407ed631e9917c8.jpg,E:\byrdocs\01a5d6d8eb5da6dab407ed631e9917c8.webp,,,https://byrdocs.org/files/01a5d6d8eb5da6dab407ed631e9917c8.pdf
01e740dfaff1d9542c8999923721de8a,ready,include_after_storage_upload,book,An Introduction to Optimization,E:\byrdocs-archive\metadata\01e740dfaff1d9542c8999923721de8a.yml,01e740dfaff1d9542c8999923721de8a.pdf,E:\byrdocs\01e740dfaff1d9542c8999923721de8a.pdf,20769177,E:\byrdocs\01e740dfaff1d9542c8999923721de8a.jpg,E:\byrdocs\01e740dfaff1d9542c8999923721de8a.webp,,,https://byrdocs.org/files/01e740dfaff1d9542c8999923721de8a.pdf
02ffc4c34afef13157a133ec23eed41a,ready,include_after_storage_upload,test,数据结构与应用,E:\byrdocs-archive\metadata\02ffc4c34afef13157a133ec23eed41a.yml,02ffc4c34afef13157a133ec23eed41a.pdf,E:\byrdocs\02ffc4c34afef13157a133ec23eed41a.pdf,300828,E:\byrdocs\02ffc4c34afef13157a133ec23eed41a.jpg,E:\byrdocs\02ffc4c34afef13157a133ec23eed41a.webp,,,https://byrdocs.org/files/02ffc4c34afef13157a133ec23eed41a.pdf
030013717ceb90865c713e8febb3948d,ready,include_after_storage_upload,book,组合数学,E:\byrdocs-archive\metadata\030013717ceb90865c713e8febb3948d.yml,030013717ceb90865c713e8febb3948d.pdf,E:\byrdocs\030013717ceb90865c713e8febb3948d.pdf,9605082,E:\byrdocs\030013717ceb90865c713e8febb3948d.jpg,E:\byrdocs\030013717ceb90865c713e8febb3948d.webp,,,https://byrdocs.org/files/030013717ceb90865c713e8febb3948d.pdf
035badd4babe144df7778137a43890f0,ready,include_after_storage_upload,test,概率论与数理统计,E:\byrdocs-archive\metadata\035badd4babe144df7778137a43890f0.yml,035badd4babe144df7778137a43890f0.pdf,E:\byrdocs\035badd4babe144df7778137a43890f0.pdf,181133,E:\byrdocs\035badd4babe144df7778137a43890f0.jpg,E:\byrdocs\035badd4babe144df7778137a43890f0.webp,,,https://byrdocs.org/files/035badd4babe144df7778137a43890f0.pdf
035fedb6e16b00341c635a31f0c32022,ready,include_after_storage_upload,test,形式语言与自动机,E:\byrdocs-archive\metadata\035fedb6e16b00341c635a31f0c32022.yml,035fedb6e16b00341c635a31f0c32022.pdf,E:\byrdocs\035fedb6e16b00341c635a31f0c32022.pdf,207172,E:\byrdocs\035fedb6e16b00341c635a31f0c32022.jpg,E:\byrdocs\035fedb6e16b00341c635a31f0c32022.webp,,,https://byrdocs.org/files/035fedb6e16b00341c635a31f0c32022.pdf
03b07e8edcbdfb0ad46b6f52d7b30c9b,ready,include_after_storage_upload,test,高等数学A（上）,E:\byrdocs-archive\metadata\03b07e8edcbdfb0ad46b6f52d7b30c9b.yml,03b07e8edcbdfb0ad46b6f52d7b30c9b.pdf,E:\byrdocs\03b07e8edcbdfb0ad46b6f52d7b30c9b.pdf,570217,E:\byrdocs\03b07e8edcbdfb0ad46b6f52d7b30c9b.jpg,E:\byrdocs\03b07e8edcbdfb0ad46b6f52d7b30c9b.webp,,,https://byrdocs.org/files/03b07e8edcbdfb0ad46b6f52d7b30c9b.pdf
0402fc82f4af38fa2a5a6326b7fb7da9,ready,include_after_storage_upload,test,电磁场与电磁波,E:\byrdocs-archive\metadata\0402fc82f4af38fa2a5a6326b7fb7da9.yml,0402fc82f4af38fa2a5a6326b7fb7da9.pdf,E:\byrdocs\0402fc82f4af38fa2a5a6326b7fb7da9.pdf,871212,E:\byrdocs\0402fc82f4af38fa2a5a6326b7fb7da9.jpg,E:\byrdocs\0402fc82f4af38fa2a5a6326b7fb7da9.webp,,,https://byrdocs.org/files/0402fc82f4af38fa2a5a6326b7fb7da9.pdf
04d60861fdbe94f30f49738877807f43,ready,include_after_storage_upload,test,电磁场与电磁波,E:\byrdocs-archive\metadata\04d60861fdbe94f30f49738877807f43.yml,04d60861fdbe94f30f49738877807f43.pdf,E:\byrdocs\04d60861fdbe94f30f49738877807f43.pdf,469485,E:\byrdocs\04d60861fdbe94f30f49738877807f43.jpg,E:\byrdocs\04d60861fdbe94f30f49738877807f43.webp,,,https://byrdocs.org/files/04d60861fdbe94f30f49738877807f43.pdf
05125935fa70196bac87df076aaf96da,ready,include_after_storage_upload,doc,编译原理与技术 模拟试卷及参考答案,E:\byrdocs-archive\metadata\05125935fa70196bac87df076aaf96da.yml,05125935fa70196bac87df076aaf96da.pdf,E:\byrdocs\05125935fa70196bac87df076aaf96da.pdf,777585,E:\byrdocs\05125935fa70196bac87df076aaf96da.jpg,E:\byrdocs\05125935fa70196bac87df076aaf96da.webp,,,https://byrdocs.org/files/05125935fa70196bac87df076aaf96da.pdf
052cefeef110ed97ceddcfb2ced7f3e8,ready,include_after_storage_upload,test,电磁场与电磁波,E:\byrdocs-archive\metadata\052cefeef110ed97ceddcfb2ced7f3e8.yml,052cefeef110ed97ceddcfb2ced7f3e8.pdf,E:\byrdocs\052cefeef110ed97ceddcfb2ced7f3e8.pdf,663319,E:\byrdocs\052cefeef110ed97ceddcfb2ced7f3e8.jpg,E:\byrdocs\052cefeef110ed97ceddcfb2ced7f3e8.webp,,,https://byrdocs.org/files/052cefeef110ed97ceddcfb2ced7f3e8.pdf
05a94d9250b2f41ef7e7959c5ceef758,ready,include_after_storage_upload,book,电路分析基础/Electric Circuits,E:\byrdocs-archive\metadata\05a94d9250b2f41ef7e7959c5ceef758.yml,05a94d9250b2f41ef7e7959c5ceef758.pdf,E:\byrdocs\05a94d9250b2f41ef7e7959c5ceef758.pdf,84060673,E:\byrdocs\05a94d9250b2f41ef7e7959c5ceef758.jpg,E:\byrdocs\05a94d9250b2f41ef7e7959c5ceef758.webp,,,https://byrdocs.org/files/05a94d9250b2f41ef7e7959c5ceef758.pdf
05b8c26847c082dde351ca13f648cc56,ready,include_after_storage_upload,test,电磁场与电磁波,E:\byrdocs-archive\metadata\05b8c26847c082dde351ca13f648cc56.yml,05b8c26847c082dde351ca13f648cc56.pdf,E:\byrdocs\05b8c26847c082dde351ca13f648cc56.pdf,1266800,E:\byrdocs\05b8c26847c082dde351ca13f648cc56.jpg,E:\byrdocs\05b8c26847c082dde351ca13f648cc56.webp,,,https://byrdocs.org/files/05b8c26847c082dde351ca13f648cc56.pdf
05c9ef5429efbb3d9ae774f9ff8102a5,ready,include_after_storage_upload,book,ARM体系结构与编程,E:\byrdocs-archive\metadata\05c9ef5429efbb3d9ae774f9ff8102a5.yml,05c9ef5429efbb3d9ae774f9ff8102a5.pdf,E:\byrdocs\05c9ef5429efbb3d9ae774f9ff8102a5.pdf,13492658,E:\byrdocs\05c9ef5429efbb3d9ae774f9ff8102a5.jpg,E:\byrdocs\05c9ef5429efbb3d9ae774f9ff8102a5.webp,,,https://byrdocs.org/files/05c9ef5429efbb3d9ae774f9ff8102a5.pdf
05ce270c9bbae9d5ec2e9391bf4b6ab8,ready,include_after_storage_upload,test,形式语言与自动机,E:\byrdocs-archive\metadata\05ce270c9bbae9d5ec2e9391bf4b6ab8.yml,05ce270c9bbae9d5ec2e9391bf4b6ab8.pdf,E:\byrdocs\05ce270c9bbae9d5ec2e9391bf4b6ab8.pdf,74593,E:\byrdocs\05ce270c9bbae9d5ec2e9391bf4b6ab8.jpg,E:\byrdocs\05ce270c9bbae9d5ec2e9391bf4b6ab8.webp,,,https://byrdocs.org/files/05ce270c9bbae9d5ec2e9391bf4b6ab8.pdf
05d67011b2d1ded27ecdf15b88c0b9b1,ready,include_after_storage_upload,book,数字电路与逻辑设计学习指导,E:\byrdocs-archive\metadata\05d67011b2d1ded27ecdf15b88c0b9b1.yml,05d67011b2d1ded27ecdf15b88c0b9b1.pdf,E:\byrdocs\05d67011b2d1ded27ecdf15b88c0b9b1.pdf,12163287,E:\byrdocs\05d67011b2d1ded27ecdf15b88c0b9b1.jpg,E:\byrdocs\05d67011b2d1ded27ecdf15b88c0b9b1.webp,,,https://byrdocs.org/files/05d67011b2d1ded27ecdf15b88c0b9b1.pdf
05f97bec93b4e2ac10227cb09376f520,ready,include_after_storage_upload,doc,操作系统刘晓鸿PPT,E:\byrdocs-archive\metadata\05f97bec93b4e2ac10227cb09376f520.yml,05f97bec93b4e2ac10227cb09376f520.zip,E:\byrdocs\05f97bec93b4e2ac10227cb09376f520.zip,16490908,E:\byrdocs\05f97bec93b4e2ac10227cb09376f520.jpg,E:\byrdocs\05f97bec93b4e2ac10227cb09376f520.webp,,,https://byrdocs.org/files/05f97bec93b4e2ac10227cb09376f520.zip
062645595d7aecf5a8aa2f55750bf3ff,ready,include_after_storage_upload,doc,算法设计与分析PPT,E:\byrdocs-archive\metadata\062645595d7aecf5a8aa2f55750bf3ff.yml,062645595d7aecf5a8aa2f55750bf3ff.zip,E:\byrdocs\062645595d7aecf5a8aa2f55750bf3ff.zip,32452169,E:\byrdocs\062645595d7aecf5a8aa2f55750bf3ff.jpg,E:\byrdocs\062645595d7aecf5a8aa2f55750bf3ff.webp,,,https://byrdocs.org/files/062645595d7aecf5a8aa2f55750bf3ff.zip
0686717f2ab41281e0ff9fc0b1824db3,ready,include_after_storage_upload,test,形式语言与自动机,E:\byrdocs-archive\metadata\0686717f2ab41281e0ff9fc0b1824db3.yml,0686717f2ab41281e0ff9fc0b1824db3.pdf,E:\byrdocs\0686717f2ab41281e0ff9fc0b1824db3.pdf,416903,E:\byrdocs\0686717f2ab41281e0ff9fc0b1824db3.jpg,E:\byrdocs\0686717f2ab41281e0ff9fc0b1824db3.webp,,,https://byrdocs.org/files/0686717f2ab41281e0ff9fc0b1824db3.pdf
068860249d5f484ebce647f0c5fe4fbe,ready,include_after_storage_upload,book,Secure Coding in C and C++,E:\byrdocs-archive\metadata\068860249d5f484ebce647f0c5fe4fbe.yml,068860249d5f484ebce647f0c5fe4fbe.pdf,E:\byrdocs\068860249d5f484ebce647f0c5fe4fbe.pdf,22802629,E:\byrdocs\068860249d5f484ebce647f0c5fe4fbe.jpg,E:\byrdocs\068860249d5f484ebce647f0c5fe4fbe.webp,,,https://byrdocs.org/files/068860249d5f484ebce647f0c5fe4fbe.pdf
06ba31f20399c82d6a6346d93e7c5c97,ready,include_after_storage_upload,test,工程数学,E:\byrdocs-archive\metadata\06ba31f20399c82d6a6346d93e7c5c97.yml,06ba31f20399c82d6a6346d93e7c5c97.pdf,E:\byrdocs\06ba31f20399c82d6a6346d93e7c5c97.pdf,1280402,E:\byrdocs\06ba31f20399c82d6a6346d93e7c5c97.jpg,E:\byrdocs\06ba31f20399c82d6a6346d93e7c5c97.webp,,,https://byrdocs.org/files/06ba31f20399c82d6a6346d93e7c5c97.pdf
06fa27d50ba4a4baae1b665ea48fd677,ready,include_after_storage_upload,book,理论物理学教程 第10卷 物理动理学 第2版,E:\byrdocs-archive\metadata\06fa27d50ba4a4baae1b665ea48fd677.yml,06fa27d50ba4a4baae1b665ea48fd677.pdf,E:\byrdocs\06fa27d50ba4a4baae1b665ea48fd677.pdf,26854058,E:\byrdocs\06fa27d50ba4a4baae1b665ea48fd677.jpg,E:\byrdocs\06fa27d50ba4a4baae1b665ea48fd677.webp,,,https://byrdocs.org/files/06fa27d50ba4a4baae1b665ea48fd677.pdf
071070dd231e0de83f8096a72d78fdda,ready,include_after_storage_upload,book,Think Python: How to Think Like a Computer Scientist,E:\byrdocs-archive\metadata\071070dd231e0de83f8096a72d78fdda.yml,071070dd231e0de83f8096a72d78fdda.pdf,E:\byrdocs\071070dd231e0de83f8096a72d78fdda.pdf,1523787,E:\byrdocs\071070dd231e0de83f8096a72d78fdda.jpg,E:\byrdocs\071070dd231e0de83f8096a72d78fdda.webp,,,https://byrdocs.org/files/071070dd231e0de83f8096a72d78fdda.pdf
07ba9cafb7cddefccdca7fac6bd8e2a8,ready,include_after_storage_upload,doc,算法设计与分析PPT,E:\byrdocs-archive\metadata\07ba9cafb7cddefccdca7fac6bd8e2a8.yml,07ba9cafb7cddefccdca7fac6bd8e2a8.zip,E:\byrdocs\07ba9cafb7cddefccdca7fac6bd8e2a8.zip,55816556,E:\byrdocs\07ba9cafb7cddefccdca7fac6bd8e2a8.jpg,E:\byrdocs\07ba9cafb7cddefccdca7fac6bd8e2a8.webp,,,https://byrdocs.org/files/07ba9cafb7cddefccdca7fac6bd8e2a8.zip
07db70884c483b4bbe6aa733c964d586,ready,include_after_storage_upload,doc,文治学业辅导中心 课程提纲,E:\byrdocs-archive\metadata\07db70884c483b4bbe6aa733c964d586.yml,07db70884c483b4bbe6aa733c964d586.pdf,E:\byrdocs\07db70884c483b4bbe6aa733c964d586.pdf,2104285,E:\byrdocs\07db70884c483b4bbe6aa733c964d586.jpg,E:\byrdocs\07db70884c483b4bbe6aa733c964d586.webp,,,https://byrdocs.org/files/07db70884c483b4bbe6aa733c964d586.pdf
0817de4a492201e4892aa5b173307911,ready,include_after_storage_upload,book,大学生数学竞赛教程,E:\byrdocs-archive\metadata\0817de4a492201e4892aa5b173307911.yml,0817de4a492201e4892aa5b173307911.pdf,E:\byrdocs\0817de4a492201e4892aa5b173307911.pdf,78485778,E:\byrdocs\0817de4a492201e4892aa5b173307911.jpg,E:\byrdocs\0817de4a492201e4892aa5b173307911.webp,,,https://byrdocs.org/files/0817de4a492201e4892aa5b173307911.pdf
08518b1542bee50d0d6147c2b44eea05,ready,include_after_storage_upload,test,微波工程基础,E:\byrdocs-archive\metadata\08518b1542bee50d0d6147c2b44eea05.yml,08518b1542bee50d0d6147c2b44eea05.pdf,E:\byrdocs\08518b1542bee50d0d6147c2b44eea05.pdf,1619424,E:\byrdocs\08518b1542bee50d0d6147c2b44eea05.jpg,E:\byrdocs\08518b1542bee50d0d6147c2b44eea05.webp,,,https://byrdocs.org/files/08518b1542bee50d0d6147c2b44eea05.pdf
0881b3309bd5fc13f6fdeb469aa49cf7,ready,include_after_storage_upload,test,概率论与数理统计,E:\byrdocs-archive\metadata\0881b3309bd5fc13f6fdeb469aa49cf7.yml,0881b3309bd5fc13f6fdeb469aa49cf7.pdf,E:\byrdocs\0881b3309bd5fc13f6fdeb469aa49cf7.pdf,13706169,E:\byrdocs\0881b3309bd5fc13f6fdeb469aa49cf7.jpg,E:\byrdocs\0881b3309bd5fc13f6fdeb469aa49cf7.webp,,,https://byrdocs.org/files/0881b3309bd5fc13f6fdeb469aa49cf7.pdf
08b0f82dccc287a8421db9cf3efd9b26,ready,include_after_storage_upload,test,计算机网络,E:\byrdocs-archive\metadata\08b0f82dccc287a8421db9cf3efd9b26.yml,08b0f82dccc287a8421db9cf3efd9b26.pdf,E:\byrdocs\08b0f82dccc287a8421db9cf3efd9b26.pdf,1794216,E:\byrdocs\08b0f82dccc287a8421db9cf3efd9b26.jpg,E:\byrdocs\08b0f82dccc287a8421db9cf3efd9b26.webp,,,https://byrdocs.org/files/08b0f82dccc287a8421db9cf3efd9b26.pdf
08cf7a9edfa9001dbc8619d4d99a799d,ready,include_after_storage_upload,test,通信原理,E:\byrdocs-archive\metadata\08cf7a9edfa9001dbc8619d4d99a799d.yml,08cf7a9edfa9001dbc8619d4d99a799d.pdf,E:\byrdocs\08cf7a9edfa9001dbc8619d4d99a799d.pdf,408703,E:\byrdocs\08cf7a9edfa9001dbc8619d4d99a799d.jpg,E:\byrdocs\08cf7a9edfa9001dbc8619d4d99a799d.webp,,,https://byrdocs.org/files/08cf7a9edfa9001dbc8619d4d99a799d.pdf
08e38f8a669f052ff2bfcd3e9fec2334,ready,include_after_storage_upload,test,数学分析（上）,E:\byrdocs-archive\metadata\08e38f8a669f052ff2bfcd3e9fec2334.yml,08e38f8a669f052ff2bfcd3e9fec2334.pdf,E:\byrdocs\08e38f8a669f052ff2bfcd3e9fec2334.pdf,249658,E:\byrdocs\08e38f8a669f052ff2bfcd3e9fec2334.jpg,E:\byrdocs\08e38f8a669f052ff2bfcd3e9fec2334.webp,,,https://byrdocs.org/files/08e38f8a669f052ff2bfcd3e9fec2334.pdf
08f44b319cc240ca9c740abbb14ea9e4,ready,include_after_storage_upload,doc,计算机网络 自顶向下方法 7版答案,E:\byrdocs-archive\metadata\08f44b319cc240ca9c740abbb14ea9e4.yml,08f44b319cc240ca9c740abbb14ea9e4.pdf,E:\byrdocs\08f44b319cc240ca9c740abbb14ea9e4.pdf,3449256,E:\byrdocs\08f44b319cc240ca9c740abbb14ea9e4.jpg,E:\byrdocs\08f44b319cc240ca9c740abbb14ea9e4.webp,,,https://byrdocs.org/files/08f44b319cc240ca9c740abbb14ea9e4.pdf
0914f06ae1c49de341606c028241115f,ready,include_after_storage_upload,test,软件工程,E:\byrdocs-archive\metadata\0914f06ae1c49de341606c028241115f.yml,0914f06ae1c49de341606c028241115f.pdf,E:\byrdocs\0914f06ae1c49de341606c028241115f.pdf,219658,E:\byrdocs\0914f06ae1c49de341606c028241115f.jpg,E:\byrdocs\0914f06ae1c49de341606c028241115f.webp,,,https://byrdocs.org/files/0914f06ae1c49de341606c028241115f.pdf
093867ede03624d5e443fe575bafaceb,ready,include_after_storage_upload,book,Optimization Based Data Mining: Theory and Applications,E:\byrdocs-archive\metadata\093867ede03624d5e443fe575bafaceb.yml,093867ede03624d5e443fe575bafaceb.pdf,E:\byrdocs\093867ede03624d5e443fe575bafaceb.pdf,3725863,E:\byrdocs\093867ede03624d5e443fe575bafaceb.jpg,E:\byrdocs\093867ede03624d5e443fe575bafaceb.webp,,,https://byrdocs.org/files/093867ede03624d5e443fe575bafaceb.pdf
0961e254531e703f2778f5385467708d,ready,include_after_storage_upload,test,线性代数,E:\byrdocs-archive\metadata\0961e254531e703f2778f5385467708d.yml,0961e254531e703f2778f5385467708d.pdf,E:\byrdocs\0961e254531e703f2778f5385467708d.pdf,596648,E:\byrdocs\0961e254531e703f2778f5385467708d.jpg,E:\byrdocs\0961e254531e703f2778f5385467708d.webp,,,https://byrdocs.org/files/0961e254531e703f2778f5385467708d.pdf
09afab1d9a271435ccc7ede3968727b6,ready,include_after_storage_upload,test,数字信号处理,E:\byrdocs-archive\metadata\09afab1d9a271435ccc7ede3968727b6.yml,09afab1d9a271435ccc7ede3968727b6.pdf,E:\byrdocs\09afab1d9a271435ccc7ede3968727b6.pdf,9745821,E:\byrdocs\09afab1d9a271435ccc7ede3968727b6.jpg,E:\byrdocs\09afab1d9a271435ccc7ede3968727b6.webp,,,https://byrdocs.org/files/09afab1d9a271435ccc7ede3968727b6.pdf
0a2ec7a3b027bb439e7bf021c4b1b1be,ready,include_after_storage_upload,test,数据库系统原理,E:\byrdocs-archive\metadata\0a2ec7a3b027bb439e7bf021c4b1b1be.yml,0a2ec7a3b027bb439e7bf021c4b1b1be.pdf,E:\byrdocs\0a2ec7a3b027bb439e7bf021c4b1b1be.pdf,716455,E:\byrdocs\0a2ec7a3b027bb439e7bf021c4b1b1be.jpg,E:\byrdocs\0a2ec7a3b027bb439e7bf021c4b1b1be.webp,,,https://byrdocs.org/files/0a2ec7a3b027bb439e7bf021c4b1b1be.pdf
0a989899a0724b171007e4adcb5f3917,ready,include_after_storage_upload,doc,线性代数公式归纳,E:\byrdocs-archive\metadata\0a989899a0724b171007e4adcb5f3917.yml,0a989899a0724b171007e4adcb5f3917.pdf,E:\byrdocs\0a989899a0724b171007e4adcb5f3917.pdf,216907,E:\byrdocs\0a989899a0724b171007e4adcb5f3917.jpg,E:\byrdocs\0a989899a0724b171007e4adcb5f3917.webp,,,https://byrdocs.org/files/0a989899a0724b171007e4adcb5f3917.pdf
0ad58977fce68045aa472fc8dc02c732,ready,include_after_storage_upload,test,高等数学A（下）,E:\byrdocs-archive\metadata\0ad58977fce68045aa472fc8dc02c732.yml,0ad58977fce68045aa472fc8dc02c732.pdf,E:\byrdocs\0ad58977fce68045aa472fc8dc02c732.pdf,702833,E:\byrdocs\0ad58977fce68045aa472fc8dc02c732.jpg,E:\byrdocs\0ad58977fce68045aa472fc8dc02c732.webp,,,https://byrdocs.org/files/0ad58977fce68045aa472fc8dc02c732.pdf
0b39b89bbea3a187d2aa856381473de3,ready,include_after_storage_upload,test,计算机组成原理,E:\byrdocs-archive\metadata\0b39b89bbea3a187d2aa856381473de3.yml,0b39b89bbea3a187d2aa856381473de3.pdf,E:\byrdocs\0b39b89bbea3a187d2aa856381473de3.pdf,4333564,E:\byrdocs\0b39b89bbea3a187d2aa856381473de3.jpg,E:\byrdocs\0b39b89bbea3a187d2aa856381473de3.webp,,,https://byrdocs.org/files/0b39b89bbea3a187d2aa856381473de3.pdf
0b4fbc5fe0a72b50fc21f3abc00322ff,ready,include_after_storage_upload,test,电磁场与电磁波,E:\byrdocs-archive\metadata\0b4fbc5fe0a72b50fc21f3abc00322ff.yml,0b4fbc5fe0a72b50fc21f3abc00322ff.pdf,E:\byrdocs\0b4fbc5fe0a72b50fc21f3abc00322ff.pdf,349473,E:\byrdocs\0b4fbc5fe0a72b50fc21f3abc00322ff.jpg,E:\byrdocs\0b4fbc5fe0a72b50fc21f3abc00322ff.webp,,,https://byrdocs.org/files/0b4fbc5fe0a72b50fc21f3abc00322ff.pdf
0b5a41de18780b4cd700013c96a0983d,ready,include_after_storage_upload,doc,程序设计竞赛基础 课件,E:\byrdocs-archive\metadata\0b5a41de18780b4cd700013c96a0983d.yml,0b5a41de18780b4cd700013c96a0983d.zip,E:\byrdocs\0b5a41de18780b4cd700013c96a0983d.zip,103841001,E:\byrdocs\0b5a41de18780b4cd700013c96a0983d.jpg,E:\byrdocs\0b5a41de18780b4cd700013c96a0983d.webp,,,https://byrdocs.org/files/0b5a41de18780b4cd700013c96a0983d.zip
0b71d51e46b462deb642c79517ebb913,ready,include_after_storage_upload,test,数字电路与逻辑设计,E:\byrdocs-archive\metadata\0b71d51e46b462deb642c79517ebb913.yml,0b71d51e46b462deb642c79517ebb913.pdf,E:\byrdocs\0b71d51e46b462deb642c79517ebb913.pdf,381367,E:\byrdocs\0b71d51e46b462deb642c79517ebb913.jpg,E:\byrdocs\0b71d51e46b462deb642c79517ebb913.webp,,,https://byrdocs.org/files/0b71d51e46b462deb642c79517ebb913.pdf
0bf267c2451ff8a53d46f9c2def93460,ready,include_after_storage_upload,test,信号与系统,E:\byrdocs-archive\metadata\0bf267c2451ff8a53d46f9c2def93460.yml,0bf267c2451ff8a53d46f9c2def93460.pdf,E:\byrdocs\0bf267c2451ff8a53d46f9c2def93460.pdf,456256,E:\byrdocs\0bf267c2451ff8a53d46f9c2def93460.jpg,E:\byrdocs\0bf267c2451ff8a53d46f9c2def93460.webp,,,https://byrdocs.org/files/0bf267c2451ff8a53d46f9c2def93460.pdf
0bfed8ec407bf5c102554ebb4f539dca,ready,include_after_storage_upload,test,计算机组织与结构,E:\byrdocs-archive\metadata\0bfed8ec407bf5c102554ebb4f539dca.yml,0bfed8ec407bf5c102554ebb4f539dca.pdf,E:\byrdocs\0bfed8ec407bf5c102554ebb4f539dca.pdf,1859747,E:\byrdocs\0bfed8ec407bf5c102554ebb4f539dca.jpg,E:\byrdocs\0bfed8ec407bf5c102554ebb4f539dca.webp,,,https://byrdocs.org/files/0bfed8ec407bf5c102554ebb4f539dca.pdf
0c10e628e6282462754b765dfddad110,ready,include_after_storage_upload,test,计算导论与程序设计,E:\byrdocs-archive\metadata\0c10e628e6282462754b765dfddad110.yml,0c10e628e6282462754b765dfddad110.pdf,E:\byrdocs\0c10e628e6282462754b765dfddad110.pdf,254508,E:\byrdocs\0c10e628e6282462754b765dfddad110.jpg,E:\byrdocs\0c10e628e6282462754b765dfddad110.webp,,,https://byrdocs.org/files/0c10e628e6282462754b765dfddad110.pdf
0c14decd5a47b69bcaa5242dccc0f167,ready,include_after_storage_upload,test,进阶综合英语（上）,E:\byrdocs-archive\metadata\0c14decd5a47b69bcaa5242dccc0f167.yml,0c14decd5a47b69bcaa5242dccc0f167.pdf,E:\byrdocs\0c14decd5a47b69bcaa5242dccc0f167.pdf,6691769,E:\byrdocs\0c14decd5a47b69bcaa5242dccc0f167.jpg,E:\byrdocs\0c14decd5a47b69bcaa5242dccc0f167.webp,,,https://byrdocs.org/files/0c14decd5a47b69bcaa5242dccc0f167.pdf
0c885db5e7a13f6ba77d1db8d613462f,ready,include_after_storage_upload,test,概率论与随机过程,E:\byrdocs-archive\metadata\0c885db5e7a13f6ba77d1db8d613462f.yml,0c885db5e7a13f6ba77d1db8d613462f.pdf,E:\byrdocs\0c885db5e7a13f6ba77d1db8d613462f.pdf,4265771,E:\byrdocs\0c885db5e7a13f6ba77d1db8d613462f.jpg,E:\byrdocs\0c885db5e7a13f6ba77d1db8d613462f.webp,,,https://byrdocs.org/files/0c885db5e7a13f6ba77d1db8d613462f.pdf
0cb116e913b266137e793daf60b3515a,ready,include_after_storage_upload,book,密码编码学与网络安全：原理与实践,E:\byrdocs-archive\metadata\0cb116e913b266137e793daf60b3515a.yml,0cb116e913b266137e793daf60b3515a.pdf,E:\byrdocs\0cb116e913b266137e793daf60b3515a.pdf,62511156,E:\byrdocs\0cb116e913b266137e793daf60b3515a.jpg,E:\byrdocs\0cb116e913b266137e793daf60b3515a.webp,,,https://byrdocs.org/files/0cb116e913b266137e793daf60b3515a.pdf
0cb44163b35dc9438f0dd3c6610e8a75,ready,include_after_storage_upload,book,Java 核心技术 卷I 基础知识（原书第10版）,E:\byrdocs-archive\metadata\0cb44163b35dc9438f0dd3c6610e8a75.yml,0cb44163b35dc9438f0dd3c6610e8a75.pdf,E:\byrdocs\0cb44163b35dc9438f0dd3c6610e8a75.pdf,169684082,E:\byrdocs\0cb44163b35dc9438f0dd3c6610e8a75.jpg,E:\byrdocs\0cb44163b35dc9438f0dd3c6610e8a75.webp,,,https://byrdocs.org/files/0cb44163b35dc9438f0dd3c6610e8a75.pdf
0cc89d10a05aab6a66002a87de26261e,ready,include_after_storage_upload,book,数值分析,E:\byrdocs-archive\metadata\0cc89d10a05aab6a66002a87de26261e.yml,0cc89d10a05aab6a66002a87de26261e.pdf,E:\byrdocs\0cc89d10a05aab6a66002a87de26261e.pdf,56028190,E:\byrdocs\0cc89d10a05aab6a66002a87de26261e.jpg,E:\byrdocs\0cc89d10a05aab6a66002a87de26261e.webp,,,https://byrdocs.org/files/0cc89d10a05aab6a66002a87de26261e.pdf
0d2d84b4fa1f933311bf575fe7ea9f4b,ready,include_after_storage_upload,test,电磁场与电磁波,E:\byrdocs-archive\metadata\0d2d84b4fa1f933311bf575fe7ea9f4b.yml,0d2d84b4fa1f933311bf575fe7ea9f4b.pdf,E:\byrdocs\0d2d84b4fa1f933311bf575fe7ea9f4b.pdf,798099,E:\byrdocs\0d2d84b4fa1f933311bf575fe7ea9f4b.jpg,E:\byrdocs\0d2d84b4fa1f933311bf575fe7ea9f4b.webp,,,https://byrdocs.org/files/0d2d84b4fa1f933311bf575fe7ea9f4b.pdf
0d3f8f6c537922dacec4ea5f5c2a9eec,ready,include_after_storage_upload,doc,运筹学题库,E:\byrdocs-archive\metadata\0d3f8f6c537922dacec4ea5f5c2a9eec.yml,0d3f8f6c537922dacec4ea5f5c2a9eec.pdf,E:\byrdocs\0d3f8f6c537922dacec4ea5f5c2a9eec.pdf,5036115,E:\byrdocs\0d3f8f6c537922dacec4ea5f5c2a9eec.jpg,E:\byrdocs\0d3f8f6c537922dacec4ea5f5c2a9eec.webp,,,https://byrdocs.org/files/0d3f8f6c537922dacec4ea5f5c2a9eec.pdf
0d66fac61560e69cc3ccb2a5ed644311,ready,include_after_storage_upload,book,数据结构与算法分析：C语言描述（原书第2版）,E:\byrdocs-archive\metadata\0d66fac61560e69cc3ccb2a5ed644311.yml,0d66fac61560e69cc3ccb2a5ed644311.pdf,E:\byrdocs\0d66fac61560e69cc3ccb2a5ed644311.pdf,10825900,E:\byrdocs\0d66fac61560e69cc3ccb2a5ed644311.jpg,E:\byrdocs\0d66fac61560e69cc3ccb2a5ed644311.webp,,,https://byrdocs.org/files/0d66fac61560e69cc3ccb2a5ed644311.pdf
0d696116eb3937a892c6bdffc6b6a203,ready,include_after_storage_upload,book,电子电路测量与设计实验,E:\byrdocs-archive\metadata\0d696116eb3937a892c6bdffc6b6a203.yml,0d696116eb3937a892c6bdffc6b6a203.pdf,E:\byrdocs\0d696116eb3937a892c6bdffc6b6a203.pdf,46993781,E:\byrdocs\0d696116eb3937a892c6bdffc6b6a203.jpg,E:\byrdocs\0d696116eb3937a892c6bdffc6b6a203.webp,,,https://byrdocs.org/files/0d696116eb3937a892c6bdffc6b6a203.pdf
0d6cd5ec1e59d000706c500d3974926a,ready,include_after_storage_upload,test,数学分析（下）,E:\byrdocs-archive\metadata\0d6cd5ec1e59d000706c500d3974926a.yml,0d6cd5ec1e59d000706c500d3974926a.pdf,E:\byrdocs\0d6cd5ec1e59d000706c500d3974926a.pdf,20756397,E:\byrdocs\0d6cd5ec1e59d000706c500d3974926a.jpg,E:\byrdocs\0d6cd5ec1e59d000706c500d3974926a.webp,,,https://byrdocs.org/files/0d6cd5ec1e59d000706c500d3974926a.pdf
0dcf7feb7a755a6e499824b8ecf057e3,ready,include_after_storage_upload,test,软件工程,E:\byrdocs-archive\metadata\0dcf7feb7a755a6e499824b8ecf057e3.yml,0dcf7feb7a755a6e499824b8ecf057e3.pdf,E:\byrdocs\0dcf7feb7a755a6e499824b8ecf057e3.pdf,504912,E:\byrdocs\0dcf7feb7a755a6e499824b8ecf057e3.jpg,E:\byrdocs\0dcf7feb7a755a6e499824b8ecf057e3.webp,,,https://byrdocs.org/files/0dcf7feb7a755a6e499824b8ecf057e3.pdf
0debeb2def23e8f92dac0f6f9bd28a17,ready,include_after_storage_upload,test,形式语言与自动机,E:\byrdocs-archive\metadata\0debeb2def23e8f92dac0f6f9bd28a17.yml,0debeb2def23e8f92dac0f6f9bd28a17.pdf,E:\byrdocs\0debeb2def23e8f92dac0f6f9bd28a17.pdf,1336371,E:\byrdocs\0debeb2def23e8f92dac0f6f9bd28a17.jpg,E:\byrdocs\0debeb2def23e8f92dac0f6f9bd28a17.webp,,,https://byrdocs.org/files/0debeb2def23e8f92dac0f6f9bd28a17.pdf
0e339b6b2ea3d1d603a2575655ef7fbe,ready,include_after_storage_upload,test,ASIC设计原理及应用,E:\byrdocs-archive\metadata\0e339b6b2ea3d1d603a2575655ef7fbe.yml,0e339b6b2ea3d1d603a2575655ef7fbe.pdf,E:\byrdocs\0e339b6b2ea3d1d603a2575655ef7fbe.pdf,1023842,E:\byrdocs\0e339b6b2ea3d1d603a2575655ef7fbe.jpg,E:\byrdocs\0e339b6b2ea3d1d603a2575655ef7fbe.webp,,,https://byrdocs.org/files/0e339b6b2ea3d1d603a2575655ef7fbe.pdf
0e3cdba49a2400c48f336483480e62e1,ready,include_after_storage_upload,test,线性代数,E:\byrdocs-archive\metadata\0e3cdba49a2400c48f336483480e62e1.yml,0e3cdba49a2400c48f336483480e62e1.pdf,E:\byrdocs\0e3cdba49a2400c48f336483480e62e1.pdf,155590,E:\byrdocs\0e3cdba49a2400c48f336483480e62e1.jpg,E:\byrdocs\0e3cdba49a2400c48f336483480e62e1.webp,,,https://byrdocs.org/files/0e3cdba49a2400c48f336483480e62e1.pdf
0e55d53d38ad1072d0ec7cf2d0374689,ready,include_after_storage_upload,test,习近平新时代中国特色社会主义思想概论,E:\byrdocs-archive\metadata\0e55d53d38ad1072d0ec7cf2d0374689.yml,0e55d53d38ad1072d0ec7cf2d0374689.pdf,E:\byrdocs\0e55d53d38ad1072d0ec7cf2d0374689.pdf,2005603,E:\byrdocs\0e55d53d38ad1072d0ec7cf2d0374689.jpg,E:\byrdocs\0e55d53d38ad1072d0ec7cf2d0374689.webp,,,https://byrdocs.org/files/0e55d53d38ad1072d0ec7cf2d0374689.pdf
0f113579a4dcbe2618208d4b94755844,ready,include_after_storage_upload,doc,大数据技术基础-鄂海红PPT,E:\byrdocs-archive\metadata\0f113579a4dcbe2618208d4b94755844.yml,0f113579a4dcbe2618208d4b94755844.zip,E:\byrdocs\0f113579a4dcbe2618208d4b94755844.zip,49494141,E:\byrdocs\0f113579a4dcbe2618208d4b94755844.jpg,E:\byrdocs\0f113579a4dcbe2618208d4b94755844.webp,,,https://byrdocs.org/files/0f113579a4dcbe2618208d4b94755844.zip
0f5a8e81ad0c2a7de6d4dde00289b9fa,ready,include_after_storage_upload,doc,大学学术英语视听说教程 下册 （第2版） Unit 1 TOP课件,E:\byrdocs-archive\metadata\0f5a8e81ad0c2a7de6d4dde00289b9fa.yml,0f5a8e81ad0c2a7de6d4dde00289b9fa.zip,E:\byrdocs\0f5a8e81ad0c2a7de6d4dde00289b9fa.zip,301454236,E:\byrdocs\0f5a8e81ad0c2a7de6d4dde00289b9fa.jpg,E:\byrdocs\0f5a8e81ad0c2a7de6d4dde00289b9fa.webp,,,https://byrdocs.org/files/0f5a8e81ad0c2a7de6d4dde00289b9fa.zip
0f7a5f382035b56b1f6014058e32ce0b,ready,include_after_storage_upload,test,形式语言与自动机,E:\byrdocs-archive\metadata\0f7a5f382035b56b1f6014058e32ce0b.yml,0f7a5f382035b56b1f6014058e32ce0b.pdf,E:\byrdocs\0f7a5f382035b56b1f6014058e32ce0b.pdf,157879,E:\byrdocs\0f7a5f382035b56b1f6014058e32ce0b.jpg,E:\byrdocs\0f7a5f382035b56b1f6014058e32ce0b.webp,,,https://byrdocs.org/files/0f7a5f382035b56b1f6014058e32ce0b.pdf
0fa70fb21fb3876d7901f65192551242,ready,include_after_storage_upload,test,电磁场与电磁波,E:\byrdocs-archive\metadata\0fa70fb21fb3876d7901f65192551242.yml,0fa70fb21fb3876d7901f65192551242.pdf,E:\byrdocs\0fa70fb21fb3876d7901f65192551242.pdf,473585,E:\byrdocs\0fa70fb21fb3876d7901f65192551242.jpg,E:\byrdocs\0fa70fb21fb3876d7901f65192551242.webp,,,https://byrdocs.org/files/0fa70fb21fb3876d7901f65192551242.pdf
0fbf89f624f8c693d1d6076f20b88653,ready,include_after_storage_upload,test,线性代数,E:\byrdocs-archive\metadata\0fbf89f624f8c693d1d6076f20b88653.yml,0fbf89f624f8c693d1d6076f20b88653.pdf,E:\byrdocs\0fbf89f624f8c693d1d6076f20b88653.pdf,3568741,E:\byrdocs\0fbf89f624f8c693d1d6076f20b88653.jpg,E:\byrdocs\0fbf89f624f8c693d1d6076f20b88653.webp,,,https://byrdocs.org/files/0fbf89f624f8c693d1d6076f20b88653.pdf
104df2f2da52bfa8a0fcc33f5d94290b,ready,include_after_storage_upload,doc,编译原理与技术 PPT,E:\byrdocs-archive\metadata\104df2f2da52bfa8a0fcc33f5d94290b.yml,104df2f2da52bfa8a0fcc33f5d94290b.zip,E:\byrdocs\104df2f2da52bfa8a0fcc33f5d94290b.zip,25604690,E:\byrdocs\104df2f2da52bfa8a0fcc33f5d94290b.jpg,E:\byrdocs\104df2f2da52bfa8a0fcc33f5d94290b.webp,,,https://byrdocs.org/files/104df2f2da52bfa8a0fcc33f5d94290b.zip
1078cb8cbec050ebf0853ccc3be026ca,ready,include_after_storage_upload,doc,计算机网络-高占春PPT,E:\byrdocs-archive\metadata\1078cb8cbec050ebf0853ccc3be026ca.yml,1078cb8cbec050ebf0853ccc3be026ca.zip,E:\byrdocs\1078cb8cbec050ebf0853ccc3be026ca.zip,42219711,E:\byrdocs\1078cb8cbec050ebf0853ccc3be026ca.jpg,E:\byrdocs\1078cb8cbec050ebf0853ccc3be026ca.webp,,,https://byrdocs.org/files/1078cb8cbec050ebf0853ccc3be026ca.zip
109450f617940d1c811bfc97c809452e,ready,include_after_storage_upload,test,随机信号分析,E:\byrdocs-archive\metadata\109450f617940d1c811bfc97c809452e.yml,109450f617940d1c811bfc97c809452e.pdf,E:\byrdocs\109450f617940d1c811bfc97c809452e.pdf,597445,E:\byrdocs\109450f617940d1c811bfc97c809452e.jpg,E:\byrdocs\109450f617940d1c811bfc97c809452e.webp,,,https://byrdocs.org/files/109450f617940d1c811bfc97c809452e.pdf
109a47d8a5337df365a3089c5dea5f80,ready,include_after_storage_upload,test,计算机网络,E:\byrdocs-archive\metadata\109a47d8a5337df365a3089c5dea5f80.yml,109a47d8a5337df365a3089c5dea5f80.pdf,E:\byrdocs\109a47d8a5337df365a3089c5dea5f80.pdf,820954,E:\byrdocs\109a47d8a5337df365a3089c5dea5f80.jpg,E:\byrdocs\109a47d8a5337df365a3089c5dea5f80.webp,,,https://byrdocs.org/files/109a47d8a5337df365a3089c5dea5f80.pdf
10f7c2334af86eaa381ea0a97a1282b6,ready,include_after_storage_upload,test,通信原理,E:\byrdocs-archive\metadata\10f7c2334af86eaa381ea0a97a1282b6.yml,10f7c2334af86eaa381ea0a97a1282b6.pdf,E:\byrdocs\10f7c2334af86eaa381ea0a97a1282b6.pdf,1377314,E:\byrdocs\10f7c2334af86eaa381ea0a97a1282b6.jpg,E:\byrdocs\10f7c2334af86eaa381ea0a97a1282b6.webp,,,https://byrdocs.org/files/10f7c2334af86eaa381ea0a97a1282b6.pdf
115bd5d725799ff8648b1145c3f5167b,ready,include_after_storage_upload,test,编译原理与技术,E:\byrdocs-archive\metadata\115bd5d725799ff8648b1145c3f5167b.yml,115bd5d725799ff8648b1145c3f5167b.pdf,E:\byrdocs\115bd5d725799ff8648b1145c3f5167b.pdf,97178,E:\byrdocs\115bd5d725799ff8648b1145c3f5167b.jpg,E:\byrdocs\115bd5d725799ff8648b1145c3f5167b.webp,,,https://byrdocs.org/files/115bd5d725799ff8648b1145c3f5167b.pdf
118f2d5bebf10f9adb3cf89614b0a47c,ready,include_after_storage_upload,doc,学解 考试宝典 大学（普通）物理,E:\byrdocs-archive\metadata\118f2d5bebf10f9adb3cf89614b0a47c.yml,118f2d5bebf10f9adb3cf89614b0a47c.pdf,E:\byrdocs\118f2d5bebf10f9adb3cf89614b0a47c.pdf,201318814,E:\byrdocs\118f2d5bebf10f9adb3cf89614b0a47c.jpg,E:\byrdocs\118f2d5bebf10f9adb3cf89614b0a47c.webp,,,https://byrdocs.org/files/118f2d5bebf10f9adb3cf89614b0a47c.pdf
11baa55135782bc04fb82d5723e93822,ready,include_after_storage_upload,test,全球胜任力英语II,E:\byrdocs-archive\metadata\11baa55135782bc04fb82d5723e93822.yml,11baa55135782bc04fb82d5723e93822.pdf,E:\byrdocs\11baa55135782bc04fb82d5723e93822.pdf,18268855,E:\byrdocs\11baa55135782bc04fb82d5723e93822.jpg,E:\byrdocs\11baa55135782bc04fb82d5723e93822.webp,,,https://byrdocs.org/files/11baa55135782bc04fb82d5723e93822.pdf
1259f81a71fc908e1975c0254a76285d,ready,include_after_storage_upload,test,形式语言与自动机,E:\byrdocs-archive\metadata\1259f81a71fc908e1975c0254a76285d.yml,1259f81a71fc908e1975c0254a76285d.pdf,E:\byrdocs\1259f81a71fc908e1975c0254a76285d.pdf,1317316,E:\byrdocs\1259f81a71fc908e1975c0254a76285d.jpg,E:\byrdocs\1259f81a71fc908e1975c0254a76285d.webp,,,https://byrdocs.org/files/1259f81a71fc908e1975c0254a76285d.pdf
12bec49abc8fa7762f1ecc9e143a0884,ready,include_after_storage_upload,book,Python编程案例教程,E:\byrdocs-archive\metadata\12bec49abc8fa7762f1ecc9e143a0884.yml,12bec49abc8fa7762f1ecc9e143a0884.pdf,E:\byrdocs\12bec49abc8fa7762f1ecc9e143a0884.pdf,38192181,E:\byrdocs\12bec49abc8fa7762f1ecc9e143a0884.jpg,E:\byrdocs\12bec49abc8fa7762f1ecc9e143a0884.webp,,,https://byrdocs.org/files/12bec49abc8fa7762f1ecc9e143a0884.pdf
130d471e1558ffe03f523396c18f3f42,ready,include_after_storage_upload,book,新概念物理教程 力学,E:\byrdocs-archive\metadata\130d471e1558ffe03f523396c18f3f42.yml,130d471e1558ffe03f523396c18f3f42.pdf,E:\byrdocs\130d471e1558ffe03f523396c18f3f42.pdf,83223237,E:\byrdocs\130d471e1558ffe03f523396c18f3f42.jpg,E:\byrdocs\130d471e1558ffe03f523396c18f3f42.webp,,,https://byrdocs.org/files/130d471e1558ffe03f523396c18f3f42.pdf
1362ba8173ccc20cb8c4477075f15933,ready,include_after_storage_upload,book,经济学原理 第7版 宏观经济学分册,E:\byrdocs-archive\metadata\1362ba8173ccc20cb8c4477075f15933.yml,1362ba8173ccc20cb8c4477075f15933.pdf,E:\byrdocs\1362ba8173ccc20cb8c4477075f15933.pdf,90782459,E:\byrdocs\1362ba8173ccc20cb8c4477075f15933.jpg,E:\byrdocs\1362ba8173ccc20cb8c4477075f15933.webp,,,https://byrdocs.org/files/1362ba8173ccc20cb8c4477075f15933.pdf
139f4820751597cd1940eea2b67f1dfd,ready,include_after_storage_upload,book,大学生数学竞赛教程,E:\byrdocs-archive\metadata\139f4820751597cd1940eea2b67f1dfd.yml,139f4820751597cd1940eea2b67f1dfd.pdf,E:\byrdocs\139f4820751597cd1940eea2b67f1dfd.pdf,27195793,E:\byrdocs\139f4820751597cd1940eea2b67f1dfd.jpg,E:\byrdocs\139f4820751597cd1940eea2b67f1dfd.webp,,,https://byrdocs.org/files/139f4820751597cd1940eea2b67f1dfd.pdf
13bc49e2bdacee8f6079d3df0c3cf8b4,ready,include_after_storage_upload,test,随机信号分析与处理,E:\byrdocs-archive\metadata\13bc49e2bdacee8f6079d3df0c3cf8b4.yml,13bc49e2bdacee8f6079d3df0c3cf8b4.pdf,E:\byrdocs\13bc49e2bdacee8f6079d3df0c3cf8b4.pdf,888370,E:\byrdocs\13bc49e2bdacee8f6079d3df0c3cf8b4.jpg,E:\byrdocs\13bc49e2bdacee8f6079d3df0c3cf8b4.webp,,,https://byrdocs.org/files/13bc49e2bdacee8f6079d3df0c3cf8b4.pdf
13f647b47f1e40e4b3c35294cbc1386e,ready,include_after_storage_upload,book,Fundamentals of Computer Graphics,E:\byrdocs-archive\metadata\13f647b47f1e40e4b3c35294cbc1386e.yml,13f647b47f1e40e4b3c35294cbc1386e.pdf,E:\byrdocs\13f647b47f1e40e4b3c35294cbc1386e.pdf,84651562,E:\byrdocs\13f647b47f1e40e4b3c35294cbc1386e.jpg,E:\byrdocs\13f647b47f1e40e4b3c35294cbc1386e.webp,,,https://byrdocs.org/files/13f647b47f1e40e4b3c35294cbc1386e.pdf
14e65d6dd48de095c4c472a155d1f5a0,ready,include_after_storage_upload,test,工程数学,E:\byrdocs-archive\metadata\14e65d6dd48de095c4c472a155d1f5a0.yml,14e65d6dd48de095c4c472a155d1f5a0.pdf,E:\byrdocs\14e65d6dd48de095c4c472a155d1f5a0.pdf,334626,E:\byrdocs\14e65d6dd48de095c4c472a155d1f5a0.jpg,E:\byrdocs\14e65d6dd48de095c4c472a155d1f5a0.webp,,,https://byrdocs.org/files/14e65d6dd48de095c4c472a155d1f5a0.pdf
154a930358251fe7bf774dd194bd9a00,ready,include_after_storage_upload,test,概率论与数理统计,E:\byrdocs-archive\metadata\154a930358251fe7bf774dd194bd9a00.yml,154a930358251fe7bf774dd194bd9a00.pdf,E:\byrdocs\154a930358251fe7bf774dd194bd9a00.pdf,1034837,E:\byrdocs\154a930358251fe7bf774dd194bd9a00.jpg,E:\byrdocs\154a930358251fe7bf774dd194bd9a00.webp,,,https://byrdocs.org/files/154a930358251fe7bf774dd194bd9a00.pdf
154ad6f454f01cb7e701b348fb88c940,ready,include_after_storage_upload,test,离散数学,E:\byrdocs-archive\metadata\154ad6f454f01cb7e701b348fb88c940.yml,154ad6f454f01cb7e701b348fb88c940.pdf,E:\byrdocs\154ad6f454f01cb7e701b348fb88c940.pdf,428863,E:\byrdocs\154ad6f454f01cb7e701b348fb88c940.jpg,E:\byrdocs\154ad6f454f01cb7e701b348fb88c940.webp,,,https://byrdocs.org/files/154ad6f454f01cb7e701b348fb88c940.pdf
165ecff0d4eb341deab6ef40dda51c92,ready,include_after_storage_upload,book,矩阵分析（英文版·第2版）,E:\byrdocs-archive\metadata\165ecff0d4eb341deab6ef40dda51c92.yml,165ecff0d4eb341deab6ef40dda51c92.pdf,E:\byrdocs\165ecff0d4eb341deab6ef40dda51c92.pdf,5144705,E:\byrdocs\165ecff0d4eb341deab6ef40dda51c92.jpg,E:\byrdocs\165ecff0d4eb341deab6ef40dda51c92.webp,,,https://byrdocs.org/files/165ecff0d4eb341deab6ef40dda51c92.pdf
170510574bf80c00e7a7e51f120153f0,ready,include_after_storage_upload,test,图论及其应用,E:\byrdocs-archive\metadata\170510574bf80c00e7a7e51f120153f0.yml,170510574bf80c00e7a7e51f120153f0.pdf,E:\byrdocs\170510574bf80c00e7a7e51f120153f0.pdf,582112,E:\byrdocs\170510574bf80c00e7a7e51f120153f0.jpg,E:\byrdocs\170510574bf80c00e7a7e51f120153f0.webp,,,https://byrdocs.org/files/170510574bf80c00e7a7e51f120153f0.pdf
174079d8773fb68a2576d7baf0ba7ec0,ready,include_after_storage_upload,doc,软件工程复习文档,E:\byrdocs-archive\metadata\174079d8773fb68a2576d7baf0ba7ec0.yml,174079d8773fb68a2576d7baf0ba7ec0.zip,E:\byrdocs\174079d8773fb68a2576d7baf0ba7ec0.zip,4044478,E:\byrdocs\174079d8773fb68a2576d7baf0ba7ec0.jpg,E:\byrdocs\174079d8773fb68a2576d7baf0ba7ec0.webp,,,https://byrdocs.org/files/174079d8773fb68a2576d7baf0ba7ec0.zip
1770d21fd4b201904c70fd09217e0205,ready,include_after_storage_upload,book,大学物理学 力学、热学,E:\byrdocs-archive\metadata\1770d21fd4b201904c70fd09217e0205.yml,1770d21fd4b201904c70fd09217e0205.pdf,E:\byrdocs\1770d21fd4b201904c70fd09217e0205.pdf,60506173,E:\byrdocs\1770d21fd4b201904c70fd09217e0205.jpg,E:\byrdocs\1770d21fd4b201904c70fd09217e0205.webp,,,https://byrdocs.org/files/1770d21fd4b201904c70fd09217e0205.pdf
17e233fb166b48dc86965f11424db8c0,ready,include_after_storage_upload,test,人工智能引论B,E:\byrdocs-archive\metadata\17e233fb166b48dc86965f11424db8c0.yml,17e233fb166b48dc86965f11424db8c0.pdf,E:\byrdocs\17e233fb166b48dc86965f11424db8c0.pdf,1718849,E:\byrdocs\17e233fb166b48dc86965f11424db8c0.jpg,E:\byrdocs\17e233fb166b48dc86965f11424db8c0.webp,,,https://byrdocs.org/files/17e233fb166b48dc86965f11424db8c0.pdf
181382952f766888214de441eb889ea9,ready,include_after_storage_upload,book,数学模型（第四版）习题参考解答,E:\byrdocs-archive\metadata\181382952f766888214de441eb889ea9.yml,181382952f766888214de441eb889ea9.pdf,E:\byrdocs\181382952f766888214de441eb889ea9.pdf,11986971,E:\byrdocs\181382952f766888214de441eb889ea9.jpg,E:\byrdocs\181382952f766888214de441eb889ea9.webp,,,https://byrdocs.org/files/181382952f766888214de441eb889ea9.pdf
182b073e555284e0d7e245bcd2875719,ready,include_after_storage_upload,book,半导体物理学,E:\byrdocs-archive\metadata\182b073e555284e0d7e245bcd2875719.yml,182b073e555284e0d7e245bcd2875719.pdf,E:\byrdocs\182b073e555284e0d7e245bcd2875719.pdf,86346000,E:\byrdocs\182b073e555284e0d7e245bcd2875719.jpg,E:\byrdocs\182b073e555284e0d7e245bcd2875719.webp,,,https://byrdocs.org/files/182b073e555284e0d7e245bcd2875719.pdf
1845f6e3009e3db04bb9f3cbbc2b0713,ready,include_after_storage_upload,book,机器学习,E:\byrdocs-archive\metadata\1845f6e3009e3db04bb9f3cbbc2b0713.yml,1845f6e3009e3db04bb9f3cbbc2b0713.pdf,E:\byrdocs\1845f6e3009e3db04bb9f3cbbc2b0713.pdf,85104211,E:\byrdocs\1845f6e3009e3db04bb9f3cbbc2b0713.jpg,E:\byrdocs\1845f6e3009e3db04bb9f3cbbc2b0713.webp,,,https://byrdocs.org/files/1845f6e3009e3db04bb9f3cbbc2b0713.pdf
189952a85656a0b6f7b0d02c1a3d1c55,ready,include_after_storage_upload,book,电磁场与电磁波,E:\byrdocs-archive\metadata\189952a85656a0b6f7b0d02c1a3d1c55.yml,189952a85656a0b6f7b0d02c1a3d1c55.pdf,E:\byrdocs\189952a85656a0b6f7b0d02c1a3d1c55.pdf,50514485,E:\byrdocs\189952a85656a0b6f7b0d02c1a3d1c55.jpg,E:\byrdocs\189952a85656a0b6f7b0d02c1a3d1c55.webp,,,https://byrdocs.org/files/189952a85656a0b6f7b0d02c1a3d1c55.pdf
18b392d7e9d8b8d2a33a23c9662b4d55,ready,include_after_storage_upload,book,数学物理方法学习指导,E:\byrdocs-archive\metadata\18b392d7e9d8b8d2a33a23c9662b4d55.yml,18b392d7e9d8b8d2a33a23c9662b4d55.pdf,E:\byrdocs\18b392d7e9d8b8d2a33a23c9662b4d55.pdf,38127902,E:\byrdocs\18b392d7e9d8b8d2a33a23c9662b4d55.jpg,E:\byrdocs\18b392d7e9d8b8d2a33a23c9662b4d55.webp,,,https://byrdocs.org/files/18b392d7e9d8b8d2a33a23c9662b4d55.pdf
18c7de65abc52ac975562e1835f8755a,ready,include_after_storage_upload,book,编译原理与技术（第2版）学习指导与习题解析,E:\byrdocs-archive\metadata\18c7de65abc52ac975562e1835f8755a.yml,18c7de65abc52ac975562e1835f8755a.pdf,E:\byrdocs\18c7de65abc52ac975562e1835f8755a.pdf,75730269,E:\byrdocs\18c7de65abc52ac975562e1835f8755a.jpg,E:\byrdocs\18c7de65abc52ac975562e1835f8755a.webp,,,https://byrdocs.org/files/18c7de65abc52ac975562e1835f8755a.pdf
18f8c5aeb9b911dfa9f0ddbe12e29fe7,ready,include_after_storage_upload,test,大学物理（上）,E:\byrdocs-archive\metadata\18f8c5aeb9b911dfa9f0ddbe12e29fe7.yml,18f8c5aeb9b911dfa9f0ddbe12e29fe7.pdf,E:\byrdocs\18f8c5aeb9b911dfa9f0ddbe12e29fe7.pdf,424670,E:\byrdocs\18f8c5aeb9b911dfa9f0ddbe12e29fe7.jpg,E:\byrdocs\18f8c5aeb9b911dfa9f0ddbe12e29fe7.webp,,,https://byrdocs.org/files/18f8c5aeb9b911dfa9f0ddbe12e29fe7.pdf
18fa7bab515f1bc500245258312827b0,ready,include_after_storage_upload,test,概率论与数理统计,E:\byrdocs-archive\metadata\18fa7bab515f1bc500245258312827b0.yml,18fa7bab515f1bc500245258312827b0.pdf,E:\byrdocs\18fa7bab515f1bc500245258312827b0.pdf,589138,E:\byrdocs\18fa7bab515f1bc500245258312827b0.jpg,E:\byrdocs\18fa7bab515f1bc500245258312827b0.webp,,,https://byrdocs.org/files/18fa7bab515f1bc500245258312827b0.pdf
19079d7a68f933480b2077975d98aac9,ready,include_after_storage_upload,test,全球胜任力英语I,E:\byrdocs-archive\metadata\19079d7a68f933480b2077975d98aac9.yml,19079d7a68f933480b2077975d98aac9.pdf,E:\byrdocs\19079d7a68f933480b2077975d98aac9.pdf,14298937,E:\byrdocs\19079d7a68f933480b2077975d98aac9.jpg,E:\byrdocs\19079d7a68f933480b2077975d98aac9.webp,,,https://byrdocs.org/files/19079d7a68f933480b2077975d98aac9.pdf
1977a0d5d0850d0f23c64165c31bff77,ready,include_after_storage_upload,book,线性代数及其应用（原书第3版）,E:\byrdocs-archive\metadata\1977a0d5d0850d0f23c64165c31bff77.yml,1977a0d5d0850d0f23c64165c31bff77.pdf,E:\byrdocs\1977a0d5d0850d0f23c64165c31bff77.pdf,8936289,E:\byrdocs\1977a0d5d0850d0f23c64165c31bff77.jpg,E:\byrdocs\1977a0d5d0850d0f23c64165c31bff77.webp,,,https://byrdocs.org/files/1977a0d5d0850d0f23c64165c31bff77.pdf
1990789686fa1463f09d2fb230d4301c,ready,include_after_storage_upload,book,Computer Networks,E:\byrdocs-archive\metadata\1990789686fa1463f09d2fb230d4301c.yml,1990789686fa1463f09d2fb230d4301c.pdf,E:\byrdocs\1990789686fa1463f09d2fb230d4301c.pdf,8454231,E:\byrdocs\1990789686fa1463f09d2fb230d4301c.jpg,E:\byrdocs\1990789686fa1463f09d2fb230d4301c.webp,,,https://byrdocs.org/files/1990789686fa1463f09d2fb230d4301c.pdf
199445aa784868122fb810f5a5e6a4e0,ready,include_after_storage_upload,test,高等数学（下）,E:\byrdocs-archive\metadata\199445aa784868122fb810f5a5e6a4e0.yml,199445aa784868122fb810f5a5e6a4e0.pdf,E:\byrdocs\199445aa784868122fb810f5a5e6a4e0.pdf,33584,E:\byrdocs\199445aa784868122fb810f5a5e6a4e0.jpg,E:\byrdocs\199445aa784868122fb810f5a5e6a4e0.webp,,,https://byrdocs.org/files/199445aa784868122fb810f5a5e6a4e0.pdf
19b833b8934f45fccee0c8f1c3c1abe0,ready,include_after_storage_upload,doc,期末复习,E:\byrdocs-archive\metadata\19b833b8934f45fccee0c8f1c3c1abe0.yml,19b833b8934f45fccee0c8f1c3c1abe0.pdf,E:\byrdocs\19b833b8934f45fccee0c8f1c3c1abe0.pdf,1353271,E:\byrdocs\19b833b8934f45fccee0c8f1c3c1abe0.jpg,E:\byrdocs\19b833b8934f45fccee0c8f1c3c1abe0.webp,,,https://byrdocs.org/files/19b833b8934f45fccee0c8f1c3c1abe0.pdf
19c62889818475e500bdc97e861bfc6b,ready,include_after_storage_upload,test,操作系统,E:\byrdocs-archive\metadata\19c62889818475e500bdc97e861bfc6b.yml,19c62889818475e500bdc97e861bfc6b.pdf,E:\byrdocs\19c62889818475e500bdc97e861bfc6b.pdf,1624476,E:\byrdocs\19c62889818475e500bdc97e861bfc6b.jpg,E:\byrdocs\19c62889818475e500bdc97e861bfc6b.webp,,,https://byrdocs.org/files/19c62889818475e500bdc97e861bfc6b.pdf
19c8a76483ed87fc83773dcf6ef828f9,ready,include_after_storage_upload,test,软件工程,E:\byrdocs-archive\metadata\19c8a76483ed87fc83773dcf6ef828f9.yml,19c8a76483ed87fc83773dcf6ef828f9.pdf,E:\byrdocs\19c8a76483ed87fc83773dcf6ef828f9.pdf,3759501,E:\byrdocs\19c8a76483ed87fc83773dcf6ef828f9.jpg,E:\byrdocs\19c8a76483ed87fc83773dcf6ef828f9.webp,,,https://byrdocs.org/files/19c8a76483ed87fc83773dcf6ef828f9.pdf
1a92aa990fbabba6006fee5c68f1bcdb,ready,include_after_storage_upload,test,英语听说2,E:\byrdocs-archive\metadata\1a92aa990fbabba6006fee5c68f1bcdb.yml,1a92aa990fbabba6006fee5c68f1bcdb.pdf,E:\byrdocs\1a92aa990fbabba6006fee5c68f1bcdb.pdf,2646545,E:\byrdocs\1a92aa990fbabba6006fee5c68f1bcdb.jpg,E:\byrdocs\1a92aa990fbabba6006fee5c68f1bcdb.webp,,,https://byrdocs.org/files/1a92aa990fbabba6006fee5c68f1bcdb.pdf
1ab766b920293f29c6f1cb9913316d3b,ready,include_after_storage_upload,book,MATLAB在信号与系统中的应用,E:\byrdocs-archive\metadata\1ab766b920293f29c6f1cb9913316d3b.yml,1ab766b920293f29c6f1cb9913316d3b.pdf,E:\byrdocs\1ab766b920293f29c6f1cb9913316d3b.pdf,52070851,E:\byrdocs\1ab766b920293f29c6f1cb9913316d3b.jpg,E:\byrdocs\1ab766b920293f29c6f1cb9913316d3b.webp,,,https://byrdocs.org/files/1ab766b920293f29c6f1cb9913316d3b.pdf
1af8dcccf2c8b4255f1a86d4e691ae29,ready,include_after_storage_upload,book,全新版大学高阶英语 综合教程 学生用书 3,E:\byrdocs-archive\metadata\1af8dcccf2c8b4255f1a86d4e691ae29.yml,1af8dcccf2c8b4255f1a86d4e691ae29.pdf,E:\byrdocs\1af8dcccf2c8b4255f1a86d4e691ae29.pdf,70182236,E:\byrdocs\1af8dcccf2c8b4255f1a86d4e691ae29.jpg,E:\byrdocs\1af8dcccf2c8b4255f1a86d4e691ae29.webp,,,https://byrdocs.org/files/1af8dcccf2c8b4255f1a86d4e691ae29.pdf
1b24f467f8aec8ce5dfa02cb8dabc898,ready,include_after_storage_upload,test,离散数学,E:\byrdocs-archive\metadata\1b24f467f8aec8ce5dfa02cb8dabc898.yml,1b24f467f8aec8ce5dfa02cb8dabc898.pdf,E:\byrdocs\1b24f467f8aec8ce5dfa02cb8dabc898.pdf,339040,E:\byrdocs\1b24f467f8aec8ce5dfa02cb8dabc898.jpg,E:\byrdocs\1b24f467f8aec8ce5dfa02cb8dabc898.webp,,,https://byrdocs.org/files/1b24f467f8aec8ce5dfa02cb8dabc898.pdf
1b39911695b9ce113fed531f8cb21c60,ready,include_after_storage_upload,doc,计算机原理与应用作业参考答案,E:\byrdocs-archive\metadata\1b39911695b9ce113fed531f8cb21c60.yml,1b39911695b9ce113fed531f8cb21c60.pdf,E:\byrdocs\1b39911695b9ce113fed531f8cb21c60.pdf,2363492,E:\byrdocs\1b39911695b9ce113fed531f8cb21c60.jpg,E:\byrdocs\1b39911695b9ce113fed531f8cb21c60.webp,,,https://byrdocs.org/files/1b39911695b9ce113fed531f8cb21c60.pdf
1bf085886430714753c7eef70b686067,ready,include_after_storage_upload,test,形式语言与自动机,E:\byrdocs-archive\metadata\1bf085886430714753c7eef70b686067.yml,1bf085886430714753c7eef70b686067.pdf,E:\byrdocs\1bf085886430714753c7eef70b686067.pdf,157289,E:\byrdocs\1bf085886430714753c7eef70b686067.jpg,E:\byrdocs\1bf085886430714753c7eef70b686067.webp,,,https://byrdocs.org/files/1bf085886430714753c7eef70b686067.pdf
1c1513e1df7d00d032dcef8b7e90c6bf,ready,include_after_storage_upload,test,高等数学A（下）,E:\byrdocs-archive\metadata\1c1513e1df7d00d032dcef8b7e90c6bf.yml,1c1513e1df7d00d032dcef8b7e90c6bf.pdf,E:\byrdocs\1c1513e1df7d00d032dcef8b7e90c6bf.pdf,343842,E:\byrdocs\1c1513e1df7d00d032dcef8b7e90c6bf.jpg,E:\byrdocs\1c1513e1df7d00d032dcef8b7e90c6bf.webp,,,https://byrdocs.org/files/1c1513e1df7d00d032dcef8b7e90c6bf.pdf
1c17853b66a668f1762a185296be88b0,ready,include_after_storage_upload,book,信号与系统,E:\byrdocs-archive\metadata\1c17853b66a668f1762a185296be88b0.yml,1c17853b66a668f1762a185296be88b0.pdf,E:\byrdocs\1c17853b66a668f1762a185296be88b0.pdf,84064223,E:\byrdocs\1c17853b66a668f1762a185296be88b0.jpg,E:\byrdocs\1c17853b66a668f1762a185296be88b0.webp,,,https://byrdocs.org/files/1c17853b66a668f1762a185296be88b0.pdf
1c3d7f68adab058635b158c4595b165c,ready,include_after_storage_upload,doc,马原思维导图,E:\byrdocs-archive\metadata\1c3d7f68adab058635b158c4595b165c.yml,1c3d7f68adab058635b158c4595b165c.pdf,E:\byrdocs\1c3d7f68adab058635b158c4595b165c.pdf,814664,E:\byrdocs\1c3d7f68adab058635b158c4595b165c.jpg,E:\byrdocs\1c3d7f68adab058635b158c4595b165c.webp,,,https://byrdocs.org/files/1c3d7f68adab058635b158c4595b165c.pdf
1c7cbf5709144b13839764b7b4cb398f,ready,include_after_storage_upload,test,形式语言与自动机,E:\byrdocs-archive\metadata\1c7cbf5709144b13839764b7b4cb398f.yml,1c7cbf5709144b13839764b7b4cb398f.pdf,E:\byrdocs\1c7cbf5709144b13839764b7b4cb398f.pdf,165976,E:\byrdocs\1c7cbf5709144b13839764b7b4cb398f.jpg,E:\byrdocs\1c7cbf5709144b13839764b7b4cb398f.webp,,,https://byrdocs.org/files/1c7cbf5709144b13839764b7b4cb398f.pdf
1cc9c2db6e33175965a31fd7ba1f59c8,ready,include_after_storage_upload,book,现代通信技术,E:\byrdocs-archive\metadata\1cc9c2db6e33175965a31fd7ba1f59c8.yml,1cc9c2db6e33175965a31fd7ba1f59c8.pdf,E:\byrdocs\1cc9c2db6e33175965a31fd7ba1f59c8.pdf,30949735,E:\byrdocs\1cc9c2db6e33175965a31fd7ba1f59c8.jpg,E:\byrdocs\1cc9c2db6e33175965a31fd7ba1f59c8.webp,,,https://byrdocs.org/files/1cc9c2db6e33175965a31fd7ba1f59c8.pdf
1cf3edd5beb8031c4a7ccf092dee91d2,ready,include_after_storage_upload,test,电路与电子学基础,E:\byrdocs-archive\metadata\1cf3edd5beb8031c4a7ccf092dee91d2.yml,1cf3edd5beb8031c4a7ccf092dee91d2.pdf,E:\byrdocs\1cf3edd5beb8031c4a7ccf092dee91d2.pdf,517391,E:\byrdocs\1cf3edd5beb8031c4a7ccf092dee91d2.jpg,E:\byrdocs\1cf3edd5beb8031c4a7ccf092dee91d2.webp,,,https://byrdocs.org/files/1cf3edd5beb8031c4a7ccf092dee91d2.pdf
1d3f6e3384910cedfa622e5c78a8265c,ready,include_after_storage_upload,test,编译原理与技术,E:\byrdocs-archive\metadata\1d3f6e3384910cedfa622e5c78a8265c.yml,1d3f6e3384910cedfa622e5c78a8265c.pdf,E:\byrdocs\1d3f6e3384910cedfa622e5c78a8265c.pdf,332328,E:\byrdocs\1d3f6e3384910cedfa622e5c78a8265c.jpg,E:\byrdocs\1d3f6e3384910cedfa622e5c78a8265c.webp,,,https://byrdocs.org/files/1d3f6e3384910cedfa622e5c78a8265c.pdf
1d43f7e79f9cb4c80bd9d4877871d48b,ready,include_after_storage_upload,book,通信电子电路：微课版,E:\byrdocs-archive\metadata\1d43f7e79f9cb4c80bd9d4877871d48b.yml,1d43f7e79f9cb4c80bd9d4877871d48b.pdf,E:\byrdocs\1d43f7e79f9cb4c80bd9d4877871d48b.pdf,161608036,E:\byrdocs\1d43f7e79f9cb4c80bd9d4877871d48b.jpg,E:\byrdocs\1d43f7e79f9cb4c80bd9d4877871d48b.webp,,,https://byrdocs.org/files/1d43f7e79f9cb4c80bd9d4877871d48b.pdf
1d81f9c30b9d5013d8e5d6beb4d74ef4,ready,include_after_storage_upload,doc,积分精选,E:\byrdocs-archive\metadata\1d81f9c30b9d5013d8e5d6beb4d74ef4.yml,1d81f9c30b9d5013d8e5d6beb4d74ef4.pdf,E:\byrdocs\1d81f9c30b9d5013d8e5d6beb4d74ef4.pdf,32737104,E:\byrdocs\1d81f9c30b9d5013d8e5d6beb4d74ef4.jpg,E:\byrdocs\1d81f9c30b9d5013d8e5d6beb4d74ef4.webp,,,https://byrdocs.org/files/1d81f9c30b9d5013d8e5d6beb4d74ef4.pdf
1d873cf9df048cfe5d49827f75c74196,ready,include_after_storage_upload,test,通信原理,E:\byrdocs-archive\metadata\1d873cf9df048cfe5d49827f75c74196.yml,1d873cf9df048cfe5d49827f75c74196.pdf,E:\byrdocs\1d873cf9df048cfe5d49827f75c74196.pdf,598738,E:\byrdocs\1d873cf9df048cfe5d49827f75c74196.jpg,E:\byrdocs\1d873cf9df048cfe5d49827f75c74196.webp,,,https://byrdocs.org/files/1d873cf9df048cfe5d49827f75c74196.pdf
1da4c418f28a704a367a2166233dd285,ready,include_after_storage_upload,test,算法设计与分析,E:\byrdocs-archive\metadata\1da4c418f28a704a367a2166233dd285.yml,1da4c418f28a704a367a2166233dd285.pdf,E:\byrdocs\1da4c418f28a704a367a2166233dd285.pdf,298760,E:\byrdocs\1da4c418f28a704a367a2166233dd285.jpg,E:\byrdocs\1da4c418f28a704a367a2166233dd285.webp,,,https://byrdocs.org/files/1da4c418f28a704a367a2166233dd285.pdf
1da9bf0464c32c556616367b6c972f65,ready,include_after_storage_upload,test,计算机系统结构,E:\byrdocs-archive\metadata\1da9bf0464c32c556616367b6c972f65.yml,1da9bf0464c32c556616367b6c972f65.pdf,E:\byrdocs\1da9bf0464c32c556616367b6c972f65.pdf,1945569,E:\byrdocs\1da9bf0464c32c556616367b6c972f65.jpg,E:\byrdocs\1da9bf0464c32c556616367b6c972f65.webp,,,https://byrdocs.org/files/1da9bf0464c32c556616367b6c972f65.pdf
1df16655ff72f820ce3621b27cce5791,ready,include_after_storage_upload,book,算法笔记,E:\byrdocs-archive\metadata\1df16655ff72f820ce3621b27cce5791.yml,1df16655ff72f820ce3621b27cce5791.pdf,E:\byrdocs\1df16655ff72f820ce3621b27cce5791.pdf,135417902,E:\byrdocs\1df16655ff72f820ce3621b27cce5791.jpg,E:\byrdocs\1df16655ff72f820ce3621b27cce5791.webp,,,https://byrdocs.org/files/1df16655ff72f820ce3621b27cce5791.pdf
1e72dcce1a6e2563f317bb09c10438f5,ready,include_after_storage_upload,book,数字逻辑,E:\byrdocs-archive\metadata\1e72dcce1a6e2563f317bb09c10438f5.yml,1e72dcce1a6e2563f317bb09c10438f5.pdf,E:\byrdocs\1e72dcce1a6e2563f317bb09c10438f5.pdf,94802258,E:\byrdocs\1e72dcce1a6e2563f317bb09c10438f5.jpg,E:\byrdocs\1e72dcce1a6e2563f317bb09c10438f5.webp,,,https://byrdocs.org/files/1e72dcce1a6e2563f317bb09c10438f5.pdf
1ed4abdf0ae528182b4c2d4ce8e37b43,ready,include_after_storage_upload,book,编译原理与技术,E:\byrdocs-archive\metadata\1ed4abdf0ae528182b4c2d4ce8e37b43.yml,1ed4abdf0ae528182b4c2d4ce8e37b43.pdf,E:\byrdocs\1ed4abdf0ae528182b4c2d4ce8e37b43.pdf,91092730,E:\byrdocs\1ed4abdf0ae528182b4c2d4ce8e37b43.jpg,E:\byrdocs\1ed4abdf0ae528182b4c2d4ce8e37b43.webp,,,https://byrdocs.org/files/1ed4abdf0ae528182b4c2d4ce8e37b43.pdf
1ee8d03b91962aeed0897d766857830a,ready,include_after_storage_upload,book,计算机操作系统：慕课版,E:\byrdocs-archive\metadata\1ee8d03b91962aeed0897d766857830a.yml,1ee8d03b91962aeed0897d766857830a.pdf,E:\byrdocs\1ee8d03b91962aeed0897d766857830a.pdf,28246386,E:\byrdocs\1ee8d03b91962aeed0897d766857830a.jpg,E:\byrdocs\1ee8d03b91962aeed0897d766857830a.webp,,,https://byrdocs.org/files/1ee8d03b91962aeed0897d766857830a.pdf
1f3cd1092851a0de39adbb2dd5aef73a,ready,include_after_storage_upload,test,数据结构,E:\byrdocs-archive\metadata\1f3cd1092851a0de39adbb2dd5aef73a.yml,1f3cd1092851a0de39adbb2dd5aef73a.pdf,E:\byrdocs\1f3cd1092851a0de39adbb2dd5aef73a.pdf,750125,E:\byrdocs\1f3cd1092851a0de39adbb2dd5aef73a.jpg,E:\byrdocs\1f3cd1092851a0de39adbb2dd5aef73a.webp,,,https://byrdocs.org/files/1f3cd1092851a0de39adbb2dd5aef73a.pdf
1f57c0f2d695233304d68515c0c2e0ba,ready,include_after_storage_upload,test,电子电路基础,E:\byrdocs-archive\metadata\1f57c0f2d695233304d68515c0c2e0ba.yml,1f57c0f2d695233304d68515c0c2e0ba.pdf,E:\byrdocs\1f57c0f2d695233304d68515c0c2e0ba.pdf,968885,E:\byrdocs\1f57c0f2d695233304d68515c0c2e0ba.jpg,E:\byrdocs\1f57c0f2d695233304d68515c0c2e0ba.webp,,,https://byrdocs.org/files/1f57c0f2d695233304d68515c0c2e0ba.pdf
1f799fb0a7cf62a1c80bde156bf5b577,ready,include_after_storage_upload,book,图解密码技术,E:\byrdocs-archive\metadata\1f799fb0a7cf62a1c80bde156bf5b577.yml,1f799fb0a7cf62a1c80bde156bf5b577.pdf,E:\byrdocs\1f799fb0a7cf62a1c80bde156bf5b577.pdf,99607735,E:\byrdocs\1f799fb0a7cf62a1c80bde156bf5b577.jpg,E:\byrdocs\1f799fb0a7cf62a1c80bde156bf5b577.webp,,,https://byrdocs.org/files/1f799fb0a7cf62a1c80bde156bf5b577.pdf
1fafcd64ba68c141eaa693b6f5d6e873,ready,include_after_storage_upload,book,复杂系统与复杂网络,E:\byrdocs-archive\metadata\1fafcd64ba68c141eaa693b6f5d6e873.yml,1fafcd64ba68c141eaa693b6f5d6e873.pdf,E:\byrdocs\1fafcd64ba68c141eaa693b6f5d6e873.pdf,75741735,E:\byrdocs\1fafcd64ba68c141eaa693b6f5d6e873.jpg,E:\byrdocs\1fafcd64ba68c141eaa693b6f5d6e873.webp,,,https://byrdocs.org/files/1fafcd64ba68c141eaa693b6f5d6e873.pdf
1fd60b1d44154f14c18874521f5778d1,ready,include_after_storage_upload,test,计算机网络,E:\byrdocs-archive\metadata\1fd60b1d44154f14c18874521f5778d1.yml,1fd60b1d44154f14c18874521f5778d1.pdf,E:\byrdocs\1fd60b1d44154f14c18874521f5778d1.pdf,1774611,E:\byrdocs\1fd60b1d44154f14c18874521f5778d1.jpg,E:\byrdocs\1fd60b1d44154f14c18874521f5778d1.webp,,,https://byrdocs.org/files/1fd60b1d44154f14c18874521f5778d1.pdf
201739d721019cdd7759ed4b97b4607e,ready,include_after_storage_upload,test,电磁场与电磁波,E:\byrdocs-archive\metadata\201739d721019cdd7759ed4b97b4607e.yml,201739d721019cdd7759ed4b97b4607e.pdf,E:\byrdocs\201739d721019cdd7759ed4b97b4607e.pdf,337448,E:\byrdocs\201739d721019cdd7759ed4b97b4607e.jpg,E:\byrdocs\201739d721019cdd7759ed4b97b4607e.webp,,,https://byrdocs.org/files/201739d721019cdd7759ed4b97b4607e.pdf
2019f2fc2a51ced14f99f6d53e86946a,ready,include_after_storage_upload,book,数字逻辑,E:\byrdocs-archive\metadata\2019f2fc2a51ced14f99f6d53e86946a.yml,2019f2fc2a51ced14f99f6d53e86946a.pdf,E:\byrdocs\2019f2fc2a51ced14f99f6d53e86946a.pdf,84766608,E:\byrdocs\2019f2fc2a51ced14f99f6d53e86946a.jpg,E:\byrdocs\2019f2fc2a51ced14f99f6d53e86946a.webp,,,https://byrdocs.org/files/2019f2fc2a51ced14f99f6d53e86946a.pdf
204eaba9f9b617167923f9e77c5bfd21,ready,include_after_storage_upload,test,线性代数,E:\byrdocs-archive\metadata\204eaba9f9b617167923f9e77c5bfd21.yml,204eaba9f9b617167923f9e77c5bfd21.pdf,E:\byrdocs\204eaba9f9b617167923f9e77c5bfd21.pdf,6490274,E:\byrdocs\204eaba9f9b617167923f9e77c5bfd21.jpg,E:\byrdocs\204eaba9f9b617167923f9e77c5bfd21.webp,,,https://byrdocs.org/files/204eaba9f9b617167923f9e77c5bfd21.pdf
20bd12cb34ae352f65fb2994d97cafe0,ready,include_after_storage_upload,test,工科数学分析（下）,E:\byrdocs-archive\metadata\20bd12cb34ae352f65fb2994d97cafe0.yml,20bd12cb34ae352f65fb2994d97cafe0.pdf,E:\byrdocs\20bd12cb34ae352f65fb2994d97cafe0.pdf,450057,E:\byrdocs\20bd12cb34ae352f65fb2994d97cafe0.jpg,E:\byrdocs\20bd12cb34ae352f65fb2994d97cafe0.webp,,,https://byrdocs.org/files/20bd12cb34ae352f65fb2994d97cafe0.pdf
20cae91e8caa2e520809afdb1c59c603,ready,include_after_storage_upload,test,概率论与随机过程,E:\byrdocs-archive\metadata\20cae91e8caa2e520809afdb1c59c603.yml,20cae91e8caa2e520809afdb1c59c603.pdf,E:\byrdocs\20cae91e8caa2e520809afdb1c59c603.pdf,281004,E:\byrdocs\20cae91e8caa2e520809afdb1c59c603.jpg,E:\byrdocs\20cae91e8caa2e520809afdb1c59c603.webp,,,https://byrdocs.org/files/20cae91e8caa2e520809afdb1c59c603.pdf
20d35d236d43b1da3231fea7ef8d815f,ready,include_after_storage_upload,test,数据结构,E:\byrdocs-archive\metadata\20d35d236d43b1da3231fea7ef8d815f.yml,20d35d236d43b1da3231fea7ef8d815f.pdf,E:\byrdocs\20d35d236d43b1da3231fea7ef8d815f.pdf,2963874,E:\byrdocs\20d35d236d43b1da3231fea7ef8d815f.jpg,E:\byrdocs\20d35d236d43b1da3231fea7ef8d815f.webp,,,https://byrdocs.org/files/20d35d236d43b1da3231fea7ef8d815f.pdf
2139094f92567048cc6d6135a1c85242,ready,include_after_storage_upload,test,线性代数,E:\byrdocs-archive\metadata\2139094f92567048cc6d6135a1c85242.yml,2139094f92567048cc6d6135a1c85242.pdf,E:\byrdocs\2139094f92567048cc6d6135a1c85242.pdf,4061668,E:\byrdocs\2139094f92567048cc6d6135a1c85242.jpg,E:\byrdocs\2139094f92567048cc6d6135a1c85242.webp,,,https://byrdocs.org/files/2139094f92567048cc6d6135a1c85242.pdf
2139310d38722880f5645c9d3d38e29a,ready,include_after_storage_upload,test,C/C++程序设计与编程方法,E:\byrdocs-archive\metadata\2139310d38722880f5645c9d3d38e29a.yml,2139310d38722880f5645c9d3d38e29a.pdf,E:\byrdocs\2139310d38722880f5645c9d3d38e29a.pdf,557942,E:\byrdocs\2139310d38722880f5645c9d3d38e29a.jpg,E:\byrdocs\2139310d38722880f5645c9d3d38e29a.webp,,,https://byrdocs.org/files/2139310d38722880f5645c9d3d38e29a.pdf
21645dde3b42be3feac27feade678f3f,ready,include_after_storage_upload,doc,数据库系统原理-第七版习题答案,E:\byrdocs-archive\metadata\21645dde3b42be3feac27feade678f3f.yml,21645dde3b42be3feac27feade678f3f.pdf,E:\byrdocs\21645dde3b42be3feac27feade678f3f.pdf,67322304,E:\byrdocs\21645dde3b42be3feac27feade678f3f.jpg,E:\byrdocs\21645dde3b42be3feac27feade678f3f.webp,,,https://byrdocs.org/files/21645dde3b42be3feac27feade678f3f.pdf
21d5bd1ad08d81ce169eb030112cd082,ready,include_after_storage_upload,test,概率论与随机过程,E:\byrdocs-archive\metadata\21d5bd1ad08d81ce169eb030112cd082.yml,21d5bd1ad08d81ce169eb030112cd082.pdf,E:\byrdocs\21d5bd1ad08d81ce169eb030112cd082.pdf,319400,E:\byrdocs\21d5bd1ad08d81ce169eb030112cd082.jpg,E:\byrdocs\21d5bd1ad08d81ce169eb030112cd082.webp,,,https://byrdocs.org/files/21d5bd1ad08d81ce169eb030112cd082.pdf
21e6a44ec7018421125caacfdbc95199,ready,include_after_storage_upload,doc,军理思考题整理,E:\byrdocs-archive\metadata\21e6a44ec7018421125caacfdbc95199.yml,21e6a44ec7018421125caacfdbc95199.pdf,E:\byrdocs\21e6a44ec7018421125caacfdbc95199.pdf,818921,E:\byrdocs\21e6a44ec7018421125caacfdbc95199.jpg,E:\byrdocs\21e6a44ec7018421125caacfdbc95199.webp,,,https://byrdocs.org/files/21e6a44ec7018421125caacfdbc95199.pdf
21ec4e259acfc354e5625bee619d1854,ready,include_after_storage_upload,test,数字逻辑与数字系统,E:\byrdocs-archive\metadata\21ec4e259acfc354e5625bee619d1854.yml,21ec4e259acfc354e5625bee619d1854.pdf,E:\byrdocs\21ec4e259acfc354e5625bee619d1854.pdf,4998261,E:\byrdocs\21ec4e259acfc354e5625bee619d1854.jpg,E:\byrdocs\21ec4e259acfc354e5625bee619d1854.webp,,,https://byrdocs.org/files/21ec4e259acfc354e5625bee619d1854.pdf
220acb70bd8690c91ddc58beecf7482a,ready,include_after_storage_upload,test,CSAPP,E:\byrdocs-archive\metadata\220acb70bd8690c91ddc58beecf7482a.yml,220acb70bd8690c91ddc58beecf7482a.pdf,E:\byrdocs\220acb70bd8690c91ddc58beecf7482a.pdf,1300989,E:\byrdocs\220acb70bd8690c91ddc58beecf7482a.jpg,E:\byrdocs\220acb70bd8690c91ddc58beecf7482a.webp,,,https://byrdocs.org/files/220acb70bd8690c91ddc58beecf7482a.pdf
220e94908b5923c47cefbbd81f10b518,ready,include_after_storage_upload,book,工程数学 矢量分析与场论,E:\byrdocs-archive\metadata\220e94908b5923c47cefbbd81f10b518.yml,220e94908b5923c47cefbbd81f10b518.pdf,E:\byrdocs\220e94908b5923c47cefbbd81f10b518.pdf,1375587,E:\byrdocs\220e94908b5923c47cefbbd81f10b518.jpg,E:\byrdocs\220e94908b5923c47cefbbd81f10b518.webp,,,https://byrdocs.org/files/220e94908b5923c47cefbbd81f10b518.pdf
2283305aa6aa27d430e344f8f19e4143,ready,include_after_storage_upload,test,离散数学,E:\byrdocs-archive\metadata\2283305aa6aa27d430e344f8f19e4143.yml,2283305aa6aa27d430e344f8f19e4143.pdf,E:\byrdocs\2283305aa6aa27d430e344f8f19e4143.pdf,654824,E:\byrdocs\2283305aa6aa27d430e344f8f19e4143.jpg,E:\byrdocs\2283305aa6aa27d430e344f8f19e4143.webp,,,https://byrdocs.org/files/2283305aa6aa27d430e344f8f19e4143.pdf
22ac74c14e7a31aec32e77512d76c3c7,ready,include_after_storage_upload,test,计算机网络,E:\byrdocs-archive\metadata\22ac74c14e7a31aec32e77512d76c3c7.yml,22ac74c14e7a31aec32e77512d76c3c7.pdf,E:\byrdocs\22ac74c14e7a31aec32e77512d76c3c7.pdf,1276387,E:\byrdocs\22ac74c14e7a31aec32e77512d76c3c7.jpg,E:\byrdocs\22ac74c14e7a31aec32e77512d76c3c7.webp,,,https://byrdocs.org/files/22ac74c14e7a31aec32e77512d76c3c7.pdf
2307dd58db8bd27a6f176de750e53df2,ready,include_after_storage_upload,book,视听说教程1学生用书,E:\byrdocs-archive\metadata\2307dd58db8bd27a6f176de750e53df2.yml,2307dd58db8bd27a6f176de750e53df2.pdf,E:\byrdocs\2307dd58db8bd27a6f176de750e53df2.pdf,27805586,E:\byrdocs\2307dd58db8bd27a6f176de750e53df2.jpg,E:\byrdocs\2307dd58db8bd27a6f176de750e53df2.webp,,,https://byrdocs.org/files/2307dd58db8bd27a6f176de750e53df2.pdf
23f97a6695542ecf2ed9748ace622c84,ready,include_after_storage_upload,test,微波工程基础,E:\byrdocs-archive\metadata\23f97a6695542ecf2ed9748ace622c84.yml,23f97a6695542ecf2ed9748ace622c84.pdf,E:\byrdocs\23f97a6695542ecf2ed9748ace622c84.pdf,1280626,E:\byrdocs\23f97a6695542ecf2ed9748ace622c84.jpg,E:\byrdocs\23f97a6695542ecf2ed9748ace622c84.webp,,,https://byrdocs.org/files/23f97a6695542ecf2ed9748ace622c84.pdf
240584d989d3b62d1358e78abc7cf181,ready,include_after_storage_upload,book,物理学大题典 固体物理及物理量测量,E:\byrdocs-archive\metadata\240584d989d3b62d1358e78abc7cf181.yml,240584d989d3b62d1358e78abc7cf181.pdf,E:\byrdocs\240584d989d3b62d1358e78abc7cf181.pdf,37905479,E:\byrdocs\240584d989d3b62d1358e78abc7cf181.jpg,E:\byrdocs\240584d989d3b62d1358e78abc7cf181.webp,,,https://byrdocs.org/files/240584d989d3b62d1358e78abc7cf181.pdf
243784af8e3604a50d70c25d2c14da53,ready,include_after_storage_upload,test,离散数学,E:\byrdocs-archive\metadata\243784af8e3604a50d70c25d2c14da53.yml,243784af8e3604a50d70c25d2c14da53.pdf,E:\byrdocs\243784af8e3604a50d70c25d2c14da53.pdf,327778,E:\byrdocs\243784af8e3604a50d70c25d2c14da53.jpg,E:\byrdocs\243784af8e3604a50d70c25d2c14da53.webp,,,https://byrdocs.org/files/243784af8e3604a50d70c25d2c14da53.pdf
2456aa4f0ace3f9f59816b212b448c4c,ready,include_after_storage_upload,test,电磁场与电磁波,E:\byrdocs-archive\metadata\2456aa4f0ace3f9f59816b212b448c4c.yml,2456aa4f0ace3f9f59816b212b448c4c.pdf,E:\byrdocs\2456aa4f0ace3f9f59816b212b448c4c.pdf,378223,E:\byrdocs\2456aa4f0ace3f9f59816b212b448c4c.jpg,E:\byrdocs\2456aa4f0ace3f9f59816b212b448c4c.webp,,,https://byrdocs.org/files/2456aa4f0ace3f9f59816b212b448c4c.pdf
24651d43427a5982e06a3be2f78866ae,ready,include_after_storage_upload,test,电磁场与电磁波,E:\byrdocs-archive\metadata\24651d43427a5982e06a3be2f78866ae.yml,24651d43427a5982e06a3be2f78866ae.pdf,E:\byrdocs\24651d43427a5982e06a3be2f78866ae.pdf,407352,E:\byrdocs\24651d43427a5982e06a3be2f78866ae.jpg,E:\byrdocs\24651d43427a5982e06a3be2f78866ae.webp,,,https://byrdocs.org/files/24651d43427a5982e06a3be2f78866ae.pdf
2469ffa9527a29ae4a0a12122bb97811,ready,include_after_storage_upload,book,Database System Concepts,E:\byrdocs-archive\metadata\2469ffa9527a29ae4a0a12122bb97811.yml,2469ffa9527a29ae4a0a12122bb97811.pdf,E:\byrdocs\2469ffa9527a29ae4a0a12122bb97811.pdf,17297558,E:\byrdocs\2469ffa9527a29ae4a0a12122bb97811.jpg,E:\byrdocs\2469ffa9527a29ae4a0a12122bb97811.webp,,,https://byrdocs.org/files/2469ffa9527a29ae4a0a12122bb97811.pdf
246b8cddd307923c9a825585c701bcaa,ready,include_after_storage_upload,book,A Tour of C++,E:\byrdocs-archive\metadata\246b8cddd307923c9a825585c701bcaa.yml,246b8cddd307923c9a825585c701bcaa.pdf,E:\byrdocs\246b8cddd307923c9a825585c701bcaa.pdf,2658531,E:\byrdocs\246b8cddd307923c9a825585c701bcaa.jpg,E:\byrdocs\246b8cddd307923c9a825585c701bcaa.webp,,,https://byrdocs.org/files/246b8cddd307923c9a825585c701bcaa.pdf
24c1e3de2b0e7205378c69c93629109e,ready,include_after_storage_upload,doc,高等数学A（下）课件,E:\byrdocs-archive\metadata\24c1e3de2b0e7205378c69c93629109e.yml,24c1e3de2b0e7205378c69c93629109e.zip,E:\byrdocs\24c1e3de2b0e7205378c69c93629109e.zip,127579048,E:\byrdocs\24c1e3de2b0e7205378c69c93629109e.jpg,E:\byrdocs\24c1e3de2b0e7205378c69c93629109e.webp,,,https://byrdocs.org/files/24c1e3de2b0e7205378c69c93629109e.zip
24cf3e496b119f3c3fe2c5b0a83deaee,ready,include_after_storage_upload,book,软件工程模型与方法,E:\byrdocs-archive\metadata\24cf3e496b119f3c3fe2c5b0a83deaee.yml,24cf3e496b119f3c3fe2c5b0a83deaee.pdf,E:\byrdocs\24cf3e496b119f3c3fe2c5b0a83deaee.pdf,81447466,E:\byrdocs\24cf3e496b119f3c3fe2c5b0a83deaee.jpg,E:\byrdocs\24cf3e496b119f3c3fe2c5b0a83deaee.webp,,,https://byrdocs.org/files/24cf3e496b119f3c3fe2c5b0a83deaee.pdf
24d19286e6acd13ff2b9a2f4d359387b,ready,include_after_storage_upload,test,大学物理C,E:\byrdocs-archive\metadata\24d19286e6acd13ff2b9a2f4d359387b.yml,24d19286e6acd13ff2b9a2f4d359387b.pdf,E:\byrdocs\24d19286e6acd13ff2b9a2f4d359387b.pdf,612424,E:\byrdocs\24d19286e6acd13ff2b9a2f4d359387b.jpg,E:\byrdocs\24d19286e6acd13ff2b9a2f4d359387b.webp,,,https://byrdocs.org/files/24d19286e6acd13ff2b9a2f4d359387b.pdf
24d9d95f63c1a9e59803345739d6ee47,ready,include_after_storage_upload,test,数据库系统原理,E:\byrdocs-archive\metadata\24d9d95f63c1a9e59803345739d6ee47.yml,24d9d95f63c1a9e59803345739d6ee47.pdf,E:\byrdocs\24d9d95f63c1a9e59803345739d6ee47.pdf,1409888,E:\byrdocs\24d9d95f63c1a9e59803345739d6ee47.jpg,E:\byrdocs\24d9d95f63c1a9e59803345739d6ee47.webp,,,https://byrdocs.org/files/24d9d95f63c1a9e59803345739d6ee47.pdf
24fe22dcac77db43f38f234656d85b25,ready,include_after_storage_upload,test,数据结构,E:\byrdocs-archive\metadata\24fe22dcac77db43f38f234656d85b25.yml,24fe22dcac77db43f38f234656d85b25.pdf,E:\byrdocs\24fe22dcac77db43f38f234656d85b25.pdf,400398,E:\byrdocs\24fe22dcac77db43f38f234656d85b25.jpg,E:\byrdocs\24fe22dcac77db43f38f234656d85b25.webp,,,https://byrdocs.org/files/24fe22dcac77db43f38f234656d85b25.pdf
25236ad8d593d89e459078c9ffef00a4,ready,include_after_storage_upload,test,综合英语（A/上）,E:\byrdocs-archive\metadata\25236ad8d593d89e459078c9ffef00a4.yml,25236ad8d593d89e459078c9ffef00a4.pdf,E:\byrdocs\25236ad8d593d89e459078c9ffef00a4.pdf,13221074,E:\byrdocs\25236ad8d593d89e459078c9ffef00a4.jpg,E:\byrdocs\25236ad8d593d89e459078c9ffef00a4.webp,,,https://byrdocs.org/files/25236ad8d593d89e459078c9ffef00a4.pdf
2552b27778c55d739994b000ca769e36,ready,include_after_storage_upload,test,电磁场与电磁波,E:\byrdocs-archive\metadata\2552b27778c55d739994b000ca769e36.yml,2552b27778c55d739994b000ca769e36.pdf,E:\byrdocs\2552b27778c55d739994b000ca769e36.pdf,485921,E:\byrdocs\2552b27778c55d739994b000ca769e36.jpg,E:\byrdocs\2552b27778c55d739994b000ca769e36.webp,,,https://byrdocs.org/files/2552b27778c55d739994b000ca769e36.pdf
25c0b8ddb8337b772bdbe717a41144bc,ready,include_after_storage_upload,test,离散数学,E:\byrdocs-archive\metadata\25c0b8ddb8337b772bdbe717a41144bc.yml,25c0b8ddb8337b772bdbe717a41144bc.pdf,E:\byrdocs\25c0b8ddb8337b772bdbe717a41144bc.pdf,7192154,E:\byrdocs\25c0b8ddb8337b772bdbe717a41144bc.jpg,E:\byrdocs\25c0b8ddb8337b772bdbe717a41144bc.webp,,,https://byrdocs.org/files/25c0b8ddb8337b772bdbe717a41144bc.pdf
260e268cd45d50b179dde097e174ef42,ready,include_after_storage_upload,test,概率论与数理统计,E:\byrdocs-archive\metadata\260e268cd45d50b179dde097e174ef42.yml,260e268cd45d50b179dde097e174ef42.pdf,E:\byrdocs\260e268cd45d50b179dde097e174ef42.pdf,227138,E:\byrdocs\260e268cd45d50b179dde097e174ef42.jpg,E:\byrdocs\260e268cd45d50b179dde097e174ef42.webp,,,https://byrdocs.org/files/260e268cd45d50b179dde097e174ef42.pdf
2660220d4bea3eba484c101ee151e155,ready,include_after_storage_upload,test,概率论与随机过程,E:\byrdocs-archive\metadata\2660220d4bea3eba484c101ee151e155.yml,2660220d4bea3eba484c101ee151e155.pdf,E:\byrdocs\2660220d4bea3eba484c101ee151e155.pdf,1972943,E:\byrdocs\2660220d4bea3eba484c101ee151e155.jpg,E:\byrdocs\2660220d4bea3eba484c101ee151e155.webp,,,https://byrdocs.org/files/2660220d4bea3eba484c101ee151e155.pdf
26c08d65e4e847344e11f981ff605231,ready,include_after_storage_upload,book,全国大学生数学竞赛解析教程 数学专业类 上册 数学分析,E:\byrdocs-archive\metadata\26c08d65e4e847344e11f981ff605231.yml,26c08d65e4e847344e11f981ff605231.pdf,E:\byrdocs\26c08d65e4e847344e11f981ff605231.pdf,146290971,E:\byrdocs\26c08d65e4e847344e11f981ff605231.jpg,E:\byrdocs\26c08d65e4e847344e11f981ff605231.webp,,,https://byrdocs.org/files/26c08d65e4e847344e11f981ff605231.pdf
26f4886706f4a8f8e8f6b4b994761e14,ready,include_after_storage_upload,test,计算机组成与系统结构,E:\byrdocs-archive\metadata\26f4886706f4a8f8e8f6b4b994761e14.yml,26f4886706f4a8f8e8f6b4b994761e14.pdf,E:\byrdocs\26f4886706f4a8f8e8f6b4b994761e14.pdf,482466,E:\byrdocs\26f4886706f4a8f8e8f6b4b994761e14.jpg,E:\byrdocs\26f4886706f4a8f8e8f6b4b994761e14.webp,,,https://byrdocs.org/files/26f4886706f4a8f8e8f6b4b994761e14.pdf
2708e0de459e6adacede29ef9dec0cbe,ready,include_after_storage_upload,book,大学计算机基础,E:\byrdocs-archive\metadata\2708e0de459e6adacede29ef9dec0cbe.yml,2708e0de459e6adacede29ef9dec0cbe.pdf,E:\byrdocs\2708e0de459e6adacede29ef9dec0cbe.pdf,28740711,E:\byrdocs\2708e0de459e6adacede29ef9dec0cbe.jpg,E:\byrdocs\2708e0de459e6adacede29ef9dec0cbe.webp,,,https://byrdocs.org/files/2708e0de459e6adacede29ef9dec0cbe.pdf
270bc26297c69530cdb85672c7723d31,ready,include_after_storage_upload,test,离散数学,E:\byrdocs-archive\metadata\270bc26297c69530cdb85672c7723d31.yml,270bc26297c69530cdb85672c7723d31.pdf,E:\byrdocs\270bc26297c69530cdb85672c7723d31.pdf,7716838,E:\byrdocs\270bc26297c69530cdb85672c7723d31.jpg,E:\byrdocs\270bc26297c69530cdb85672c7723d31.webp,,,https://byrdocs.org/files/270bc26297c69530cdb85672c7723d31.pdf
273777231535e36f182e41edf285a86e,ready,include_after_storage_upload,test,形式语言与自动机,E:\byrdocs-archive\metadata\273777231535e36f182e41edf285a86e.yml,273777231535e36f182e41edf285a86e.pdf,E:\byrdocs\273777231535e36f182e41edf285a86e.pdf,1317425,E:\byrdocs\273777231535e36f182e41edf285a86e.jpg,E:\byrdocs\273777231535e36f182e41edf285a86e.webp,,,https://byrdocs.org/files/273777231535e36f182e41edf285a86e.pdf
28404cf257efac382142b074f8c6192a,ready,include_after_storage_upload,book,Python编程：从入门到实践（第3版）,E:\byrdocs-archive\metadata\28404cf257efac382142b074f8c6192a.yml,28404cf257efac382142b074f8c6192a.pdf,E:\byrdocs\28404cf257efac382142b074f8c6192a.pdf,8552124,E:\byrdocs\28404cf257efac382142b074f8c6192a.jpg,E:\byrdocs\28404cf257efac382142b074f8c6192a.webp,,,https://byrdocs.org/files/28404cf257efac382142b074f8c6192a.pdf
289209361d48db08c613b179ee856827,ready,include_after_storage_upload,doc,经济博弈论复习思考题,E:\byrdocs-archive\metadata\289209361d48db08c613b179ee856827.yml,289209361d48db08c613b179ee856827.pdf,E:\byrdocs\289209361d48db08c613b179ee856827.pdf,97403,E:\byrdocs\289209361d48db08c613b179ee856827.jpg,E:\byrdocs\289209361d48db08c613b179ee856827.webp,,,https://byrdocs.org/files/289209361d48db08c613b179ee856827.pdf
28c11c43cdb4e7eab2618a8f25ca15c9,ready,include_after_storage_upload,book,线性代数/Linear Algebra,E:\byrdocs-archive\metadata\28c11c43cdb4e7eab2618a8f25ca15c9.yml,28c11c43cdb4e7eab2618a8f25ca15c9.pdf,E:\byrdocs\28c11c43cdb4e7eab2618a8f25ca15c9.pdf,71283452,E:\byrdocs\28c11c43cdb4e7eab2618a8f25ca15c9.jpg,E:\byrdocs\28c11c43cdb4e7eab2618a8f25ca15c9.webp,,,https://byrdocs.org/files/28c11c43cdb4e7eab2618a8f25ca15c9.pdf
28d669ed25a04beecd3bf750d46c2ec5,ready,include_after_storage_upload,book,统计学：从数据到结论,E:\byrdocs-archive\metadata\28d669ed25a04beecd3bf750d46c2ec5.yml,28d669ed25a04beecd3bf750d46c2ec5.pdf,E:\byrdocs\28d669ed25a04beecd3bf750d46c2ec5.pdf,77108037,E:\byrdocs\28d669ed25a04beecd3bf750d46c2ec5.jpg,E:\byrdocs\28d669ed25a04beecd3bf750d46c2ec5.webp,,,https://byrdocs.org/files/28d669ed25a04beecd3bf750d46c2ec5.pdf
28ea68dd2a59368e9f60d2da0730f233,ready,include_after_storage_upload,test,概率论与随机过程,E:\byrdocs-archive\metadata\28ea68dd2a59368e9f60d2da0730f233.yml,28ea68dd2a59368e9f60d2da0730f233.pdf,E:\byrdocs\28ea68dd2a59368e9f60d2da0730f233.pdf,294054,E:\byrdocs\28ea68dd2a59368e9f60d2da0730f233.jpg,E:\byrdocs\28ea68dd2a59368e9f60d2da0730f233.webp,,,https://byrdocs.org/files/28ea68dd2a59368e9f60d2da0730f233.pdf
28f409eeb6a5e89338dbdfb75b67cd7e,ready,include_after_storage_upload,book,新大学日语标准教程（基础篇）1,E:\byrdocs-archive\metadata\28f409eeb6a5e89338dbdfb75b67cd7e.yml,28f409eeb6a5e89338dbdfb75b67cd7e.pdf,E:\byrdocs\28f409eeb6a5e89338dbdfb75b67cd7e.pdf,27045427,E:\byrdocs\28f409eeb6a5e89338dbdfb75b67cd7e.jpg,E:\byrdocs\28f409eeb6a5e89338dbdfb75b67cd7e.webp,,,https://byrdocs.org/files/28f409eeb6a5e89338dbdfb75b67cd7e.pdf
295d63efbe81ca447a4f5ba306a74084,ready,include_after_storage_upload,test,编译原理与技术,E:\byrdocs-archive\metadata\295d63efbe81ca447a4f5ba306a74084.yml,295d63efbe81ca447a4f5ba306a74084.pdf,E:\byrdocs\295d63efbe81ca447a4f5ba306a74084.pdf,207224,E:\byrdocs\295d63efbe81ca447a4f5ba306a74084.jpg,E:\byrdocs\295d63efbe81ca447a4f5ba306a74084.webp,,,https://byrdocs.org/files/295d63efbe81ca447a4f5ba306a74084.pdf
29ef39f72d3b115cf61a866abef02ac1,ready,include_after_storage_upload,test,离散数学,E:\byrdocs-archive\metadata\29ef39f72d3b115cf61a866abef02ac1.yml,29ef39f72d3b115cf61a866abef02ac1.pdf,E:\byrdocs\29ef39f72d3b115cf61a866abef02ac1.pdf,7798323,E:\byrdocs\29ef39f72d3b115cf61a866abef02ac1.jpg,E:\byrdocs\29ef39f72d3b115cf61a866abef02ac1.webp,,,https://byrdocs.org/files/29ef39f72d3b115cf61a866abef02ac1.pdf
2a02abca2539f003e0d3f7c3d53bc8c9,ready,include_after_storage_upload,book,统计学基础,E:\byrdocs-archive\metadata\2a02abca2539f003e0d3f7c3d53bc8c9.yml,2a02abca2539f003e0d3f7c3d53bc8c9.pdf,E:\byrdocs\2a02abca2539f003e0d3f7c3d53bc8c9.pdf,84038054,E:\byrdocs\2a02abca2539f003e0d3f7c3d53bc8c9.jpg,E:\byrdocs\2a02abca2539f003e0d3f7c3d53bc8c9.webp,,,https://byrdocs.org/files/2a02abca2539f003e0d3f7c3d53bc8c9.pdf
2a8c4cbc0526d7a03fa729f68c624bd5,ready,include_after_storage_upload,test,大学物理（下）,E:\byrdocs-archive\metadata\2a8c4cbc0526d7a03fa729f68c624bd5.yml,2a8c4cbc0526d7a03fa729f68c624bd5.pdf,E:\byrdocs\2a8c4cbc0526d7a03fa729f68c624bd5.pdf,1038354,E:\byrdocs\2a8c4cbc0526d7a03fa729f68c624bd5.jpg,E:\byrdocs\2a8c4cbc0526d7a03fa729f68c624bd5.webp,,,https://byrdocs.org/files/2a8c4cbc0526d7a03fa729f68c624bd5.pdf
2a8fcbb1998835305aab2b735cdc302c,ready,include_after_storage_upload,test,数学分析（上）,E:\byrdocs-archive\metadata\2a8fcbb1998835305aab2b735cdc302c.yml,2a8fcbb1998835305aab2b735cdc302c.pdf,E:\byrdocs\2a8fcbb1998835305aab2b735cdc302c.pdf,387492,E:\byrdocs\2a8fcbb1998835305aab2b735cdc302c.jpg,E:\byrdocs\2a8fcbb1998835305aab2b735cdc302c.webp,,,https://byrdocs.org/files/2a8fcbb1998835305aab2b735cdc302c.pdf
2a9703343767a1b7778098a4475101b0,ready,include_after_storage_upload,book,Computer Systems: A Programmer’s Perspective,E:\byrdocs-archive\metadata\2a9703343767a1b7778098a4475101b0.yml,2a9703343767a1b7778098a4475101b0.pdf,E:\byrdocs\2a9703343767a1b7778098a4475101b0.pdf,9363906,E:\byrdocs\2a9703343767a1b7778098a4475101b0.jpg,E:\byrdocs\2a9703343767a1b7778098a4475101b0.webp,,,https://byrdocs.org/files/2a9703343767a1b7778098a4475101b0.pdf
2ae5a4ec50972efe7484b4288c235419,ready,include_after_storage_upload,test,计算导论与程序设计,E:\byrdocs-archive\metadata\2ae5a4ec50972efe7484b4288c235419.yml,2ae5a4ec50972efe7484b4288c235419.pdf,E:\byrdocs\2ae5a4ec50972efe7484b4288c235419.pdf,51928,E:\byrdocs\2ae5a4ec50972efe7484b4288c235419.jpg,E:\byrdocs\2ae5a4ec50972efe7484b4288c235419.webp,,,https://byrdocs.org/files/2ae5a4ec50972efe7484b4288c235419.pdf
2b4cd70ccff05241a0dfc87c22455413,ready,include_after_storage_upload,book,物联网基础与应用,E:\byrdocs-archive\metadata\2b4cd70ccff05241a0dfc87c22455413.yml,2b4cd70ccff05241a0dfc87c22455413.pdf,E:\byrdocs\2b4cd70ccff05241a0dfc87c22455413.pdf,194400921,E:\byrdocs\2b4cd70ccff05241a0dfc87c22455413.jpg,E:\byrdocs\2b4cd70ccff05241a0dfc87c22455413.webp,,,https://byrdocs.org/files/2b4cd70ccff05241a0dfc87c22455413.pdf
2b4dd6df9278adc28513523d523a2a1b,ready,include_after_storage_upload,book,随机信号分析与处理,E:\byrdocs-archive\metadata\2b4dd6df9278adc28513523d523a2a1b.yml,2b4dd6df9278adc28513523d523a2a1b.pdf,E:\byrdocs\2b4dd6df9278adc28513523d523a2a1b.pdf,352349117,E:\byrdocs\2b4dd6df9278adc28513523d523a2a1b.jpg,E:\byrdocs\2b4dd6df9278adc28513523d523a2a1b.webp,,,https://byrdocs.org/files/2b4dd6df9278adc28513523d523a2a1b.pdf
2b88d580a4fe51b86c2e7c72d6e6504b,ready,include_after_storage_upload,test,计算机系统基础,E:\byrdocs-archive\metadata\2b88d580a4fe51b86c2e7c72d6e6504b.yml,2b88d580a4fe51b86c2e7c72d6e6504b.pdf,E:\byrdocs\2b88d580a4fe51b86c2e7c72d6e6504b.pdf,162409,E:\byrdocs\2b88d580a4fe51b86c2e7c72d6e6504b.jpg,E:\byrdocs\2b88d580a4fe51b86c2e7c72d6e6504b.webp,,,https://byrdocs.org/files/2b88d580a4fe51b86c2e7c72d6e6504b.pdf
2ba0f86ba5452286a2872c8f44c9e69f,ready,include_after_storage_upload,book,物理学教程（第三版）习题分析与解答,E:\byrdocs-archive\metadata\2ba0f86ba5452286a2872c8f44c9e69f.yml,2ba0f86ba5452286a2872c8f44c9e69f.pdf,E:\byrdocs\2ba0f86ba5452286a2872c8f44c9e69f.pdf,42055702,E:\byrdocs\2ba0f86ba5452286a2872c8f44c9e69f.jpg,E:\byrdocs\2ba0f86ba5452286a2872c8f44c9e69f.webp,,,https://byrdocs.org/files/2ba0f86ba5452286a2872c8f44c9e69f.pdf
2bb092917ca1daddee285de3bb708f6f,ready,include_after_storage_upload,test,大数据安全,E:\byrdocs-archive\metadata\2bb092917ca1daddee285de3bb708f6f.yml,2bb092917ca1daddee285de3bb708f6f.pdf,E:\byrdocs\2bb092917ca1daddee285de3bb708f6f.pdf,4176594,E:\byrdocs\2bb092917ca1daddee285de3bb708f6f.jpg,E:\byrdocs\2bb092917ca1daddee285de3bb708f6f.webp,,,https://byrdocs.org/files/2bb092917ca1daddee285de3bb708f6f.pdf
2c96e941b11b477d4720a1b904fcd447,ready,include_after_storage_upload,test,操作系统,E:\byrdocs-archive\metadata\2c96e941b11b477d4720a1b904fcd447.yml,2c96e941b11b477d4720a1b904fcd447.pdf,E:\byrdocs\2c96e941b11b477d4720a1b904fcd447.pdf,810895,E:\byrdocs\2c96e941b11b477d4720a1b904fcd447.jpg,E:\byrdocs\2c96e941b11b477d4720a1b904fcd447.webp,,,https://byrdocs.org/files/2c96e941b11b477d4720a1b904fcd447.pdf
2cf0e5ecbda0a0f1f7b18c190afc7c5d,ready,include_after_storage_upload,doc,计算机网络课后习题参考解答,E:\byrdocs-archive\metadata\2cf0e5ecbda0a0f1f7b18c190afc7c5d.yml,2cf0e5ecbda0a0f1f7b18c190afc7c5d.pdf,E:\byrdocs\2cf0e5ecbda0a0f1f7b18c190afc7c5d.pdf,2806136,E:\byrdocs\2cf0e5ecbda0a0f1f7b18c190afc7c5d.jpg,E:\byrdocs\2cf0e5ecbda0a0f1f7b18c190afc7c5d.webp,,,https://byrdocs.org/files/2cf0e5ecbda0a0f1f7b18c190afc7c5d.pdf
2d0494637e471a52f2d6ffa5d79bd711,ready,include_after_storage_upload,test,通信原理,E:\byrdocs-archive\metadata\2d0494637e471a52f2d6ffa5d79bd711.yml,2d0494637e471a52f2d6ffa5d79bd711.pdf,E:\byrdocs\2d0494637e471a52f2d6ffa5d79bd711.pdf,408783,E:\byrdocs\2d0494637e471a52f2d6ffa5d79bd711.jpg,E:\byrdocs\2d0494637e471a52f2d6ffa5d79bd711.webp,,,https://byrdocs.org/files/2d0494637e471a52f2d6ffa5d79bd711.pdf
2d2dca0dea2e5158c82d49c4b571ea7a,ready,include_after_storage_upload,test,复变函数,E:\byrdocs-archive\metadata\2d2dca0dea2e5158c82d49c4b571ea7a.yml,2d2dca0dea2e5158c82d49c4b571ea7a.pdf,E:\byrdocs\2d2dca0dea2e5158c82d49c4b571ea7a.pdf,373758,E:\byrdocs\2d2dca0dea2e5158c82d49c4b571ea7a.jpg,E:\byrdocs\2d2dca0dea2e5158c82d49c4b571ea7a.webp,,,https://byrdocs.org/files/2d2dca0dea2e5158c82d49c4b571ea7a.pdf
2d412c930c35f9481d413d6df32c5ea8,ready,include_after_storage_upload,doc,脑与认知科学-开卷考资料,E:\byrdocs-archive\metadata\2d412c930c35f9481d413d6df32c5ea8.yml,2d412c930c35f9481d413d6df32c5ea8.pdf,E:\byrdocs\2d412c930c35f9481d413d6df32c5ea8.pdf,33213469,E:\byrdocs\2d412c930c35f9481d413d6df32c5ea8.jpg,E:\byrdocs\2d412c930c35f9481d413d6df32c5ea8.webp,,,https://byrdocs.org/files/2d412c930c35f9481d413d6df32c5ea8.pdf
2d4152ed853a6e54476474395b008e67,ready,include_after_storage_upload,test,数字电路与逻辑设计,E:\byrdocs-archive\metadata\2d4152ed853a6e54476474395b008e67.yml,2d4152ed853a6e54476474395b008e67.pdf,E:\byrdocs\2d4152ed853a6e54476474395b008e67.pdf,1103051,E:\byrdocs\2d4152ed853a6e54476474395b008e67.jpg,E:\byrdocs\2d4152ed853a6e54476474395b008e67.webp,,,https://byrdocs.org/files/2d4152ed853a6e54476474395b008e67.pdf
2da40325a022d1f808eb909a297f0a8d,ready,include_after_storage_upload,test,图论及其应用,E:\byrdocs-archive\metadata\2da40325a022d1f808eb909a297f0a8d.yml,2da40325a022d1f808eb909a297f0a8d.pdf,E:\byrdocs\2da40325a022d1f808eb909a297f0a8d.pdf,975383,E:\byrdocs\2da40325a022d1f808eb909a297f0a8d.jpg,E:\byrdocs\2da40325a022d1f808eb909a297f0a8d.webp,,,https://byrdocs.org/files/2da40325a022d1f808eb909a297f0a8d.pdf
2dbc60f16e4273643eff8a51b95b70c2,ready,include_after_storage_upload,test,概率论与数理统计,E:\byrdocs-archive\metadata\2dbc60f16e4273643eff8a51b95b70c2.yml,2dbc60f16e4273643eff8a51b95b70c2.pdf,E:\byrdocs\2dbc60f16e4273643eff8a51b95b70c2.pdf,213296,E:\byrdocs\2dbc60f16e4273643eff8a51b95b70c2.jpg,E:\byrdocs\2dbc60f16e4273643eff8a51b95b70c2.webp,,,https://byrdocs.org/files/2dbc60f16e4273643eff8a51b95b70c2.pdf
2e01a5b1f79fabf1f28d426b958e70bd,ready,include_after_storage_upload,test,数字逻辑与数字系统,E:\byrdocs-archive\metadata\2e01a5b1f79fabf1f28d426b958e70bd.yml,2e01a5b1f79fabf1f28d426b958e70bd.pdf,E:\byrdocs\2e01a5b1f79fabf1f28d426b958e70bd.pdf,6096308,E:\byrdocs\2e01a5b1f79fabf1f28d426b958e70bd.jpg,E:\byrdocs\2e01a5b1f79fabf1f28d426b958e70bd.webp,,,https://byrdocs.org/files/2e01a5b1f79fabf1f28d426b958e70bd.pdf
2e57025cca97acee24fdb33005cceda2,ready,include_after_storage_upload,test,数字逻辑与数字系统,E:\byrdocs-archive\metadata\2e57025cca97acee24fdb33005cceda2.yml,2e57025cca97acee24fdb33005cceda2.pdf,E:\byrdocs\2e57025cca97acee24fdb33005cceda2.pdf,8503135,E:\byrdocs\2e57025cca97acee24fdb33005cceda2.jpg,E:\byrdocs\2e57025cca97acee24fdb33005cceda2.webp,,,https://byrdocs.org/files/2e57025cca97acee24fdb33005cceda2.pdf
2e76df5704640cbf3d424047ee6fd7bb,ready,include_after_storage_upload,test,概率论与随机过程,E:\byrdocs-archive\metadata\2e76df5704640cbf3d424047ee6fd7bb.yml,2e76df5704640cbf3d424047ee6fd7bb.pdf,E:\byrdocs\2e76df5704640cbf3d424047ee6fd7bb.pdf,249571,E:\byrdocs\2e76df5704640cbf3d424047ee6fd7bb.jpg,E:\byrdocs\2e76df5704640cbf3d424047ee6fd7bb.webp,,,https://byrdocs.org/files/2e76df5704640cbf3d424047ee6fd7bb.pdf
2ee190c0a1ed8ecb6a4c8c1a33927458,ready,include_after_storage_upload,doc,编译原理与技术作业参考答案,E:\byrdocs-archive\metadata\2ee190c0a1ed8ecb6a4c8c1a33927458.yml,2ee190c0a1ed8ecb6a4c8c1a33927458.pdf,E:\byrdocs\2ee190c0a1ed8ecb6a4c8c1a33927458.pdf,2004170,E:\byrdocs\2ee190c0a1ed8ecb6a4c8c1a33927458.jpg,E:\byrdocs\2ee190c0a1ed8ecb6a4c8c1a33927458.webp,,,https://byrdocs.org/files/2ee190c0a1ed8ecb6a4c8c1a33927458.pdf
2f0b81504850c3a2675955f43878de34,ready,include_after_storage_upload,test,离散数学（上）,E:\byrdocs-archive\metadata\2f0b81504850c3a2675955f43878de34.yml,2f0b81504850c3a2675955f43878de34.pdf,E:\byrdocs\2f0b81504850c3a2675955f43878de34.pdf,317198,E:\byrdocs\2f0b81504850c3a2675955f43878de34.jpg,E:\byrdocs\2f0b81504850c3a2675955f43878de34.webp,,,https://byrdocs.org/files/2f0b81504850c3a2675955f43878de34.pdf
2f2052585f9916ecd765ff5b15234212,ready,include_after_storage_upload,test,大学物理（下）,E:\byrdocs-archive\metadata\2f2052585f9916ecd765ff5b15234212.yml,2f2052585f9916ecd765ff5b15234212.pdf,E:\byrdocs\2f2052585f9916ecd765ff5b15234212.pdf,282013,E:\byrdocs\2f2052585f9916ecd765ff5b15234212.jpg,E:\byrdocs\2f2052585f9916ecd765ff5b15234212.webp,,,https://byrdocs.org/files/2f2052585f9916ecd765ff5b15234212.pdf
2f2b61f86eccfb9a33379c31ff6ad0f8,ready,include_after_storage_upload,test,计算机网络,E:\byrdocs-archive\metadata\2f2b61f86eccfb9a33379c31ff6ad0f8.yml,2f2b61f86eccfb9a33379c31ff6ad0f8.pdf,E:\byrdocs\2f2b61f86eccfb9a33379c31ff6ad0f8.pdf,118285,E:\byrdocs\2f2b61f86eccfb9a33379c31ff6ad0f8.jpg,E:\byrdocs\2f2b61f86eccfb9a33379c31ff6ad0f8.webp,,,https://byrdocs.org/files/2f2b61f86eccfb9a33379c31ff6ad0f8.pdf
2f7e9992b36fe309df55eb6e88bb8b4b,ready,include_after_storage_upload,doc,计算机系统结构填空题集锦,E:\byrdocs-archive\metadata\2f7e9992b36fe309df55eb6e88bb8b4b.yml,2f7e9992b36fe309df55eb6e88bb8b4b.pdf,E:\byrdocs\2f7e9992b36fe309df55eb6e88bb8b4b.pdf,421035,E:\byrdocs\2f7e9992b36fe309df55eb6e88bb8b4b.jpg,E:\byrdocs\2f7e9992b36fe309df55eb6e88bb8b4b.webp,,,https://byrdocs.org/files/2f7e9992b36fe309df55eb6e88bb8b4b.pdf
2f86b1c34727833d3572761e99368818,ready,include_after_storage_upload,doc,线性代数讲义,E:\byrdocs-archive\metadata\2f86b1c34727833d3572761e99368818.yml,2f86b1c34727833d3572761e99368818.pdf,E:\byrdocs\2f86b1c34727833d3572761e99368818.pdf,1002538,E:\byrdocs\2f86b1c34727833d3572761e99368818.jpg,E:\byrdocs\2f86b1c34727833d3572761e99368818.webp,,,https://byrdocs.org/files/2f86b1c34727833d3572761e99368818.pdf
2f8a8b67527ceb062a8626b4cc3d37fe,ready,include_after_storage_upload,doc,毛概知识点章节整理（完整版）,E:\byrdocs-archive\metadata\2f8a8b67527ceb062a8626b4cc3d37fe.yml,2f8a8b67527ceb062a8626b4cc3d37fe.pdf,E:\byrdocs\2f8a8b67527ceb062a8626b4cc3d37fe.pdf,801243,E:\byrdocs\2f8a8b67527ceb062a8626b4cc3d37fe.jpg,E:\byrdocs\2f8a8b67527ceb062a8626b4cc3d37fe.webp,,,https://byrdocs.org/files/2f8a8b67527ceb062a8626b4cc3d37fe.pdf
2fbeb7ab88f7f9054fa43da9d4a9a7ca,ready,include_after_storage_upload,book,新概念物理教程 电磁学,E:\byrdocs-archive\metadata\2fbeb7ab88f7f9054fa43da9d4a9a7ca.yml,2fbeb7ab88f7f9054fa43da9d4a9a7ca.pdf,E:\byrdocs\2fbeb7ab88f7f9054fa43da9d4a9a7ca.pdf,69559916,E:\byrdocs\2fbeb7ab88f7f9054fa43da9d4a9a7ca.jpg,E:\byrdocs\2fbeb7ab88f7f9054fa43da9d4a9a7ca.webp,,,https://byrdocs.org/files/2fbeb7ab88f7f9054fa43da9d4a9a7ca.pdf
3056cd821ddb6a8fff47471e93f02996,ready,include_after_storage_upload,test,计算机原理与应用,E:\byrdocs-archive\metadata\3056cd821ddb6a8fff47471e93f02996.yml,3056cd821ddb6a8fff47471e93f02996.pdf,E:\byrdocs\3056cd821ddb6a8fff47471e93f02996.pdf,411856,E:\byrdocs\3056cd821ddb6a8fff47471e93f02996.jpg,E:\byrdocs\3056cd821ddb6a8fff47471e93f02996.webp,,,https://byrdocs.org/files/3056cd821ddb6a8fff47471e93f02996.pdf
30877f0470aead3f53269b3294854e74,ready,include_after_storage_upload,test,编译原理与技术,E:\byrdocs-archive\metadata\30877f0470aead3f53269b3294854e74.yml,30877f0470aead3f53269b3294854e74.pdf,E:\byrdocs\30877f0470aead3f53269b3294854e74.pdf,445847,E:\byrdocs\30877f0470aead3f53269b3294854e74.jpg,E:\byrdocs\30877f0470aead3f53269b3294854e74.webp,,,https://byrdocs.org/files/30877f0470aead3f53269b3294854e74.pdf
31601606ba85971d6e51bd1327bda68e,ready,include_after_storage_upload,book,工程数学 复变函数（第四版）同步辅导及习题全解,E:\byrdocs-archive\metadata\31601606ba85971d6e51bd1327bda68e.yml,31601606ba85971d6e51bd1327bda68e.pdf,E:\byrdocs\31601606ba85971d6e51bd1327bda68e.pdf,5033041,E:\byrdocs\31601606ba85971d6e51bd1327bda68e.jpg,E:\byrdocs\31601606ba85971d6e51bd1327bda68e.webp,,,https://byrdocs.org/files/31601606ba85971d6e51bd1327bda68e.pdf
31a33507e34d31b55aadd1caf758bd27,ready,include_after_storage_upload,test,电磁兼容原理设计,E:\byrdocs-archive\metadata\31a33507e34d31b55aadd1caf758bd27.yml,31a33507e34d31b55aadd1caf758bd27.pdf,E:\byrdocs\31a33507e34d31b55aadd1caf758bd27.pdf,694274,E:\byrdocs\31a33507e34d31b55aadd1caf758bd27.jpg,E:\byrdocs\31a33507e34d31b55aadd1caf758bd27.webp,,,https://byrdocs.org/files/31a33507e34d31b55aadd1caf758bd27.pdf
31b4586f7a096ad24d69f51a984de5d4,ready,include_after_storage_upload,test,大学物理,E:\byrdocs-archive\metadata\31b4586f7a096ad24d69f51a984de5d4.yml,31b4586f7a096ad24d69f51a984de5d4.pdf,E:\byrdocs\31b4586f7a096ad24d69f51a984de5d4.pdf,215871,E:\byrdocs\31b4586f7a096ad24d69f51a984de5d4.jpg,E:\byrdocs\31b4586f7a096ad24d69f51a984de5d4.webp,,,https://byrdocs.org/files/31b4586f7a096ad24d69f51a984de5d4.pdf
31f27e2a470ddf0f2b2fa7b4abf4b10e,ready,include_after_storage_upload,test,通信原理,E:\byrdocs-archive\metadata\31f27e2a470ddf0f2b2fa7b4abf4b10e.yml,31f27e2a470ddf0f2b2fa7b4abf4b10e.pdf,E:\byrdocs\31f27e2a470ddf0f2b2fa7b4abf4b10e.pdf,732576,E:\byrdocs\31f27e2a470ddf0f2b2fa7b4abf4b10e.jpg,E:\byrdocs\31f27e2a470ddf0f2b2fa7b4abf4b10e.webp,,,https://byrdocs.org/files/31f27e2a470ddf0f2b2fa7b4abf4b10e.pdf
31fecb6274bc437b549295eca6e171c6,ready,include_after_storage_upload,test,大学物理E（上）,E:\byrdocs-archive\metadata\31fecb6274bc437b549295eca6e171c6.yml,31fecb6274bc437b549295eca6e171c6.pdf,E:\byrdocs\31fecb6274bc437b549295eca6e171c6.pdf,391572,E:\byrdocs\31fecb6274bc437b549295eca6e171c6.jpg,E:\byrdocs\31fecb6274bc437b549295eca6e171c6.webp,,,https://byrdocs.org/files/31fecb6274bc437b549295eca6e171c6.pdf
328ad8172dbc863771d70e46b424ee7a,ready,include_after_storage_upload,book,Mathematics for Machine Learning,E:\byrdocs-archive\metadata\328ad8172dbc863771d70e46b424ee7a.yml,328ad8172dbc863771d70e46b424ee7a.pdf,E:\byrdocs\328ad8172dbc863771d70e46b424ee7a.pdf,17401148,E:\byrdocs\328ad8172dbc863771d70e46b424ee7a.jpg,E:\byrdocs\328ad8172dbc863771d70e46b424ee7a.webp,,,https://byrdocs.org/files/328ad8172dbc863771d70e46b424ee7a.pdf
32a4b5a7d6f540371f641e655ded6ec0,ready,include_after_storage_upload,book,高等代数 下册,E:\byrdocs-archive\metadata\32a4b5a7d6f540371f641e655ded6ec0.yml,32a4b5a7d6f540371f641e655ded6ec0.pdf,E:\byrdocs\32a4b5a7d6f540371f641e655ded6ec0.pdf,50338165,E:\byrdocs\32a4b5a7d6f540371f641e655ded6ec0.jpg,E:\byrdocs\32a4b5a7d6f540371f641e655ded6ec0.webp,,,https://byrdocs.org/files/32a4b5a7d6f540371f641e655ded6ec0.pdf
32bf1b77f6079fec59c7234944d42b58,ready,include_after_storage_upload,book,深入理解计算机系统（原书第3版）,E:\byrdocs-archive\metadata\32bf1b77f6079fec59c7234944d42b58.yml,32bf1b77f6079fec59c7234944d42b58.pdf,E:\byrdocs\32bf1b77f6079fec59c7234944d42b58.pdf,524927879,E:\byrdocs\32bf1b77f6079fec59c7234944d42b58.jpg,E:\byrdocs\32bf1b77f6079fec59c7234944d42b58.webp,,,https://byrdocs.org/files/32bf1b77f6079fec59c7234944d42b58.pdf
32d526d4ee261bf4c794f07fd367224b,ready,include_after_storage_upload,test,形式语言与自动机,E:\byrdocs-archive\metadata\32d526d4ee261bf4c794f07fd367224b.yml,32d526d4ee261bf4c794f07fd367224b.pdf,E:\byrdocs\32d526d4ee261bf4c794f07fd367224b.pdf,334194,E:\byrdocs\32d526d4ee261bf4c794f07fd367224b.jpg,E:\byrdocs\32d526d4ee261bf4c794f07fd367224b.webp,,,https://byrdocs.org/files/32d526d4ee261bf4c794f07fd367224b.pdf
332997c311e2387ae423538e3aba6834,ready,include_after_storage_upload,book,理论物理学教程 第6卷 流体动力学 第5版,E:\byrdocs-archive\metadata\332997c311e2387ae423538e3aba6834.yml,332997c311e2387ae423538e3aba6834.pdf,E:\byrdocs\332997c311e2387ae423538e3aba6834.pdf,77765168,E:\byrdocs\332997c311e2387ae423538e3aba6834.jpg,E:\byrdocs\332997c311e2387ae423538e3aba6834.webp,,,https://byrdocs.org/files/332997c311e2387ae423538e3aba6834.pdf
337270cccff77b6f7318ebff83a08fbf,ready,include_after_storage_upload,book,Matrix Analysis,E:\byrdocs-archive\metadata\337270cccff77b6f7318ebff83a08fbf.yml,337270cccff77b6f7318ebff83a08fbf.pdf,E:\byrdocs\337270cccff77b6f7318ebff83a08fbf.pdf,146430350,E:\byrdocs\337270cccff77b6f7318ebff83a08fbf.jpg,E:\byrdocs\337270cccff77b6f7318ebff83a08fbf.webp,,,https://byrdocs.org/files/337270cccff77b6f7318ebff83a08fbf.pdf
3385fa45af7d9dac34513a2a3ac8a349,ready,include_after_storage_upload,book,高质量程序设计指南：C++/C语言,E:\byrdocs-archive\metadata\3385fa45af7d9dac34513a2a3ac8a349.yml,3385fa45af7d9dac34513a2a3ac8a349.pdf,E:\byrdocs\3385fa45af7d9dac34513a2a3ac8a349.pdf,32780424,E:\byrdocs\3385fa45af7d9dac34513a2a3ac8a349.jpg,E:\byrdocs\3385fa45af7d9dac34513a2a3ac8a349.webp,,,https://byrdocs.org/files/3385fa45af7d9dac34513a2a3ac8a349.pdf
33cca18e53687215181b07cbeadb1ace,ready,include_after_storage_upload,test,通信原理,E:\byrdocs-archive\metadata\33cca18e53687215181b07cbeadb1ace.yml,33cca18e53687215181b07cbeadb1ace.pdf,E:\byrdocs\33cca18e53687215181b07cbeadb1ace.pdf,862161,E:\byrdocs\33cca18e53687215181b07cbeadb1ace.jpg,E:\byrdocs\33cca18e53687215181b07cbeadb1ace.webp,,,https://byrdocs.org/files/33cca18e53687215181b07cbeadb1ace.pdf
33d449bfe411ba1c8e97b94d6842986d,ready,include_after_storage_upload,test,图论及其应用,E:\byrdocs-archive\metadata\33d449bfe411ba1c8e97b94d6842986d.yml,33d449bfe411ba1c8e97b94d6842986d.pdf,E:\byrdocs\33d449bfe411ba1c8e97b94d6842986d.pdf,35376,E:\byrdocs\33d449bfe411ba1c8e97b94d6842986d.jpg,E:\byrdocs\33d449bfe411ba1c8e97b94d6842986d.webp,,,https://byrdocs.org/files/33d449bfe411ba1c8e97b94d6842986d.pdf
34050313fffcaa60cb0d4568373d064d,ready,include_after_storage_upload,doc,马工程《中国法制史》课本期末重点笔记整理,E:\byrdocs-archive\metadata\34050313fffcaa60cb0d4568373d064d.yml,34050313fffcaa60cb0d4568373d064d.pdf,E:\byrdocs\34050313fffcaa60cb0d4568373d064d.pdf,796821,E:\byrdocs\34050313fffcaa60cb0d4568373d064d.jpg,E:\byrdocs\34050313fffcaa60cb0d4568373d064d.webp,,,https://byrdocs.org/files/34050313fffcaa60cb0d4568373d064d.pdf
340f15e82a9ab596fa3a240d6bfa94a8,ready,include_after_storage_upload,test,组合数学,E:\byrdocs-archive\metadata\340f15e82a9ab596fa3a240d6bfa94a8.yml,340f15e82a9ab596fa3a240d6bfa94a8.pdf,E:\byrdocs\340f15e82a9ab596fa3a240d6bfa94a8.pdf,45814,E:\byrdocs\340f15e82a9ab596fa3a240d6bfa94a8.jpg,E:\byrdocs\340f15e82a9ab596fa3a240d6bfa94a8.webp,,,https://byrdocs.org/files/340f15e82a9ab596fa3a240d6bfa94a8.pdf
3439e1d8caa517dd4d40629962618aa6,ready,include_after_storage_upload,book,大学物理学 下册,E:\byrdocs-archive\metadata\3439e1d8caa517dd4d40629962618aa6.yml,3439e1d8caa517dd4d40629962618aa6.pdf,E:\byrdocs\3439e1d8caa517dd4d40629962618aa6.pdf,47541350,E:\byrdocs\3439e1d8caa517dd4d40629962618aa6.jpg,E:\byrdocs\3439e1d8caa517dd4d40629962618aa6.webp,,,https://byrdocs.org/files/3439e1d8caa517dd4d40629962618aa6.pdf
345560e5d0b32d4e073ade8f6b7afb21,ready,include_after_storage_upload,test,数学分析,E:\byrdocs-archive\metadata\345560e5d0b32d4e073ade8f6b7afb21.yml,345560e5d0b32d4e073ade8f6b7afb21.pdf,E:\byrdocs\345560e5d0b32d4e073ade8f6b7afb21.pdf,267225,E:\byrdocs\345560e5d0b32d4e073ade8f6b7afb21.jpg,E:\byrdocs\345560e5d0b32d4e073ade8f6b7afb21.webp,,,https://byrdocs.org/files/345560e5d0b32d4e073ade8f6b7afb21.pdf
34bf9c88e2a7ce920aa8854f75c4eea5,ready,include_after_storage_upload,doc,数据结构习题集答案,E:\byrdocs-archive\metadata\34bf9c88e2a7ce920aa8854f75c4eea5.yml,34bf9c88e2a7ce920aa8854f75c4eea5.pdf,E:\byrdocs\34bf9c88e2a7ce920aa8854f75c4eea5.pdf,13528653,E:\byrdocs\34bf9c88e2a7ce920aa8854f75c4eea5.jpg,E:\byrdocs\34bf9c88e2a7ce920aa8854f75c4eea5.webp,,,https://byrdocs.org/files/34bf9c88e2a7ce920aa8854f75c4eea5.pdf
34d685c30d68913bc37dbdd15f993266,ready,include_after_storage_upload,book,Java语言程序设计与数据结构（基础篇）,E:\byrdocs-archive\metadata\34d685c30d68913bc37dbdd15f993266.yml,34d685c30d68913bc37dbdd15f993266.pdf,E:\byrdocs\34d685c30d68913bc37dbdd15f993266.pdf,138672310,E:\byrdocs\34d685c30d68913bc37dbdd15f993266.jpg,E:\byrdocs\34d685c30d68913bc37dbdd15f993266.webp,,,https://byrdocs.org/files/34d685c30d68913bc37dbdd15f993266.pdf
34dcff3d4e7faaaa747a5e2c0adf5ff8,ready,include_after_storage_upload,book,计算机导论与程序设计基础,E:\byrdocs-archive\metadata\34dcff3d4e7faaaa747a5e2c0adf5ff8.yml,34dcff3d4e7faaaa747a5e2c0adf5ff8.pdf,E:\byrdocs\34dcff3d4e7faaaa747a5e2c0adf5ff8.pdf,5113752,E:\byrdocs\34dcff3d4e7faaaa747a5e2c0adf5ff8.jpg,E:\byrdocs\34dcff3d4e7faaaa747a5e2c0adf5ff8.webp,,,https://byrdocs.org/files/34dcff3d4e7faaaa747a5e2c0adf5ff8.pdf
34dff527e73cdae2f88583ca0847e2d2,ready,include_after_storage_upload,test,数学分析（下）,E:\byrdocs-archive\metadata\34dff527e73cdae2f88583ca0847e2d2.yml,34dff527e73cdae2f88583ca0847e2d2.pdf,E:\byrdocs\34dff527e73cdae2f88583ca0847e2d2.pdf,215811,E:\byrdocs\34dff527e73cdae2f88583ca0847e2d2.jpg,E:\byrdocs\34dff527e73cdae2f88583ca0847e2d2.webp,,,https://byrdocs.org/files/34dff527e73cdae2f88583ca0847e2d2.pdf
34e03786abfcbe01e52a64b2857dbae2,ready,include_after_storage_upload,test,高等数学（下）,E:\byrdocs-archive\metadata\34e03786abfcbe01e52a64b2857dbae2.yml,34e03786abfcbe01e52a64b2857dbae2.pdf,E:\byrdocs\34e03786abfcbe01e52a64b2857dbae2.pdf,135833,E:\byrdocs\34e03786abfcbe01e52a64b2857dbae2.jpg,E:\byrdocs\34e03786abfcbe01e52a64b2857dbae2.webp,,,https://byrdocs.org/files/34e03786abfcbe01e52a64b2857dbae2.pdf
3545b42bdc23f6049e573496f7aef7b2,ready,include_after_storage_upload,test,矩阵分析与应用,E:\byrdocs-archive\metadata\3545b42bdc23f6049e573496f7aef7b2.yml,3545b42bdc23f6049e573496f7aef7b2.pdf,E:\byrdocs\3545b42bdc23f6049e573496f7aef7b2.pdf,293939,E:\byrdocs\3545b42bdc23f6049e573496f7aef7b2.jpg,E:\byrdocs\3545b42bdc23f6049e573496f7aef7b2.webp,,,https://byrdocs.org/files/3545b42bdc23f6049e573496f7aef7b2.pdf
355de6facd8a1b81a0ece4a138cfc200,ready,include_after_storage_upload,test,中国近现代史纲要,E:\byrdocs-archive\metadata\355de6facd8a1b81a0ece4a138cfc200.yml,355de6facd8a1b81a0ece4a138cfc200.pdf,E:\byrdocs\355de6facd8a1b81a0ece4a138cfc200.pdf,971442,E:\byrdocs\355de6facd8a1b81a0ece4a138cfc200.jpg,E:\byrdocs\355de6facd8a1b81a0ece4a138cfc200.webp,,,https://byrdocs.org/files/355de6facd8a1b81a0ece4a138cfc200.pdf
35743e2d801ea71a1a9288fec83290a7,ready,include_after_storage_upload,test,概率论与数理统计,E:\byrdocs-archive\metadata\35743e2d801ea71a1a9288fec83290a7.yml,35743e2d801ea71a1a9288fec83290a7.pdf,E:\byrdocs\35743e2d801ea71a1a9288fec83290a7.pdf,4703836,E:\byrdocs\35743e2d801ea71a1a9288fec83290a7.jpg,E:\byrdocs\35743e2d801ea71a1a9288fec83290a7.webp,,,https://byrdocs.org/files/35743e2d801ea71a1a9288fec83290a7.pdf
35af4353636279f6572da915e782a833,ready,include_after_storage_upload,book,离散数学结构/Discrete Mathematical Structures,E:\byrdocs-archive\metadata\35af4353636279f6572da915e782a833.yml,35af4353636279f6572da915e782a833.pdf,E:\byrdocs\35af4353636279f6572da915e782a833.pdf,48340117,E:\byrdocs\35af4353636279f6572da915e782a833.jpg,E:\byrdocs\35af4353636279f6572da915e782a833.webp,,,https://byrdocs.org/files/35af4353636279f6572da915e782a833.pdf
362b2d475ae7645d201dc5d951fe0637,ready,include_after_storage_upload,doc,元班数学分析第三次测验,E:\byrdocs-archive\metadata\362b2d475ae7645d201dc5d951fe0637.yml,362b2d475ae7645d201dc5d951fe0637.pdf,E:\byrdocs\362b2d475ae7645d201dc5d951fe0637.pdf,177745,E:\byrdocs\362b2d475ae7645d201dc5d951fe0637.jpg,E:\byrdocs\362b2d475ae7645d201dc5d951fe0637.webp,,,https://byrdocs.org/files/362b2d475ae7645d201dc5d951fe0637.pdf
3633640eaf84ea463be5266a5754a697,ready,include_after_storage_upload,book,高等数学（上）,E:\byrdocs-archive\metadata\3633640eaf84ea463be5266a5754a697.yml,3633640eaf84ea463be5266a5754a697.pdf,E:\byrdocs\3633640eaf84ea463be5266a5754a697.pdf,16504423,E:\byrdocs\3633640eaf84ea463be5266a5754a697.jpg,E:\byrdocs\3633640eaf84ea463be5266a5754a697.webp,,,https://byrdocs.org/files/3633640eaf84ea463be5266a5754a697.pdf
364ea4af394e6b2a3117e0055b085b5a,ready,include_after_storage_upload,test,离散数学,E:\byrdocs-archive\metadata\364ea4af394e6b2a3117e0055b085b5a.yml,364ea4af394e6b2a3117e0055b085b5a.pdf,E:\byrdocs\364ea4af394e6b2a3117e0055b085b5a.pdf,5846248,E:\byrdocs\364ea4af394e6b2a3117e0055b085b5a.jpg,E:\byrdocs\364ea4af394e6b2a3117e0055b085b5a.webp,,,https://byrdocs.org/files/364ea4af394e6b2a3117e0055b085b5a.pdf
364f31e43cbb627cbb809f3937dd4e02,ready,include_after_storage_upload,doc,网络空间安全导论实践实验报告,E:\byrdocs-archive\metadata\364f31e43cbb627cbb809f3937dd4e02.yml,364f31e43cbb627cbb809f3937dd4e02.zip,E:\byrdocs\364f31e43cbb627cbb809f3937dd4e02.zip,16865477,E:\byrdocs\364f31e43cbb627cbb809f3937dd4e02.jpg,E:\byrdocs\364f31e43cbb627cbb809f3937dd4e02.webp,,,https://byrdocs.org/files/364f31e43cbb627cbb809f3937dd4e02.zip
3665efa29893c5bc7d20c1d8bb19a10a,ready,include_after_storage_upload,book,计算机系统结构教程,E:\byrdocs-archive\metadata\3665efa29893c5bc7d20c1d8bb19a10a.yml,3665efa29893c5bc7d20c1d8bb19a10a.pdf,E:\byrdocs\3665efa29893c5bc7d20c1d8bb19a10a.pdf,43703806,E:\byrdocs\3665efa29893c5bc7d20c1d8bb19a10a.jpg,E:\byrdocs\3665efa29893c5bc7d20c1d8bb19a10a.webp,,,https://byrdocs.org/files/3665efa29893c5bc7d20c1d8bb19a10a.pdf
3682ba83ac0ba416ee1356339c762c5b,ready,include_after_storage_upload,book,人工智能：现代方法（第4版）,E:\byrdocs-archive\metadata\3682ba83ac0ba416ee1356339c762c5b.yml,3682ba83ac0ba416ee1356339c762c5b.pdf,E:\byrdocs\3682ba83ac0ba416ee1356339c762c5b.pdf,192884368,E:\byrdocs\3682ba83ac0ba416ee1356339c762c5b.jpg,E:\byrdocs\3682ba83ac0ba416ee1356339c762c5b.webp,,,https://byrdocs.org/files/3682ba83ac0ba416ee1356339c762c5b.pdf
36b84de3320ec316dac03779ac77e774,ready,include_after_storage_upload,test,高等数学A（上）,E:\byrdocs-archive\metadata\36b84de3320ec316dac03779ac77e774.yml,36b84de3320ec316dac03779ac77e774.pdf,E:\byrdocs\36b84de3320ec316dac03779ac77e774.pdf,7133875,E:\byrdocs\36b84de3320ec316dac03779ac77e774.jpg,E:\byrdocs\36b84de3320ec316dac03779ac77e774.webp,,,https://byrdocs.org/files/36b84de3320ec316dac03779ac77e774.pdf
36c0deb11dc005fa69feb03f1e67da15,ready,include_after_storage_upload,test,数学分析（下）,E:\byrdocs-archive\metadata\36c0deb11dc005fa69feb03f1e67da15.yml,36c0deb11dc005fa69feb03f1e67da15.pdf,E:\byrdocs\36c0deb11dc005fa69feb03f1e67da15.pdf,513059,E:\byrdocs\36c0deb11dc005fa69feb03f1e67da15.jpg,E:\byrdocs\36c0deb11dc005fa69feb03f1e67da15.webp,,,https://byrdocs.org/files/36c0deb11dc005fa69feb03f1e67da15.pdf
373f437400dd4d3d53d8bf11cde57af7,ready,include_after_storage_upload,book,计算机系统结构学习指导与题解,E:\byrdocs-archive\metadata\373f437400dd4d3d53d8bf11cde57af7.yml,373f437400dd4d3d53d8bf11cde57af7.pdf,E:\byrdocs\373f437400dd4d3d53d8bf11cde57af7.pdf,23704627,E:\byrdocs\373f437400dd4d3d53d8bf11cde57af7.jpg,E:\byrdocs\373f437400dd4d3d53d8bf11cde57af7.webp,,,https://byrdocs.org/files/373f437400dd4d3d53d8bf11cde57af7.pdf
376e69c9ca2df90bdf5748c3c16bda69,ready,include_after_storage_upload,book,Operating System Concepts,E:\byrdocs-archive\metadata\376e69c9ca2df90bdf5748c3c16bda69.yml,376e69c9ca2df90bdf5748c3c16bda69.pdf,E:\byrdocs\376e69c9ca2df90bdf5748c3c16bda69.pdf,7038104,E:\byrdocs\376e69c9ca2df90bdf5748c3c16bda69.jpg,E:\byrdocs\376e69c9ca2df90bdf5748c3c16bda69.webp,,,https://byrdocs.org/files/376e69c9ca2df90bdf5748c3c16bda69.pdf
37dd011efb2c7715274b577f3ee63b0d,ready,include_after_storage_upload,book,大学英语实验教程（阅读）1,E:\byrdocs-archive\metadata\37dd011efb2c7715274b577f3ee63b0d.yml,37dd011efb2c7715274b577f3ee63b0d.pdf,E:\byrdocs\37dd011efb2c7715274b577f3ee63b0d.pdf,5747340,E:\byrdocs\37dd011efb2c7715274b577f3ee63b0d.jpg,E:\byrdocs\37dd011efb2c7715274b577f3ee63b0d.webp,,,https://byrdocs.org/files/37dd011efb2c7715274b577f3ee63b0d.pdf
37ede6b756b350460371b6d31c609d1b,ready,include_after_storage_upload,doc,Computer Networks Fifth Edition Problem Solutions,E:\byrdocs-archive\metadata\37ede6b756b350460371b6d31c609d1b.yml,37ede6b756b350460371b6d31c609d1b.pdf,E:\byrdocs\37ede6b756b350460371b6d31c609d1b.pdf,595551,E:\byrdocs\37ede6b756b350460371b6d31c609d1b.jpg,E:\byrdocs\37ede6b756b350460371b6d31c609d1b.webp,,,https://byrdocs.org/files/37ede6b756b350460371b6d31c609d1b.pdf
38248e0d9d1458af4802877fc22d510f,ready,include_after_storage_upload,test,数据库系统原理,E:\byrdocs-archive\metadata\38248e0d9d1458af4802877fc22d510f.yml,38248e0d9d1458af4802877fc22d510f.pdf,E:\byrdocs\38248e0d9d1458af4802877fc22d510f.pdf,12667741,E:\byrdocs\38248e0d9d1458af4802877fc22d510f.jpg,E:\byrdocs\38248e0d9d1458af4802877fc22d510f.webp,,,https://byrdocs.org/files/38248e0d9d1458af4802877fc22d510f.pdf
3869d408e8ca241c4e055a1666851767,ready,include_after_storage_upload,book,工科数学分析基础教学辅导书 下册,E:\byrdocs-archive\metadata\3869d408e8ca241c4e055a1666851767.yml,3869d408e8ca241c4e055a1666851767.pdf,E:\byrdocs\3869d408e8ca241c4e055a1666851767.pdf,13015660,E:\byrdocs\3869d408e8ca241c4e055a1666851767.jpg,E:\byrdocs\3869d408e8ca241c4e055a1666851767.webp,,,https://byrdocs.org/files/3869d408e8ca241c4e055a1666851767.pdf
388c174a82fb62011832090796326dd4,ready,include_after_storage_upload,doc,电磁场各章PPT/复习,E:\byrdocs-archive\metadata\388c174a82fb62011832090796326dd4.yml,388c174a82fb62011832090796326dd4.zip,E:\byrdocs\388c174a82fb62011832090796326dd4.zip,43445927,E:\byrdocs\388c174a82fb62011832090796326dd4.jpg,E:\byrdocs\388c174a82fb62011832090796326dd4.webp,,,https://byrdocs.org/files/388c174a82fb62011832090796326dd4.zip
390c24ea9dd171c65cb16e8360f4f550,ready,include_after_storage_upload,test,软件工程,E:\byrdocs-archive\metadata\390c24ea9dd171c65cb16e8360f4f550.yml,390c24ea9dd171c65cb16e8360f4f550.pdf,E:\byrdocs\390c24ea9dd171c65cb16e8360f4f550.pdf,556150,E:\byrdocs\390c24ea9dd171c65cb16e8360f4f550.jpg,E:\byrdocs\390c24ea9dd171c65cb16e8360f4f550.webp,,,https://byrdocs.org/files/390c24ea9dd171c65cb16e8360f4f550.pdf
395e58ed2c6c27eb95cfa9280ac844fa,ready,include_after_storage_upload,book,大话存储——网络存储系统原理精解与最佳实践,E:\byrdocs-archive\metadata\395e58ed2c6c27eb95cfa9280ac844fa.yml,395e58ed2c6c27eb95cfa9280ac844fa.pdf,E:\byrdocs\395e58ed2c6c27eb95cfa9280ac844fa.pdf,76698964,E:\byrdocs\395e58ed2c6c27eb95cfa9280ac844fa.jpg,E:\byrdocs\395e58ed2c6c27eb95cfa9280ac844fa.webp,,,https://byrdocs.org/files/395e58ed2c6c27eb95cfa9280ac844fa.pdf
39b04eab3814221ca8543e279aae7504,ready,include_after_storage_upload,test,信息通信概论A,E:\byrdocs-archive\metadata\39b04eab3814221ca8543e279aae7504.yml,39b04eab3814221ca8543e279aae7504.pdf,E:\byrdocs\39b04eab3814221ca8543e279aae7504.pdf,2127633,E:\byrdocs\39b04eab3814221ca8543e279aae7504.jpg,E:\byrdocs\39b04eab3814221ca8543e279aae7504.webp,,,https://byrdocs.org/files/39b04eab3814221ca8543e279aae7504.pdf
39b8d267330f3e621d4a051192cbf113,ready,include_after_storage_upload,test,软件工程,E:\byrdocs-archive\metadata\39b8d267330f3e621d4a051192cbf113.yml,39b8d267330f3e621d4a051192cbf113.pdf,E:\byrdocs\39b8d267330f3e621d4a051192cbf113.pdf,1704418,E:\byrdocs\39b8d267330f3e621d4a051192cbf113.jpg,E:\byrdocs\39b8d267330f3e621d4a051192cbf113.webp,,,https://byrdocs.org/files/39b8d267330f3e621d4a051192cbf113.pdf
3a039efbea61898c5e6924139bdad2b0,ready,include_after_storage_upload,test,通信原理,E:\byrdocs-archive\metadata\3a039efbea61898c5e6924139bdad2b0.yml,3a039efbea61898c5e6924139bdad2b0.pdf,E:\byrdocs\3a039efbea61898c5e6924139bdad2b0.pdf,829897,E:\byrdocs\3a039efbea61898c5e6924139bdad2b0.jpg,E:\byrdocs\3a039efbea61898c5e6924139bdad2b0.webp,,,https://byrdocs.org/files/3a039efbea61898c5e6924139bdad2b0.pdf
3a1e5aa0ec64e12498c7b42218571ead,ready,include_after_storage_upload,test,概率论与数理统计,E:\byrdocs-archive\metadata\3a1e5aa0ec64e12498c7b42218571ead.yml,3a1e5aa0ec64e12498c7b42218571ead.pdf,E:\byrdocs\3a1e5aa0ec64e12498c7b42218571ead.pdf,6787732,E:\byrdocs\3a1e5aa0ec64e12498c7b42218571ead.jpg,E:\byrdocs\3a1e5aa0ec64e12498c7b42218571ead.webp,,,https://byrdocs.org/files/3a1e5aa0ec64e12498c7b42218571ead.pdf
3a1ec61df019beefb1ea250b2f2c33be,ready,include_after_storage_upload,test,大学物理C,E:\byrdocs-archive\metadata\3a1ec61df019beefb1ea250b2f2c33be.yml,3a1ec61df019beefb1ea250b2f2c33be.pdf,E:\byrdocs\3a1ec61df019beefb1ea250b2f2c33be.pdf,1297245,E:\byrdocs\3a1ec61df019beefb1ea250b2f2c33be.jpg,E:\byrdocs\3a1ec61df019beefb1ea250b2f2c33be.webp,,,https://byrdocs.org/files/3a1ec61df019beefb1ea250b2f2c33be.pdf
3aa31bc4ab00450e689895a07c0e7bc7,ready,include_after_storage_upload,test,微波工程基础,E:\byrdocs-archive\metadata\3aa31bc4ab00450e689895a07c0e7bc7.yml,3aa31bc4ab00450e689895a07c0e7bc7.pdf,E:\byrdocs\3aa31bc4ab00450e689895a07c0e7bc7.pdf,523393,E:\byrdocs\3aa31bc4ab00450e689895a07c0e7bc7.jpg,E:\byrdocs\3aa31bc4ab00450e689895a07c0e7bc7.webp,,,https://byrdocs.org/files/3aa31bc4ab00450e689895a07c0e7bc7.pdf
3ab7b2a0ea89be913f753392763b2975,ready,include_after_storage_upload,book,复变函数论方法（复6版）,E:\byrdocs-archive\metadata\3ab7b2a0ea89be913f753392763b2975.yml,3ab7b2a0ea89be913f753392763b2975.pdf,E:\byrdocs\3ab7b2a0ea89be913f753392763b2975.pdf,18348436,E:\byrdocs\3ab7b2a0ea89be913f753392763b2975.jpg,E:\byrdocs\3ab7b2a0ea89be913f753392763b2975.webp,,,https://byrdocs.org/files/3ab7b2a0ea89be913f753392763b2975.pdf
3ad204d9f1ecfbde8832802fc3eee0be,ready,include_after_storage_upload,doc,高等数学基础,E:\byrdocs-archive\metadata\3ad204d9f1ecfbde8832802fc3eee0be.yml,3ad204d9f1ecfbde8832802fc3eee0be.pdf,E:\byrdocs\3ad204d9f1ecfbde8832802fc3eee0be.pdf,10145055,E:\byrdocs\3ad204d9f1ecfbde8832802fc3eee0be.jpg,E:\byrdocs\3ad204d9f1ecfbde8832802fc3eee0be.webp,,,https://byrdocs.org/files/3ad204d9f1ecfbde8832802fc3eee0be.pdf
3ad538f2ae3295752a537c8d8d36677d,ready,include_after_storage_upload,test,信号与系统,E:\byrdocs-archive\metadata\3ad538f2ae3295752a537c8d8d36677d.yml,3ad538f2ae3295752a537c8d8d36677d.pdf,E:\byrdocs\3ad538f2ae3295752a537c8d8d36677d.pdf,558065,E:\byrdocs\3ad538f2ae3295752a537c8d8d36677d.jpg,E:\byrdocs\3ad538f2ae3295752a537c8d8d36677d.webp,,,https://byrdocs.org/files/3ad538f2ae3295752a537c8d8d36677d.pdf
3b0bf93f1110b18771e3be8a212c85f6,ready,include_after_storage_upload,test,通信原理,E:\byrdocs-archive\metadata\3b0bf93f1110b18771e3be8a212c85f6.yml,3b0bf93f1110b18771e3be8a212c85f6.pdf,E:\byrdocs\3b0bf93f1110b18771e3be8a212c85f6.pdf,788551,E:\byrdocs\3b0bf93f1110b18771e3be8a212c85f6.jpg,E:\byrdocs\3b0bf93f1110b18771e3be8a212c85f6.webp,,,https://byrdocs.org/files/3b0bf93f1110b18771e3be8a212c85f6.pdf
3b597d14bfeab1e5eaeb5582e7c8f9a8,ready,include_after_storage_upload,book,应用密码学,E:\byrdocs-archive\metadata\3b597d14bfeab1e5eaeb5582e7c8f9a8.yml,3b597d14bfeab1e5eaeb5582e7c8f9a8.pdf,E:\byrdocs\3b597d14bfeab1e5eaeb5582e7c8f9a8.pdf,29350716,E:\byrdocs\3b597d14bfeab1e5eaeb5582e7c8f9a8.jpg,E:\byrdocs\3b597d14bfeab1e5eaeb5582e7c8f9a8.webp,,,https://byrdocs.org/files/3b597d14bfeab1e5eaeb5582e7c8f9a8.pdf
3b6d735bea40f502a8e0bdc04f016d70,ready,include_after_storage_upload,book,计算机网络,E:\byrdocs-archive\metadata\3b6d735bea40f502a8e0bdc04f016d70.yml,3b6d735bea40f502a8e0bdc04f016d70.pdf,E:\byrdocs\3b6d735bea40f502a8e0bdc04f016d70.pdf,72815669,E:\byrdocs\3b6d735bea40f502a8e0bdc04f016d70.jpg,E:\byrdocs\3b6d735bea40f502a8e0bdc04f016d70.webp,,,https://byrdocs.org/files/3b6d735bea40f502a8e0bdc04f016d70.pdf
3b71117af25ad5f9e702bf33899c2ef0,ready,include_after_storage_upload,book,高等数学 下册,E:\byrdocs-archive\metadata\3b71117af25ad5f9e702bf33899c2ef0.yml,3b71117af25ad5f9e702bf33899c2ef0.pdf,E:\byrdocs\3b71117af25ad5f9e702bf33899c2ef0.pdf,11300988,E:\byrdocs\3b71117af25ad5f9e702bf33899c2ef0.jpg,E:\byrdocs\3b71117af25ad5f9e702bf33899c2ef0.webp,,,https://byrdocs.org/files/3b71117af25ad5f9e702bf33899c2ef0.pdf
3b824c6cd52af9e2e141e4a9bbcda38a,ready,include_after_storage_upload,test,新视野英语A（上）,E:\byrdocs-archive\metadata\3b824c6cd52af9e2e141e4a9bbcda38a.yml,3b824c6cd52af9e2e141e4a9bbcda38a.pdf,E:\byrdocs\3b824c6cd52af9e2e141e4a9bbcda38a.pdf,16360492,E:\byrdocs\3b824c6cd52af9e2e141e4a9bbcda38a.jpg,E:\byrdocs\3b824c6cd52af9e2e141e4a9bbcda38a.webp,,,https://byrdocs.org/files/3b824c6cd52af9e2e141e4a9bbcda38a.pdf
3c6665b721d1095c59cda53ee86c8057,ready,include_after_storage_upload,test,马克思主义基本原理,E:\byrdocs-archive\metadata\3c6665b721d1095c59cda53ee86c8057.yml,3c6665b721d1095c59cda53ee86c8057.pdf,E:\byrdocs\3c6665b721d1095c59cda53ee86c8057.pdf,946074,E:\byrdocs\3c6665b721d1095c59cda53ee86c8057.jpg,E:\byrdocs\3c6665b721d1095c59cda53ee86c8057.webp,,,https://byrdocs.org/files/3c6665b721d1095c59cda53ee86c8057.pdf
3cf9fa8e25025f1134cca21a99f5bd51,ready,include_after_storage_upload,book,信号与系统,E:\byrdocs-archive\metadata\3cf9fa8e25025f1134cca21a99f5bd51.yml,3cf9fa8e25025f1134cca21a99f5bd51.pdf,E:\byrdocs\3cf9fa8e25025f1134cca21a99f5bd51.pdf,87405966,E:\byrdocs\3cf9fa8e25025f1134cca21a99f5bd51.jpg,E:\byrdocs\3cf9fa8e25025f1134cca21a99f5bd51.webp,,,https://byrdocs.org/files/3cf9fa8e25025f1134cca21a99f5bd51.pdf
3d1ea12d94b7de35dd588cb2968cae8a,ready,include_after_storage_upload,test,电磁场与电磁波,E:\byrdocs-archive\metadata\3d1ea12d94b7de35dd588cb2968cae8a.yml,3d1ea12d94b7de35dd588cb2968cae8a.pdf,E:\byrdocs\3d1ea12d94b7de35dd588cb2968cae8a.pdf,414550,E:\byrdocs\3d1ea12d94b7de35dd588cb2968cae8a.jpg,E:\byrdocs\3d1ea12d94b7de35dd588cb2968cae8a.webp,,,https://byrdocs.org/files/3d1ea12d94b7de35dd588cb2968cae8a.pdf
3d5cf6ced1a5ddc8ae12414207a6740a,ready,include_after_storage_upload,doc,《马原》期末复习资料【2023版】-摘云子,E:\byrdocs-archive\metadata\3d5cf6ced1a5ddc8ae12414207a6740a.yml,3d5cf6ced1a5ddc8ae12414207a6740a.pdf,E:\byrdocs\3d5cf6ced1a5ddc8ae12414207a6740a.pdf,614347,E:\byrdocs\3d5cf6ced1a5ddc8ae12414207a6740a.jpg,E:\byrdocs\3d5cf6ced1a5ddc8ae12414207a6740a.webp,,,https://byrdocs.org/files/3d5cf6ced1a5ddc8ae12414207a6740a.pdf
3d6fa4f7305fb91e9c014e468037310c,ready,include_after_storage_upload,doc,工程制图习题解答,E:\byrdocs-archive\metadata\3d6fa4f7305fb91e9c014e468037310c.yml,3d6fa4f7305fb91e9c014e468037310c.pdf,E:\byrdocs\3d6fa4f7305fb91e9c014e468037310c.pdf,51721295,E:\byrdocs\3d6fa4f7305fb91e9c014e468037310c.jpg,E:\byrdocs\3d6fa4f7305fb91e9c014e468037310c.webp,,,https://byrdocs.org/files/3d6fa4f7305fb91e9c014e468037310c.pdf
3d71956ffd093f88a038ed3a4bbe4bbc,ready,include_after_storage_upload,test,大学物理（上）,E:\byrdocs-archive\metadata\3d71956ffd093f88a038ed3a4bbe4bbc.yml,3d71956ffd093f88a038ed3a4bbe4bbc.pdf,E:\byrdocs\3d71956ffd093f88a038ed3a4bbe4bbc.pdf,926899,E:\byrdocs\3d71956ffd093f88a038ed3a4bbe4bbc.jpg,E:\byrdocs\3d71956ffd093f88a038ed3a4bbe4bbc.webp,,,https://byrdocs.org/files/3d71956ffd093f88a038ed3a4bbe4bbc.pdf
3ddd1d4a0f47e21679af623963614cea,ready,include_after_storage_upload,book,数据结构与算法,E:\byrdocs-archive\metadata\3ddd1d4a0f47e21679af623963614cea.yml,3ddd1d4a0f47e21679af623963614cea.pdf,E:\byrdocs\3ddd1d4a0f47e21679af623963614cea.pdf,94040629,E:\byrdocs\3ddd1d4a0f47e21679af623963614cea.jpg,E:\byrdocs\3ddd1d4a0f47e21679af623963614cea.webp,,,https://byrdocs.org/files/3ddd1d4a0f47e21679af623963614cea.pdf
3e29614e5eb839b944a2351c17e2e603,ready,include_after_storage_upload,test,通信原理I,E:\byrdocs-archive\metadata\3e29614e5eb839b944a2351c17e2e603.yml,3e29614e5eb839b944a2351c17e2e603.pdf,E:\byrdocs\3e29614e5eb839b944a2351c17e2e603.pdf,2531158,E:\byrdocs\3e29614e5eb839b944a2351c17e2e603.jpg,E:\byrdocs\3e29614e5eb839b944a2351c17e2e603.webp,,,https://byrdocs.org/files/3e29614e5eb839b944a2351c17e2e603.pdf
3e29f95134df9992312fc4428db67f5b,ready,include_after_storage_upload,test,英语听说2,E:\byrdocs-archive\metadata\3e29f95134df9992312fc4428db67f5b.yml,3e29f95134df9992312fc4428db67f5b.pdf,E:\byrdocs\3e29f95134df9992312fc4428db67f5b.pdf,9377486,E:\byrdocs\3e29f95134df9992312fc4428db67f5b.jpg,E:\byrdocs\3e29f95134df9992312fc4428db67f5b.webp,,,https://byrdocs.org/files/3e29f95134df9992312fc4428db67f5b.pdf
3e4a154432885e2e4459ba532a5f17d5,ready,include_after_storage_upload,test,信息论基础,E:\byrdocs-archive\metadata\3e4a154432885e2e4459ba532a5f17d5.yml,3e4a154432885e2e4459ba532a5f17d5.pdf,E:\byrdocs\3e4a154432885e2e4459ba532a5f17d5.pdf,577868,E:\byrdocs\3e4a154432885e2e4459ba532a5f17d5.jpg,E:\byrdocs\3e4a154432885e2e4459ba532a5f17d5.webp,,,https://byrdocs.org/files/3e4a154432885e2e4459ba532a5f17d5.pdf
3eb071b6be2e6614d27aa4d894c51493,ready,include_after_storage_upload,doc,题库/知识点,E:\byrdocs-archive\metadata\3eb071b6be2e6614d27aa4d894c51493.yml,3eb071b6be2e6614d27aa4d894c51493.pdf,E:\byrdocs\3eb071b6be2e6614d27aa4d894c51493.pdf,5494202,E:\byrdocs\3eb071b6be2e6614d27aa4d894c51493.jpg,E:\byrdocs\3eb071b6be2e6614d27aa4d894c51493.webp,,,https://byrdocs.org/files/3eb071b6be2e6614d27aa4d894c51493.pdf
3eba821057e920c1347821208b6b12a9,ready,include_after_storage_upload,book,新概念物理教程 光学,E:\byrdocs-archive\metadata\3eba821057e920c1347821208b6b12a9.yml,3eba821057e920c1347821208b6b12a9.pdf,E:\byrdocs\3eba821057e920c1347821208b6b12a9.pdf,66558473,E:\byrdocs\3eba821057e920c1347821208b6b12a9.jpg,E:\byrdocs\3eba821057e920c1347821208b6b12a9.webp,,,https://byrdocs.org/files/3eba821057e920c1347821208b6b12a9.pdf
3ed7efb292ca626df242d37f18d56c36,ready,include_after_storage_upload,book,无线通信安全,E:\byrdocs-archive\metadata\3ed7efb292ca626df242d37f18d56c36.yml,3ed7efb292ca626df242d37f18d56c36.pdf,E:\byrdocs\3ed7efb292ca626df242d37f18d56c36.pdf,22231254,E:\byrdocs\3ed7efb292ca626df242d37f18d56c36.jpg,E:\byrdocs\3ed7efb292ca626df242d37f18d56c36.webp,,,https://byrdocs.org/files/3ed7efb292ca626df242d37f18d56c36.pdf
3f3f3ed4a935ba8b936248f0f6014b66,ready,include_after_storage_upload,book,大学物理学 上册,E:\byrdocs-archive\metadata\3f3f3ed4a935ba8b936248f0f6014b66.yml,3f3f3ed4a935ba8b936248f0f6014b66.pdf,E:\byrdocs\3f3f3ed4a935ba8b936248f0f6014b66.pdf,43550128,E:\byrdocs\3f3f3ed4a935ba8b936248f0f6014b66.jpg,E:\byrdocs\3f3f3ed4a935ba8b936248f0f6014b66.webp,,,https://byrdocs.org/files/3f3f3ed4a935ba8b936248f0f6014b66.pdf
3f8d9097204d3c0c9ee1396fdbc25f87,ready,include_after_storage_upload,test,离散数学,E:\byrdocs-archive\metadata\3f8d9097204d3c0c9ee1396fdbc25f87.yml,3f8d9097204d3c0c9ee1396fdbc25f87.pdf,E:\byrdocs\3f8d9097204d3c0c9ee1396fdbc25f87.pdf,335696,E:\byrdocs\3f8d9097204d3c0c9ee1396fdbc25f87.jpg,E:\byrdocs\3f8d9097204d3c0c9ee1396fdbc25f87.webp,,,https://byrdocs.org/files/3f8d9097204d3c0c9ee1396fdbc25f87.pdf
3fa600eced2d6aa70e3feb62644125cc,ready,include_after_storage_upload,test,软件工程,E:\byrdocs-archive\metadata\3fa600eced2d6aa70e3feb62644125cc.yml,3fa600eced2d6aa70e3feb62644125cc.pdf,E:\byrdocs\3fa600eced2d6aa70e3feb62644125cc.pdf,612919,E:\byrdocs\3fa600eced2d6aa70e3feb62644125cc.jpg,E:\byrdocs\3fa600eced2d6aa70e3feb62644125cc.webp,,,https://byrdocs.org/files/3fa600eced2d6aa70e3feb62644125cc.pdf
3fac6cab591ee2da4b1551c49dd801da,ready,include_after_storage_upload,book,光纤通信系统,E:\byrdocs-archive\metadata\3fac6cab591ee2da4b1551c49dd801da.yml,3fac6cab591ee2da4b1551c49dd801da.pdf,E:\byrdocs\3fac6cab591ee2da4b1551c49dd801da.pdf,117540583,E:\byrdocs\3fac6cab591ee2da4b1551c49dd801da.jpg,E:\byrdocs\3fac6cab591ee2da4b1551c49dd801da.webp,,,https://byrdocs.org/files/3fac6cab591ee2da4b1551c49dd801da.pdf
3faf25056d5bc6e7732963fcc9390fad,ready,include_after_storage_upload,doc,马克思主义基本原理PPT-夏钊ver,E:\byrdocs-archive\metadata\3faf25056d5bc6e7732963fcc9390fad.yml,3faf25056d5bc6e7732963fcc9390fad.zip,E:\byrdocs\3faf25056d5bc6e7732963fcc9390fad.zip,580568685,E:\byrdocs\3faf25056d5bc6e7732963fcc9390fad.jpg,E:\byrdocs\3faf25056d5bc6e7732963fcc9390fad.webp,,,https://byrdocs.org/files/3faf25056d5bc6e7732963fcc9390fad.zip
3fc6130e80ce9f651193a4668c3c582c,ready,include_after_storage_upload,doc,17年数据结构课件,E:\byrdocs-archive\metadata\3fc6130e80ce9f651193a4668c3c582c.yml,3fc6130e80ce9f651193a4668c3c582c.zip,E:\byrdocs\3fc6130e80ce9f651193a4668c3c582c.zip,15499540,E:\byrdocs\3fc6130e80ce9f651193a4668c3c582c.jpg,E:\byrdocs\3fc6130e80ce9f651193a4668c3c582c.webp,,,https://byrdocs.org/files/3fc6130e80ce9f651193a4668c3c582c.zip
3ff668e65a1f46c1b08a91260334d0e6,ready,include_after_storage_upload,doc,毛概2021前七章知识点,E:\byrdocs-archive\metadata\3ff668e65a1f46c1b08a91260334d0e6.yml,3ff668e65a1f46c1b08a91260334d0e6.pdf,E:\byrdocs\3ff668e65a1f46c1b08a91260334d0e6.pdf,4903203,E:\byrdocs\3ff668e65a1f46c1b08a91260334d0e6.jpg,E:\byrdocs\3ff668e65a1f46c1b08a91260334d0e6.webp,,,https://byrdocs.org/files/3ff668e65a1f46c1b08a91260334d0e6.pdf
3ffbfb9c3faf7b38a5f4c3d990a064d4,ready,include_after_storage_upload,test,计算导论与程序设计,E:\byrdocs-archive\metadata\3ffbfb9c3faf7b38a5f4c3d990a064d4.yml,3ffbfb9c3faf7b38a5f4c3d990a064d4.pdf,E:\byrdocs\3ffbfb9c3faf7b38a5f4c3d990a064d4.pdf,19834098,E:\byrdocs\3ffbfb9c3faf7b38a5f4c3d990a064d4.jpg,E:\byrdocs\3ffbfb9c3faf7b38a5f4c3d990a064d4.webp,,,https://byrdocs.org/files/3ffbfb9c3faf7b38a5f4c3d990a064d4.pdf
409f41b119eb34c6f4b3a87b1cbf9c8c,ready,include_after_storage_upload,test,概率论与随机过程,E:\byrdocs-archive\metadata\409f41b119eb34c6f4b3a87b1cbf9c8c.yml,409f41b119eb34c6f4b3a87b1cbf9c8c.pdf,E:\byrdocs\409f41b119eb34c6f4b3a87b1cbf9c8c.pdf,528419,E:\byrdocs\409f41b119eb34c6f4b3a87b1cbf9c8c.jpg,E:\byrdocs\409f41b119eb34c6f4b3a87b1cbf9c8c.webp,,,https://byrdocs.org/files/409f41b119eb34c6f4b3a87b1cbf9c8c.pdf
40e92469a31d04f6b703aa48f314936e,ready,include_after_storage_upload,book,全国大学生数学竞赛解析教程 数学专业类 下册 高等代数与解析几何,E:\byrdocs-archive\metadata\40e92469a31d04f6b703aa48f314936e.yml,40e92469a31d04f6b703aa48f314936e.pdf,E:\byrdocs\40e92469a31d04f6b703aa48f314936e.pdf,104956899,E:\byrdocs\40e92469a31d04f6b703aa48f314936e.jpg,E:\byrdocs\40e92469a31d04f6b703aa48f314936e.webp,,,https://byrdocs.org/files/40e92469a31d04f6b703aa48f314936e.pdf
40fffdc6f35634c98891771f359b211a,ready,include_after_storage_upload,book,演讲的艺术：第十三版：中国版,E:\byrdocs-archive\metadata\40fffdc6f35634c98891771f359b211a.yml,40fffdc6f35634c98891771f359b211a.pdf,E:\byrdocs\40fffdc6f35634c98891771f359b211a.pdf,192429544,E:\byrdocs\40fffdc6f35634c98891771f359b211a.jpg,E:\byrdocs\40fffdc6f35634c98891771f359b211a.webp,,,https://byrdocs.org/files/40fffdc6f35634c98891771f359b211a.pdf
41f62d9b234263bc1ffa787f98bff0ce,ready,include_after_storage_upload,doc,各章练习题,E:\byrdocs-archive\metadata\41f62d9b234263bc1ffa787f98bff0ce.yml,41f62d9b234263bc1ffa787f98bff0ce.zip,E:\byrdocs\41f62d9b234263bc1ffa787f98bff0ce.zip,909822,E:\byrdocs\41f62d9b234263bc1ffa787f98bff0ce.jpg,E:\byrdocs\41f62d9b234263bc1ffa787f98bff0ce.webp,,,https://byrdocs.org/files/41f62d9b234263bc1ffa787f98bff0ce.zip
4203c9aaf3ddf7447f147625d65f297b,ready,include_after_storage_upload,book,离散数学,E:\byrdocs-archive\metadata\4203c9aaf3ddf7447f147625d65f297b.yml,4203c9aaf3ddf7447f147625d65f297b.pdf,E:\byrdocs\4203c9aaf3ddf7447f147625d65f297b.pdf,61320138,E:\byrdocs\4203c9aaf3ddf7447f147625d65f297b.jpg,E:\byrdocs\4203c9aaf3ddf7447f147625d65f297b.webp,,,https://byrdocs.org/files/4203c9aaf3ddf7447f147625d65f297b.pdf
4213e05d775cf6a327d8d722bb373322,ready,include_after_storage_upload,test,编译原理与技术,E:\byrdocs-archive\metadata\4213e05d775cf6a327d8d722bb373322.yml,4213e05d775cf6a327d8d722bb373322.pdf,E:\byrdocs\4213e05d775cf6a327d8d722bb373322.pdf,309407,E:\byrdocs\4213e05d775cf6a327d8d722bb373322.jpg,E:\byrdocs\4213e05d775cf6a327d8d722bb373322.webp,,,https://byrdocs.org/files/4213e05d775cf6a327d8d722bb373322.pdf
428187ce4a8635d5472693f597e45014,ready,include_after_storage_upload,book,思想道德与法治：2023年版,E:\byrdocs-archive\metadata\428187ce4a8635d5472693f597e45014.yml,428187ce4a8635d5472693f597e45014.pdf,E:\byrdocs\428187ce4a8635d5472693f597e45014.pdf,51287788,E:\byrdocs\428187ce4a8635d5472693f597e45014.jpg,E:\byrdocs\428187ce4a8635d5472693f597e45014.webp,,,https://byrdocs.org/files/428187ce4a8635d5472693f597e45014.pdf
42a8a732bbff753c7df0118dfd8522b7,ready,include_after_storage_upload,test,概率论与数理统计,E:\byrdocs-archive\metadata\42a8a732bbff753c7df0118dfd8522b7.yml,42a8a732bbff753c7df0118dfd8522b7.pdf,E:\byrdocs\42a8a732bbff753c7df0118dfd8522b7.pdf,189355,E:\byrdocs\42a8a732bbff753c7df0118dfd8522b7.jpg,E:\byrdocs\42a8a732bbff753c7df0118dfd8522b7.webp,,,https://byrdocs.org/files/42a8a732bbff753c7df0118dfd8522b7.pdf
42d33c75f57cfdaac1baf3abea5c551e,ready,include_after_storage_upload,test,概率论与数理统计,E:\byrdocs-archive\metadata\42d33c75f57cfdaac1baf3abea5c551e.yml,42d33c75f57cfdaac1baf3abea5c551e.pdf,E:\byrdocs\42d33c75f57cfdaac1baf3abea5c551e.pdf,5544118,E:\byrdocs\42d33c75f57cfdaac1baf3abea5c551e.jpg,E:\byrdocs\42d33c75f57cfdaac1baf3abea5c551e.webp,,,https://byrdocs.org/files/42d33c75f57cfdaac1baf3abea5c551e.pdf
42e1e61ee3fcd532d97ad55a1365b0e1,ready,include_after_storage_upload,test,概率论与随机过程,E:\byrdocs-archive\metadata\42e1e61ee3fcd532d97ad55a1365b0e1.yml,42e1e61ee3fcd532d97ad55a1365b0e1.pdf,E:\byrdocs\42e1e61ee3fcd532d97ad55a1365b0e1.pdf,1629102,E:\byrdocs\42e1e61ee3fcd532d97ad55a1365b0e1.jpg,E:\byrdocs\42e1e61ee3fcd532d97ad55a1365b0e1.webp,,,https://byrdocs.org/files/42e1e61ee3fcd532d97ad55a1365b0e1.pdf
4345526830c15162b3918f828ae52cae,ready,include_after_storage_upload,test,数学分析（上）,E:\byrdocs-archive\metadata\4345526830c15162b3918f828ae52cae.yml,4345526830c15162b3918f828ae52cae.pdf,E:\byrdocs\4345526830c15162b3918f828ae52cae.pdf,114459,E:\byrdocs\4345526830c15162b3918f828ae52cae.jpg,E:\byrdocs\4345526830c15162b3918f828ae52cae.webp,,,https://byrdocs.org/files/4345526830c15162b3918f828ae52cae.pdf
43a201ec157adde7c431092738c974a0,ready,include_after_storage_upload,book,图论及其应用,E:\byrdocs-archive\metadata\43a201ec157adde7c431092738c974a0.yml,43a201ec157adde7c431092738c974a0.pdf,E:\byrdocs\43a201ec157adde7c431092738c974a0.pdf,47620138,E:\byrdocs\43a201ec157adde7c431092738c974a0.jpg,E:\byrdocs\43a201ec157adde7c431092738c974a0.webp,,,https://byrdocs.org/files/43a201ec157adde7c431092738c974a0.pdf
43aea4ebf238530cc1a8483eacd8fb0e,ready,include_after_storage_upload,test,离散数学,E:\byrdocs-archive\metadata\43aea4ebf238530cc1a8483eacd8fb0e.yml,43aea4ebf238530cc1a8483eacd8fb0e.pdf,E:\byrdocs\43aea4ebf238530cc1a8483eacd8fb0e.pdf,247334,E:\byrdocs\43aea4ebf238530cc1a8483eacd8fb0e.jpg,E:\byrdocs\43aea4ebf238530cc1a8483eacd8fb0e.webp,,,https://byrdocs.org/files/43aea4ebf238530cc1a8483eacd8fb0e.pdf
43f894ce7840714612c5aa265455f34a,ready,include_after_storage_upload,doc,《中国近现代史纲要》考试宝典题库,E:\byrdocs-archive\metadata\43f894ce7840714612c5aa265455f34a.yml,43f894ce7840714612c5aa265455f34a.pdf,E:\byrdocs\43f894ce7840714612c5aa265455f34a.pdf,20070941,E:\byrdocs\43f894ce7840714612c5aa265455f34a.jpg,E:\byrdocs\43f894ce7840714612c5aa265455f34a.webp,,,https://byrdocs.org/files/43f894ce7840714612c5aa265455f34a.pdf
44024d0aea34336ec57676fe6362c995,ready,include_after_storage_upload,test,电路与电子学基础,E:\byrdocs-archive\metadata\44024d0aea34336ec57676fe6362c995.yml,44024d0aea34336ec57676fe6362c995.pdf,E:\byrdocs\44024d0aea34336ec57676fe6362c995.pdf,237100,E:\byrdocs\44024d0aea34336ec57676fe6362c995.jpg,E:\byrdocs\44024d0aea34336ec57676fe6362c995.webp,,,https://byrdocs.org/files/44024d0aea34336ec57676fe6362c995.pdf
44bc6d4d52be12e46679c2166987a256,ready,include_after_storage_upload,book,工科数学分析基础教学辅导书 上册,E:\byrdocs-archive\metadata\44bc6d4d52be12e46679c2166987a256.yml,44bc6d4d52be12e46679c2166987a256.pdf,E:\byrdocs\44bc6d4d52be12e46679c2166987a256.pdf,13914208,E:\byrdocs\44bc6d4d52be12e46679c2166987a256.jpg,E:\byrdocs\44bc6d4d52be12e46679c2166987a256.webp,,,https://byrdocs.org/files/44bc6d4d52be12e46679c2166987a256.pdf
44d5aeeeccbc036be55297f3a175e837,ready,include_after_storage_upload,book,密码学原理与实践（第三版）,E:\byrdocs-archive\metadata\44d5aeeeccbc036be55297f3a175e837.yml,44d5aeeeccbc036be55297f3a175e837.pdf,E:\byrdocs\44d5aeeeccbc036be55297f3a175e837.pdf,85815217,E:\byrdocs\44d5aeeeccbc036be55297f3a175e837.jpg,E:\byrdocs\44d5aeeeccbc036be55297f3a175e837.webp,,,https://byrdocs.org/files/44d5aeeeccbc036be55297f3a175e837.pdf
4525650879b57fc11f45a9df562730f1,ready,include_after_storage_upload,doc,操作系统概念例题与作业PPT,E:\byrdocs-archive\metadata\4525650879b57fc11f45a9df562730f1.yml,4525650879b57fc11f45a9df562730f1.zip,E:\byrdocs\4525650879b57fc11f45a9df562730f1.zip,15005274,E:\byrdocs\4525650879b57fc11f45a9df562730f1.jpg,E:\byrdocs\4525650879b57fc11f45a9df562730f1.webp,,,https://byrdocs.org/files/4525650879b57fc11f45a9df562730f1.zip
45399c27ec4a96ae6d826948c746302b,ready,include_after_storage_upload,book,Б. П. 吉米多维奇数学分析习题集题解 1,E:\byrdocs-archive\metadata\45399c27ec4a96ae6d826948c746302b.yml,45399c27ec4a96ae6d826948c746302b.pdf,E:\byrdocs\45399c27ec4a96ae6d826948c746302b.pdf,51125612,E:\byrdocs\45399c27ec4a96ae6d826948c746302b.jpg,E:\byrdocs\45399c27ec4a96ae6d826948c746302b.webp,,,https://byrdocs.org/files/45399c27ec4a96ae6d826948c746302b.pdf
45739d0073beda294f1f8e1400e3f899,ready,include_after_storage_upload,test,离散数学,E:\byrdocs-archive\metadata\45739d0073beda294f1f8e1400e3f899.yml,45739d0073beda294f1f8e1400e3f899.pdf,E:\byrdocs\45739d0073beda294f1f8e1400e3f899.pdf,5281328,E:\byrdocs\45739d0073beda294f1f8e1400e3f899.jpg,E:\byrdocs\45739d0073beda294f1f8e1400e3f899.webp,,,https://byrdocs.org/files/45739d0073beda294f1f8e1400e3f899.pdf
45786cd09764cb66c8afde5244fdc95c,ready,include_after_storage_upload,book,离散数学及其应用/Discrete Mathematics and Its Applications,E:\byrdocs-archive\metadata\45786cd09764cb66c8afde5244fdc95c.yml,45786cd09764cb66c8afde5244fdc95c.pdf,E:\byrdocs\45786cd09764cb66c8afde5244fdc95c.pdf,10398989,E:\byrdocs\45786cd09764cb66c8afde5244fdc95c.jpg,E:\byrdocs\45786cd09764cb66c8afde5244fdc95c.webp,,,https://byrdocs.org/files/45786cd09764cb66c8afde5244fdc95c.pdf
45891ca8566500af8fb9e0919396b882,ready,include_after_storage_upload,doc,数字逻辑（朱正东）习题答案,E:\byrdocs-archive\metadata\45891ca8566500af8fb9e0919396b882.yml,45891ca8566500af8fb9e0919396b882.pdf,E:\byrdocs\45891ca8566500af8fb9e0919396b882.pdf,4522633,E:\byrdocs\45891ca8566500af8fb9e0919396b882.jpg,E:\byrdocs\45891ca8566500af8fb9e0919396b882.webp,,,https://byrdocs.org/files/45891ca8566500af8fb9e0919396b882.pdf
45d9a611e17e9f724688e1f0d2744726,ready,include_after_storage_upload,book,《马克思主义基本原理》实践教学辅学读本,E:\byrdocs-archive\metadata\45d9a611e17e9f724688e1f0d2744726.yml,45d9a611e17e9f724688e1f0d2744726.pdf,E:\byrdocs\45d9a611e17e9f724688e1f0d2744726.pdf,3466863,E:\byrdocs\45d9a611e17e9f724688e1f0d2744726.jpg,E:\byrdocs\45d9a611e17e9f724688e1f0d2744726.webp,,,https://byrdocs.org/files/45d9a611e17e9f724688e1f0d2744726.pdf
464394260f7db6889829df2afb1ca107,ready,include_after_storage_upload,test,概率论与数理统计,E:\byrdocs-archive\metadata\464394260f7db6889829df2afb1ca107.yml,464394260f7db6889829df2afb1ca107.pdf,E:\byrdocs\464394260f7db6889829df2afb1ca107.pdf,2360027,E:\byrdocs\464394260f7db6889829df2afb1ca107.jpg,E:\byrdocs\464394260f7db6889829df2afb1ca107.webp,,,https://byrdocs.org/files/464394260f7db6889829df2afb1ca107.pdf
464c91737160fb8217e04c71622d3012,ready,include_after_storage_upload,test,高等数学A（上）,E:\byrdocs-archive\metadata\464c91737160fb8217e04c71622d3012.yml,464c91737160fb8217e04c71622d3012.pdf,E:\byrdocs\464c91737160fb8217e04c71622d3012.pdf,602381,E:\byrdocs\464c91737160fb8217e04c71622d3012.jpg,E:\byrdocs\464c91737160fb8217e04c71622d3012.webp,,,https://byrdocs.org/files/464c91737160fb8217e04c71622d3012.pdf
469a3d60ccaa6020f6db4ec58f12827f,ready,include_after_storage_upload,test,高等数学A（上）,E:\byrdocs-archive\metadata\469a3d60ccaa6020f6db4ec58f12827f.yml,469a3d60ccaa6020f6db4ec58f12827f.pdf,E:\byrdocs\469a3d60ccaa6020f6db4ec58f12827f.pdf,2145852,E:\byrdocs\469a3d60ccaa6020f6db4ec58f12827f.jpg,E:\byrdocs\469a3d60ccaa6020f6db4ec58f12827f.webp,,,https://byrdocs.org/files/469a3d60ccaa6020f6db4ec58f12827f.pdf
46ab086bad733201969fafa81ea2f142,ready,include_after_storage_upload,book,物理光学学习指导与题解,E:\byrdocs-archive\metadata\46ab086bad733201969fafa81ea2f142.yml,46ab086bad733201969fafa81ea2f142.pdf,E:\byrdocs\46ab086bad733201969fafa81ea2f142.pdf,88646016,E:\byrdocs\46ab086bad733201969fafa81ea2f142.jpg,E:\byrdocs\46ab086bad733201969fafa81ea2f142.webp,,,https://byrdocs.org/files/46ab086bad733201969fafa81ea2f142.pdf
46ce7aca8301f2e36a0662581ad48c47,ready,include_after_storage_upload,test,现代交换原理,E:\byrdocs-archive\metadata\46ce7aca8301f2e36a0662581ad48c47.yml,46ce7aca8301f2e36a0662581ad48c47.pdf,E:\byrdocs\46ce7aca8301f2e36a0662581ad48c47.pdf,473185,E:\byrdocs\46ce7aca8301f2e36a0662581ad48c47.jpg,E:\byrdocs\46ce7aca8301f2e36a0662581ad48c47.webp,,,https://byrdocs.org/files/46ce7aca8301f2e36a0662581ad48c47.pdf
471bba6ef86e7b4b58b6e3398920c490,ready,include_after_storage_upload,test,线性代数,E:\byrdocs-archive\metadata\471bba6ef86e7b4b58b6e3398920c490.yml,471bba6ef86e7b4b58b6e3398920c490.pdf,E:\byrdocs\471bba6ef86e7b4b58b6e3398920c490.pdf,3871895,E:\byrdocs\471bba6ef86e7b4b58b6e3398920c490.jpg,E:\byrdocs\471bba6ef86e7b4b58b6e3398920c490.webp,,,https://byrdocs.org/files/471bba6ef86e7b4b58b6e3398920c490.pdf
47444b141792442ee9f87acc23ec5b8b,ready,include_after_storage_upload,book,网络空间安全治理,E:\byrdocs-archive\metadata\47444b141792442ee9f87acc23ec5b8b.yml,47444b141792442ee9f87acc23ec5b8b.pdf,E:\byrdocs\47444b141792442ee9f87acc23ec5b8b.pdf,9932518,E:\byrdocs\47444b141792442ee9f87acc23ec5b8b.jpg,E:\byrdocs\47444b141792442ee9f87acc23ec5b8b.webp,,,https://byrdocs.org/files/47444b141792442ee9f87acc23ec5b8b.pdf
476afb576b270023204c2c95413bdd09,ready,include_after_storage_upload,book,概率论与数理统计/Probability Theory and Mathematical Statistics,E:\byrdocs-archive\metadata\476afb576b270023204c2c95413bdd09.yml,476afb576b270023204c2c95413bdd09.pdf,E:\byrdocs\476afb576b270023204c2c95413bdd09.pdf,50026152,E:\byrdocs\476afb576b270023204c2c95413bdd09.jpg,E:\byrdocs\476afb576b270023204c2c95413bdd09.webp,,,https://byrdocs.org/files/476afb576b270023204c2c95413bdd09.pdf
478c9559138dcb88dd1552c973788727,ready,include_after_storage_upload,book,全新版大学英语综合教程学生用书3,E:\byrdocs-archive\metadata\478c9559138dcb88dd1552c973788727.yml,478c9559138dcb88dd1552c973788727.pdf,E:\byrdocs\478c9559138dcb88dd1552c973788727.pdf,71625196,E:\byrdocs\478c9559138dcb88dd1552c973788727.jpg,E:\byrdocs\478c9559138dcb88dd1552c973788727.webp,,,https://byrdocs.org/files/478c9559138dcb88dd1552c973788727.pdf
47941ac5cb2b3947862f2aed19bec27e,ready,include_after_storage_upload,book,理论物理学教程 第9卷 统计物理学II（凝聚态理论） 第4版,E:\byrdocs-archive\metadata\47941ac5cb2b3947862f2aed19bec27e.yml,47941ac5cb2b3947862f2aed19bec27e.pdf,E:\byrdocs\47941ac5cb2b3947862f2aed19bec27e.pdf,34954686,E:\byrdocs\47941ac5cb2b3947862f2aed19bec27e.jpg,E:\byrdocs\47941ac5cb2b3947862f2aed19bec27e.webp,,,https://byrdocs.org/files/47941ac5cb2b3947862f2aed19bec27e.pdf
47f2842316419a350c06e4b4f1556315,ready,include_after_storage_upload,test,电路与电子学基础,E:\byrdocs-archive\metadata\47f2842316419a350c06e4b4f1556315.yml,47f2842316419a350c06e4b4f1556315.pdf,E:\byrdocs\47f2842316419a350c06e4b4f1556315.pdf,489879,E:\byrdocs\47f2842316419a350c06e4b4f1556315.jpg,E:\byrdocs\47f2842316419a350c06e4b4f1556315.webp,,,https://byrdocs.org/files/47f2842316419a350c06e4b4f1556315.pdf
48278b0e56a51148afdb0f15012ac0ea,ready,include_after_storage_upload,test,数学分析（下）,E:\byrdocs-archive\metadata\48278b0e56a51148afdb0f15012ac0ea.yml,48278b0e56a51148afdb0f15012ac0ea.pdf,E:\byrdocs\48278b0e56a51148afdb0f15012ac0ea.pdf,146243,E:\byrdocs\48278b0e56a51148afdb0f15012ac0ea.jpg,E:\byrdocs\48278b0e56a51148afdb0f15012ac0ea.webp,,,https://byrdocs.org/files/48278b0e56a51148afdb0f15012ac0ea.pdf
485994b7215891ea2abe9238677a7c4e,ready,include_after_storage_upload,doc,《计算机网络》课后习题答案,E:\byrdocs-archive\metadata\485994b7215891ea2abe9238677a7c4e.yml,485994b7215891ea2abe9238677a7c4e.pdf,E:\byrdocs\485994b7215891ea2abe9238677a7c4e.pdf,12223291,E:\byrdocs\485994b7215891ea2abe9238677a7c4e.jpg,E:\byrdocs\485994b7215891ea2abe9238677a7c4e.webp,,,https://byrdocs.org/files/485994b7215891ea2abe9238677a7c4e.pdf
486b04c1cee8ad634fca399ec918c527,ready,include_after_storage_upload,test,大学物理E（上）,E:\byrdocs-archive\metadata\486b04c1cee8ad634fca399ec918c527.yml,486b04c1cee8ad634fca399ec918c527.pdf,E:\byrdocs\486b04c1cee8ad634fca399ec918c527.pdf,415609,E:\byrdocs\486b04c1cee8ad634fca399ec918c527.jpg,E:\byrdocs\486b04c1cee8ad634fca399ec918c527.webp,,,https://byrdocs.org/files/486b04c1cee8ad634fca399ec918c527.pdf
49199af7eb157bf33b73602e61683f06,ready,include_after_storage_upload,test,数据结构,E:\byrdocs-archive\metadata\49199af7eb157bf33b73602e61683f06.yml,49199af7eb157bf33b73602e61683f06.pdf,E:\byrdocs\49199af7eb157bf33b73602e61683f06.pdf,1835508,E:\byrdocs\49199af7eb157bf33b73602e61683f06.jpg,E:\byrdocs\49199af7eb157bf33b73602e61683f06.webp,,,https://byrdocs.org/files/49199af7eb157bf33b73602e61683f06.pdf
491ce071a29e3969624b4e47380bbf1e,ready,include_after_storage_upload,book,Linear Algebra Done Right,E:\byrdocs-archive\metadata\491ce071a29e3969624b4e47380bbf1e.yml,491ce071a29e3969624b4e47380bbf1e.pdf,E:\byrdocs\491ce071a29e3969624b4e47380bbf1e.pdf,2778294,E:\byrdocs\491ce071a29e3969624b4e47380bbf1e.jpg,E:\byrdocs\491ce071a29e3969624b4e47380bbf1e.webp,,,https://byrdocs.org/files/491ce071a29e3969624b4e47380bbf1e.pdf
492f465709b97b0117b06226991fc279,ready,include_after_storage_upload,test,概率论与随机过程,E:\byrdocs-archive\metadata\492f465709b97b0117b06226991fc279.yml,492f465709b97b0117b06226991fc279.pdf,E:\byrdocs\492f465709b97b0117b06226991fc279.pdf,363784,E:\byrdocs\492f465709b97b0117b06226991fc279.jpg,E:\byrdocs\492f465709b97b0117b06226991fc279.webp,,,https://byrdocs.org/files/492f465709b97b0117b06226991fc279.pdf
499086a51b571be5e49007812fdcd7c8,ready,include_after_storage_upload,book,通信原理习题集,E:\byrdocs-archive\metadata\499086a51b571be5e49007812fdcd7c8.yml,499086a51b571be5e49007812fdcd7c8.pdf,E:\byrdocs\499086a51b571be5e49007812fdcd7c8.pdf,8507877,E:\byrdocs\499086a51b571be5e49007812fdcd7c8.jpg,E:\byrdocs\499086a51b571be5e49007812fdcd7c8.webp,,,https://byrdocs.org/files/499086a51b571be5e49007812fdcd7c8.pdf
49ddf970e64c41cd01eba60db840240e,ready,include_after_storage_upload,doc,高等代数（下）复习题,E:\byrdocs-archive\metadata\49ddf970e64c41cd01eba60db840240e.yml,49ddf970e64c41cd01eba60db840240e.pdf,E:\byrdocs\49ddf970e64c41cd01eba60db840240e.pdf,2263458,E:\byrdocs\49ddf970e64c41cd01eba60db840240e.jpg,E:\byrdocs\49ddf970e64c41cd01eba60db840240e.webp,,,https://byrdocs.org/files/49ddf970e64c41cd01eba60db840240e.pdf
4a558bfa4c282cceaa239b348ea0bdb8,ready,include_after_storage_upload,test,线性代数,E:\byrdocs-archive\metadata\4a558bfa4c282cceaa239b348ea0bdb8.yml,4a558bfa4c282cceaa239b348ea0bdb8.pdf,E:\byrdocs\4a558bfa4c282cceaa239b348ea0bdb8.pdf,161483,E:\byrdocs\4a558bfa4c282cceaa239b348ea0bdb8.jpg,E:\byrdocs\4a558bfa4c282cceaa239b348ea0bdb8.webp,,,https://byrdocs.org/files/4a558bfa4c282cceaa239b348ea0bdb8.pdf
4a5f8d07c7a75388db13258cc6d39854,ready,include_after_storage_upload,test,大学物理B（下）,E:\byrdocs-archive\metadata\4a5f8d07c7a75388db13258cc6d39854.yml,4a5f8d07c7a75388db13258cc6d39854.pdf,E:\byrdocs\4a5f8d07c7a75388db13258cc6d39854.pdf,518290,E:\byrdocs\4a5f8d07c7a75388db13258cc6d39854.jpg,E:\byrdocs\4a5f8d07c7a75388db13258cc6d39854.webp,,,https://byrdocs.org/files/4a5f8d07c7a75388db13258cc6d39854.pdf
4a7fabef0146a3cbf55b7f73f299f220,ready,include_after_storage_upload,doc,毛概题库+答案,E:\byrdocs-archive\metadata\4a7fabef0146a3cbf55b7f73f299f220.yml,4a7fabef0146a3cbf55b7f73f299f220.pdf,E:\byrdocs\4a7fabef0146a3cbf55b7f73f299f220.pdf,355520,E:\byrdocs\4a7fabef0146a3cbf55b7f73f299f220.jpg,E:\byrdocs\4a7fabef0146a3cbf55b7f73f299f220.webp,,,https://byrdocs.org/files/4a7fabef0146a3cbf55b7f73f299f220.pdf
4ab18c36122f1e867125de15da6675e4,ready,include_after_storage_upload,test,概率论与随机过程,E:\byrdocs-archive\metadata\4ab18c36122f1e867125de15da6675e4.yml,4ab18c36122f1e867125de15da6675e4.pdf,E:\byrdocs\4ab18c36122f1e867125de15da6675e4.pdf,322756,E:\byrdocs\4ab18c36122f1e867125de15da6675e4.jpg,E:\byrdocs\4ab18c36122f1e867125de15da6675e4.webp,,,https://byrdocs.org/files/4ab18c36122f1e867125de15da6675e4.pdf
4ab3eaed5c6bb3c39648b3c2ce955768,ready,include_after_storage_upload,doc,高铭暄《刑法学》（第10版）笔记和考研真题（含典型题）详解,E:\byrdocs-archive\metadata\4ab3eaed5c6bb3c39648b3c2ce955768.yml,4ab3eaed5c6bb3c39648b3c2ce955768.pdf,E:\byrdocs\4ab3eaed5c6bb3c39648b3c2ce955768.pdf,9908135,E:\byrdocs\4ab3eaed5c6bb3c39648b3c2ce955768.jpg,E:\byrdocs\4ab3eaed5c6bb3c39648b3c2ce955768.webp,,,https://byrdocs.org/files/4ab3eaed5c6bb3c39648b3c2ce955768.pdf
4ad983b1d9e75986324da583d3e6e955,ready,include_after_storage_upload,test,数据库系统原理,E:\byrdocs-archive\metadata\4ad983b1d9e75986324da583d3e6e955.yml,4ad983b1d9e75986324da583d3e6e955.pdf,E:\byrdocs\4ad983b1d9e75986324da583d3e6e955.pdf,20803113,E:\byrdocs\4ad983b1d9e75986324da583d3e6e955.jpg,E:\byrdocs\4ad983b1d9e75986324da583d3e6e955.webp,,,https://byrdocs.org/files/4ad983b1d9e75986324da583d3e6e955.pdf
4b1de9a514a76f1c07d1a00fd28f28ae,ready,include_after_storage_upload,test,理科数学分析（二）,E:\byrdocs-archive\metadata\4b1de9a514a76f1c07d1a00fd28f28ae.yml,4b1de9a514a76f1c07d1a00fd28f28ae.pdf,E:\byrdocs\4b1de9a514a76f1c07d1a00fd28f28ae.pdf,443690,E:\byrdocs\4b1de9a514a76f1c07d1a00fd28f28ae.jpg,E:\byrdocs\4b1de9a514a76f1c07d1a00fd28f28ae.webp,,,https://byrdocs.org/files/4b1de9a514a76f1c07d1a00fd28f28ae.pdf
4b319f960fab65fb9d04c94e22b6a3a5,ready,include_after_storage_upload,test,通信原理,E:\byrdocs-archive\metadata\4b319f960fab65fb9d04c94e22b6a3a5.yml,4b319f960fab65fb9d04c94e22b6a3a5.pdf,E:\byrdocs\4b319f960fab65fb9d04c94e22b6a3a5.pdf,311054,E:\byrdocs\4b319f960fab65fb9d04c94e22b6a3a5.jpg,E:\byrdocs\4b319f960fab65fb9d04c94e22b6a3a5.webp,,,https://byrdocs.org/files/4b319f960fab65fb9d04c94e22b6a3a5.pdf
4b37fd3d1cc071cdb85947225b2e3ff9,ready,include_after_storage_upload,test,高频电子线路,E:\byrdocs-archive\metadata\4b37fd3d1cc071cdb85947225b2e3ff9.yml,4b37fd3d1cc071cdb85947225b2e3ff9.pdf,E:\byrdocs\4b37fd3d1cc071cdb85947225b2e3ff9.pdf,442086,E:\byrdocs\4b37fd3d1cc071cdb85947225b2e3ff9.jpg,E:\byrdocs\4b37fd3d1cc071cdb85947225b2e3ff9.webp,,,https://byrdocs.org/files/4b37fd3d1cc071cdb85947225b2e3ff9.pdf
4b4a0cde8acf3a5a0ffd96a277ebe169,ready,include_after_storage_upload,test,概率论与数理统计,E:\byrdocs-archive\metadata\4b4a0cde8acf3a5a0ffd96a277ebe169.yml,4b4a0cde8acf3a5a0ffd96a277ebe169.pdf,E:\byrdocs\4b4a0cde8acf3a5a0ffd96a277ebe169.pdf,1387407,E:\byrdocs\4b4a0cde8acf3a5a0ffd96a277ebe169.jpg,E:\byrdocs\4b4a0cde8acf3a5a0ffd96a277ebe169.webp,,,https://byrdocs.org/files/4b4a0cde8acf3a5a0ffd96a277ebe169.pdf
4b863cddff7de4edac58e5de623d6886,ready,include_after_storage_upload,test,电磁场与电磁波,E:\byrdocs-archive\metadata\4b863cddff7de4edac58e5de623d6886.yml,4b863cddff7de4edac58e5de623d6886.pdf,E:\byrdocs\4b863cddff7de4edac58e5de623d6886.pdf,541409,E:\byrdocs\4b863cddff7de4edac58e5de623d6886.jpg,E:\byrdocs\4b863cddff7de4edac58e5de623d6886.webp,,,https://byrdocs.org/files/4b863cddff7de4edac58e5de623d6886.pdf
4b978327fc237c4762a10f129945dbc8,ready,include_after_storage_upload,test,线性代数,E:\byrdocs-archive\metadata\4b978327fc237c4762a10f129945dbc8.yml,4b978327fc237c4762a10f129945dbc8.pdf,E:\byrdocs\4b978327fc237c4762a10f129945dbc8.pdf,1347890,E:\byrdocs\4b978327fc237c4762a10f129945dbc8.jpg,E:\byrdocs\4b978327fc237c4762a10f129945dbc8.webp,,,https://byrdocs.org/files/4b978327fc237c4762a10f129945dbc8.pdf
4bc26f0dcfdb111cd4b557aa5a4a69bd,ready,include_after_storage_upload,book,人工智能导论,E:\byrdocs-archive\metadata\4bc26f0dcfdb111cd4b557aa5a4a69bd.yml,4bc26f0dcfdb111cd4b557aa5a4a69bd.pdf,E:\byrdocs\4bc26f0dcfdb111cd4b557aa5a4a69bd.pdf,145480498,E:\byrdocs\4bc26f0dcfdb111cd4b557aa5a4a69bd.jpg,E:\byrdocs\4bc26f0dcfdb111cd4b557aa5a4a69bd.webp,,,https://byrdocs.org/files/4bc26f0dcfdb111cd4b557aa5a4a69bd.pdf
4c5f5fe09edf883779ff9bb44145c08a,ready,include_after_storage_upload,test,通信电子电路,E:\byrdocs-archive\metadata\4c5f5fe09edf883779ff9bb44145c08a.yml,4c5f5fe09edf883779ff9bb44145c08a.pdf,E:\byrdocs\4c5f5fe09edf883779ff9bb44145c08a.pdf,267366,E:\byrdocs\4c5f5fe09edf883779ff9bb44145c08a.jpg,E:\byrdocs\4c5f5fe09edf883779ff9bb44145c08a.webp,,,https://byrdocs.org/files/4c5f5fe09edf883779ff9bb44145c08a.pdf
4cb3372f96a5019d764376cedd949412,ready,include_after_storage_upload,book,新概念物理教程 热学,E:\byrdocs-archive\metadata\4cb3372f96a5019d764376cedd949412.yml,4cb3372f96a5019d764376cedd949412.pdf,E:\byrdocs\4cb3372f96a5019d764376cedd949412.pdf,34337336,E:\byrdocs\4cb3372f96a5019d764376cedd949412.jpg,E:\byrdocs\4cb3372f96a5019d764376cedd949412.webp,,,https://byrdocs.org/files/4cb3372f96a5019d764376cedd949412.pdf
4d137e71a263e5fb4dc0d59fedfea2db,ready,include_after_storage_upload,test,概率论与数理统计,E:\byrdocs-archive\metadata\4d137e71a263e5fb4dc0d59fedfea2db.yml,4d137e71a263e5fb4dc0d59fedfea2db.pdf,E:\byrdocs\4d137e71a263e5fb4dc0d59fedfea2db.pdf,530779,E:\byrdocs\4d137e71a263e5fb4dc0d59fedfea2db.jpg,E:\byrdocs\4d137e71a263e5fb4dc0d59fedfea2db.webp,,,https://byrdocs.org/files/4d137e71a263e5fb4dc0d59fedfea2db.pdf
4d592869d18dcd1d45aebb00faafd943,ready,include_after_storage_upload,doc,北邮高等代数13-14讲义稿 复习题,E:\byrdocs-archive\metadata\4d592869d18dcd1d45aebb00faafd943.yml,4d592869d18dcd1d45aebb00faafd943.pdf,E:\byrdocs\4d592869d18dcd1d45aebb00faafd943.pdf,216857,E:\byrdocs\4d592869d18dcd1d45aebb00faafd943.jpg,E:\byrdocs\4d592869d18dcd1d45aebb00faafd943.webp,,,https://byrdocs.org/files/4d592869d18dcd1d45aebb00faafd943.pdf
4dbcb50d900d232c7c1cabd0a865184c,ready,include_after_storage_upload,doc,软件工程——皮人杰PPT,E:\byrdocs-archive\metadata\4dbcb50d900d232c7c1cabd0a865184c.yml,4dbcb50d900d232c7c1cabd0a865184c.zip,E:\byrdocs\4dbcb50d900d232c7c1cabd0a865184c.zip,23457425,E:\byrdocs\4dbcb50d900d232c7c1cabd0a865184c.jpg,E:\byrdocs\4dbcb50d900d232c7c1cabd0a865184c.webp,,,https://byrdocs.org/files/4dbcb50d900d232c7c1cabd0a865184c.zip
4de353d2c37a8d30598d005709ab2af3,ready,include_after_storage_upload,book,Data structures and algorithm analysis in C (数据结构与算法分析：C语言描述 英文版 第二版）,E:\byrdocs-archive\metadata\4de353d2c37a8d30598d005709ab2af3.yml,4de353d2c37a8d30598d005709ab2af3.pdf,E:\byrdocs\4de353d2c37a8d30598d005709ab2af3.pdf,109971527,E:\byrdocs\4de353d2c37a8d30598d005709ab2af3.jpg,E:\byrdocs\4de353d2c37a8d30598d005709ab2af3.webp,,,https://byrdocs.org/files/4de353d2c37a8d30598d005709ab2af3.pdf
4e04cfc1548959eeaf378db64b53b3d2,ready,include_after_storage_upload,book,物理学大题典 电磁学与电动力学,E:\byrdocs-archive\metadata\4e04cfc1548959eeaf378db64b53b3d2.yml,4e04cfc1548959eeaf378db64b53b3d2.pdf,E:\byrdocs\4e04cfc1548959eeaf378db64b53b3d2.pdf,14657631,E:\byrdocs\4e04cfc1548959eeaf378db64b53b3d2.jpg,E:\byrdocs\4e04cfc1548959eeaf378db64b53b3d2.webp,,,https://byrdocs.org/files/4e04cfc1548959eeaf378db64b53b3d2.pdf
4e26178c72d45b626c2c9814f7dfa6b6,ready,include_after_storage_upload,book,信息通信导论,E:\byrdocs-archive\metadata\4e26178c72d45b626c2c9814f7dfa6b6.yml,4e26178c72d45b626c2c9814f7dfa6b6.pdf,E:\byrdocs\4e26178c72d45b626c2c9814f7dfa6b6.pdf,25938817,E:\byrdocs\4e26178c72d45b626c2c9814f7dfa6b6.jpg,E:\byrdocs\4e26178c72d45b626c2c9814f7dfa6b6.webp,,,https://byrdocs.org/files/4e26178c72d45b626c2c9814f7dfa6b6.pdf
4f258aab2c194da48922075b4114c803,ready,include_after_storage_upload,test,通信原理,E:\byrdocs-archive\metadata\4f258aab2c194da48922075b4114c803.yml,4f258aab2c194da48922075b4114c803.pdf,E:\byrdocs\4f258aab2c194da48922075b4114c803.pdf,1305037,E:\byrdocs\4f258aab2c194da48922075b4114c803.jpg,E:\byrdocs\4f258aab2c194da48922075b4114c803.webp,,,https://byrdocs.org/files/4f258aab2c194da48922075b4114c803.pdf
4f3c5820f6140fd40efd7773d7eea85d,ready,include_after_storage_upload,test,通信原理,E:\byrdocs-archive\metadata\4f3c5820f6140fd40efd7773d7eea85d.yml,4f3c5820f6140fd40efd7773d7eea85d.pdf,E:\byrdocs\4f3c5820f6140fd40efd7773d7eea85d.pdf,480863,E:\byrdocs\4f3c5820f6140fd40efd7773d7eea85d.jpg,E:\byrdocs\4f3c5820f6140fd40efd7773d7eea85d.webp,,,https://byrdocs.org/files/4f3c5820f6140fd40efd7773d7eea85d.pdf
4f951d10a5466f4a9e2f425b7856e6ba,ready,include_after_storage_upload,book,数学模型（第三版）习题参考解答,E:\byrdocs-archive\metadata\4f951d10a5466f4a9e2f425b7856e6ba.yml,4f951d10a5466f4a9e2f425b7856e6ba.pdf,E:\byrdocs\4f951d10a5466f4a9e2f425b7856e6ba.pdf,1856053,E:\byrdocs\4f951d10a5466f4a9e2f425b7856e6ba.jpg,E:\byrdocs\4f951d10a5466f4a9e2f425b7856e6ba.webp,,,https://byrdocs.org/files/4f951d10a5466f4a9e2f425b7856e6ba.pdf
505c3b1c51804b6347863acf2fb0a0ef,ready,include_after_storage_upload,book,理论物理学教程 第4卷 量子电动力学 第4版,E:\byrdocs-archive\metadata\505c3b1c51804b6347863acf2fb0a0ef.yml,505c3b1c51804b6347863acf2fb0a0ef.pdf,E:\byrdocs\505c3b1c51804b6347863acf2fb0a0ef.pdf,23982615,E:\byrdocs\505c3b1c51804b6347863acf2fb0a0ef.jpg,E:\byrdocs\505c3b1c51804b6347863acf2fb0a0ef.webp,,,https://byrdocs.org/files/505c3b1c51804b6347863acf2fb0a0ef.pdf
50a9ce76b982a4e60bc9d9bb74b1bd98,ready,include_after_storage_upload,test,信号与系统,E:\byrdocs-archive\metadata\50a9ce76b982a4e60bc9d9bb74b1bd98.yml,50a9ce76b982a4e60bc9d9bb74b1bd98.pdf,E:\byrdocs\50a9ce76b982a4e60bc9d9bb74b1bd98.pdf,1195981,E:\byrdocs\50a9ce76b982a4e60bc9d9bb74b1bd98.jpg,E:\byrdocs\50a9ce76b982a4e60bc9d9bb74b1bd98.webp,,,https://byrdocs.org/files/50a9ce76b982a4e60bc9d9bb74b1bd98.pdf
510b6f23d13c96e1720a74916203954e,ready,include_after_storage_upload,book,组合数学引论,E:\byrdocs-archive\metadata\510b6f23d13c96e1720a74916203954e.yml,510b6f23d13c96e1720a74916203954e.pdf,E:\byrdocs\510b6f23d13c96e1720a74916203954e.pdf,17218531,E:\byrdocs\510b6f23d13c96e1720a74916203954e.jpg,E:\byrdocs\510b6f23d13c96e1720a74916203954e.webp,,,https://byrdocs.org/files/510b6f23d13c96e1720a74916203954e.pdf
511ef3cda6181ff7f4279d5e1d100351,ready,include_after_storage_upload,book,数字信号处理,E:\byrdocs-archive\metadata\511ef3cda6181ff7f4279d5e1d100351.yml,511ef3cda6181ff7f4279d5e1d100351.pdf,E:\byrdocs\511ef3cda6181ff7f4279d5e1d100351.pdf,36741897,E:\byrdocs\511ef3cda6181ff7f4279d5e1d100351.jpg,E:\byrdocs\511ef3cda6181ff7f4279d5e1d100351.webp,,,https://byrdocs.org/files/511ef3cda6181ff7f4279d5e1d100351.pdf
51373c7c8db539916565052b147b0278,ready,include_after_storage_upload,doc,形式语言与自动机PPT,E:\byrdocs-archive\metadata\51373c7c8db539916565052b147b0278.yml,51373c7c8db539916565052b147b0278.zip,E:\byrdocs\51373c7c8db539916565052b147b0278.zip,12503372,E:\byrdocs\51373c7c8db539916565052b147b0278.jpg,E:\byrdocs\51373c7c8db539916565052b147b0278.webp,,,https://byrdocs.org/files/51373c7c8db539916565052b147b0278.zip
5196f44cdd8097106aa7aeb384fd1cd5,ready,include_after_storage_upload,doc,大学物理公式全储集,E:\byrdocs-archive\metadata\5196f44cdd8097106aa7aeb384fd1cd5.yml,5196f44cdd8097106aa7aeb384fd1cd5.pdf,E:\byrdocs\5196f44cdd8097106aa7aeb384fd1cd5.pdf,1723620,E:\byrdocs\5196f44cdd8097106aa7aeb384fd1cd5.jpg,E:\byrdocs\5196f44cdd8097106aa7aeb384fd1cd5.webp,,,https://byrdocs.org/files/5196f44cdd8097106aa7aeb384fd1cd5.pdf
51a645280ae361ae78392ebbfbdaa37c,ready,include_after_storage_upload,book,运筹学,E:\byrdocs-archive\metadata\51a645280ae361ae78392ebbfbdaa37c.yml,51a645280ae361ae78392ebbfbdaa37c.pdf,E:\byrdocs\51a645280ae361ae78392ebbfbdaa37c.pdf,13200016,E:\byrdocs\51a645280ae361ae78392ebbfbdaa37c.jpg,E:\byrdocs\51a645280ae361ae78392ebbfbdaa37c.webp,,,https://byrdocs.org/files/51a645280ae361ae78392ebbfbdaa37c.pdf
51ed902f14799a78e3389914eff93ecf,ready,include_after_storage_upload,test,通信原理,E:\byrdocs-archive\metadata\51ed902f14799a78e3389914eff93ecf.yml,51ed902f14799a78e3389914eff93ecf.pdf,E:\byrdocs\51ed902f14799a78e3389914eff93ecf.pdf,1082691,E:\byrdocs\51ed902f14799a78e3389914eff93ecf.jpg,E:\byrdocs\51ed902f14799a78e3389914eff93ecf.webp,,,https://byrdocs.org/files/51ed902f14799a78e3389914eff93ecf.pdf
524868387fdc7521e6507563e7d7f511,ready,include_after_storage_upload,book,习近平新时代中国特色社会主义思想概论,E:\byrdocs-archive\metadata\524868387fdc7521e6507563e7d7f511.yml,524868387fdc7521e6507563e7d7f511.pdf,E:\byrdocs\524868387fdc7521e6507563e7d7f511.pdf,42819833,E:\byrdocs\524868387fdc7521e6507563e7d7f511.jpg,E:\byrdocs\524868387fdc7521e6507563e7d7f511.webp,,,https://byrdocs.org/files/524868387fdc7521e6507563e7d7f511.pdf
526d3407d543c60ccd90ada0964d76ee,ready,include_after_storage_upload,book,计算机网络：自顶向下方法（原书第七版）,E:\byrdocs-archive\metadata\526d3407d543c60ccd90ada0964d76ee.yml,526d3407d543c60ccd90ada0964d76ee.pdf,E:\byrdocs\526d3407d543c60ccd90ada0964d76ee.pdf,144514149,E:\byrdocs\526d3407d543c60ccd90ada0964d76ee.jpg,E:\byrdocs\526d3407d543c60ccd90ada0964d76ee.webp,,,https://byrdocs.org/files/526d3407d543c60ccd90ada0964d76ee.pdf
529f3db73946e885a41fd5cf2a8ef1a9,ready,include_after_storage_upload,test,数据库系统原理,E:\byrdocs-archive\metadata\529f3db73946e885a41fd5cf2a8ef1a9.yml,529f3db73946e885a41fd5cf2a8ef1a9.pdf,E:\byrdocs\529f3db73946e885a41fd5cf2a8ef1a9.pdf,239149,E:\byrdocs\529f3db73946e885a41fd5cf2a8ef1a9.jpg,E:\byrdocs\529f3db73946e885a41fd5cf2a8ef1a9.webp,,,https://byrdocs.org/files/529f3db73946e885a41fd5cf2a8ef1a9.pdf
52c186e906a773c9145f3230d1006b4f,ready,include_after_storage_upload,book,组合数学,E:\byrdocs-archive\metadata\52c186e906a773c9145f3230d1006b4f.yml,52c186e906a773c9145f3230d1006b4f.pdf,E:\byrdocs\52c186e906a773c9145f3230d1006b4f.pdf,31197546,E:\byrdocs\52c186e906a773c9145f3230d1006b4f.jpg,E:\byrdocs\52c186e906a773c9145f3230d1006b4f.webp,,,https://byrdocs.org/files/52c186e906a773c9145f3230d1006b4f.pdf
5334ec9d5b350e917bb7013a8993700e,ready,include_after_storage_upload,test,编译原理与技术,E:\byrdocs-archive\metadata\5334ec9d5b350e917bb7013a8993700e.yml,5334ec9d5b350e917bb7013a8993700e.pdf,E:\byrdocs\5334ec9d5b350e917bb7013a8993700e.pdf,249074,E:\byrdocs\5334ec9d5b350e917bb7013a8993700e.jpg,E:\byrdocs\5334ec9d5b350e917bb7013a8993700e.webp,,,https://byrdocs.org/files/5334ec9d5b350e917bb7013a8993700e.pdf
538967badbec1367ef14eb73b55b4be6,ready,include_after_storage_upload,book,Pattern Recognition and Machine Learning,E:\byrdocs-archive\metadata\538967badbec1367ef14eb73b55b4be6.yml,538967badbec1367ef14eb73b55b4be6.pdf,E:\byrdocs\538967badbec1367ef14eb73b55b4be6.pdf,18090775,E:\byrdocs\538967badbec1367ef14eb73b55b4be6.jpg,E:\byrdocs\538967badbec1367ef14eb73b55b4be6.webp,,,https://byrdocs.org/files/538967badbec1367ef14eb73b55b4be6.pdf
5396e74a1ed7760a34049b43b8652ea9,ready,include_after_storage_upload,doc,数字逻辑与数字系统PPT,E:\byrdocs-archive\metadata\5396e74a1ed7760a34049b43b8652ea9.yml,5396e74a1ed7760a34049b43b8652ea9.zip,E:\byrdocs\5396e74a1ed7760a34049b43b8652ea9.zip,25093797,E:\byrdocs\5396e74a1ed7760a34049b43b8652ea9.jpg,E:\byrdocs\5396e74a1ed7760a34049b43b8652ea9.webp,,,https://byrdocs.org/files/5396e74a1ed7760a34049b43b8652ea9.zip
539b14edce7dc6e9d065672c903bddb5,ready,include_after_storage_upload,test,通信原理,E:\byrdocs-archive\metadata\539b14edce7dc6e9d065672c903bddb5.yml,539b14edce7dc6e9d065672c903bddb5.pdf,E:\byrdocs\539b14edce7dc6e9d065672c903bddb5.pdf,391332,E:\byrdocs\539b14edce7dc6e9d065672c903bddb5.jpg,E:\byrdocs\539b14edce7dc6e9d065672c903bddb5.webp,,,https://byrdocs.org/files/539b14edce7dc6e9d065672c903bddb5.pdf
549bd5295685a240c4eae6ea37948884,ready,include_after_storage_upload,book,大学物理学 中册,E:\byrdocs-archive\metadata\549bd5295685a240c4eae6ea37948884.yml,549bd5295685a240c4eae6ea37948884.pdf,E:\byrdocs\549bd5295685a240c4eae6ea37948884.pdf,28549000,E:\byrdocs\549bd5295685a240c4eae6ea37948884.jpg,E:\byrdocs\549bd5295685a240c4eae6ea37948884.webp,,,https://byrdocs.org/files/549bd5295685a240c4eae6ea37948884.pdf
54ea0e5a92fe6b708caedf213efd18f3,ready,include_after_storage_upload,book,离散数学结构习题与解答,E:\byrdocs-archive\metadata\54ea0e5a92fe6b708caedf213efd18f3.yml,54ea0e5a92fe6b708caedf213efd18f3.pdf,E:\byrdocs\54ea0e5a92fe6b708caedf213efd18f3.pdf,10346428,E:\byrdocs\54ea0e5a92fe6b708caedf213efd18f3.jpg,E:\byrdocs\54ea0e5a92fe6b708caedf213efd18f3.webp,,,https://byrdocs.org/files/54ea0e5a92fe6b708caedf213efd18f3.pdf
54ed72b53165a9a0441bc4fe3fdff917,ready,include_after_storage_upload,book,矩阵论,E:\byrdocs-archive\metadata\54ed72b53165a9a0441bc4fe3fdff917.yml,54ed72b53165a9a0441bc4fe3fdff917.pdf,E:\byrdocs\54ed72b53165a9a0441bc4fe3fdff917.pdf,81851333,E:\byrdocs\54ed72b53165a9a0441bc4fe3fdff917.jpg,E:\byrdocs\54ed72b53165a9a0441bc4fe3fdff917.webp,,,https://byrdocs.org/files/54ed72b53165a9a0441bc4fe3fdff917.pdf
55141a6846dc91c58166ef65264bc454,ready,include_after_storage_upload,test,概率论与数理统计,E:\byrdocs-archive\metadata\55141a6846dc91c58166ef65264bc454.yml,55141a6846dc91c58166ef65264bc454.pdf,E:\byrdocs\55141a6846dc91c58166ef65264bc454.pdf,406780,E:\byrdocs\55141a6846dc91c58166ef65264bc454.jpg,E:\byrdocs\55141a6846dc91c58166ef65264bc454.webp,,,https://byrdocs.org/files/55141a6846dc91c58166ef65264bc454.pdf
565f891227971538959c85ae716caa11,ready,include_after_storage_upload,test,通信电子电路,E:\byrdocs-archive\metadata\565f891227971538959c85ae716caa11.yml,565f891227971538959c85ae716caa11.pdf,E:\byrdocs\565f891227971538959c85ae716caa11.pdf,2006049,E:\byrdocs\565f891227971538959c85ae716caa11.jpg,E:\byrdocs\565f891227971538959c85ae716caa11.webp,,,https://byrdocs.org/files/565f891227971538959c85ae716caa11.pdf
56d92229ba8b7923c6fa8a7bfc141987,ready,include_after_storage_upload,test,离散数学,E:\byrdocs-archive\metadata\56d92229ba8b7923c6fa8a7bfc141987.yml,56d92229ba8b7923c6fa8a7bfc141987.pdf,E:\byrdocs\56d92229ba8b7923c6fa8a7bfc141987.pdf,1537113,E:\byrdocs\56d92229ba8b7923c6fa8a7bfc141987.jpg,E:\byrdocs\56d92229ba8b7923c6fa8a7bfc141987.webp,,,https://byrdocs.org/files/56d92229ba8b7923c6fa8a7bfc141987.pdf
57712e43199e5dadfb90c9b12ff10f77,ready,include_after_storage_upload,test,自然辩证法,E:\byrdocs-archive\metadata\57712e43199e5dadfb90c9b12ff10f77.yml,57712e43199e5dadfb90c9b12ff10f77.pdf,E:\byrdocs\57712e43199e5dadfb90c9b12ff10f77.pdf,90524,E:\byrdocs\57712e43199e5dadfb90c9b12ff10f77.jpg,E:\byrdocs\57712e43199e5dadfb90c9b12ff10f77.webp,,,https://byrdocs.org/files/57712e43199e5dadfb90c9b12ff10f77.pdf
5779d0f9490dc6b721b4c9eb101f2f21,ready,include_after_storage_upload,book,社会工程：安全体系中的人性漏洞,E:\byrdocs-archive\metadata\5779d0f9490dc6b721b4c9eb101f2f21.yml,5779d0f9490dc6b721b4c9eb101f2f21.pdf,E:\byrdocs\5779d0f9490dc6b721b4c9eb101f2f21.pdf,7847175,E:\byrdocs\5779d0f9490dc6b721b4c9eb101f2f21.jpg,E:\byrdocs\5779d0f9490dc6b721b4c9eb101f2f21.webp,,,https://byrdocs.org/files/5779d0f9490dc6b721b4c9eb101f2f21.pdf
57ce6e0b892b257adfbe8e33eacac409,ready,include_after_storage_upload,doc,期末复习题,E:\byrdocs-archive\metadata\57ce6e0b892b257adfbe8e33eacac409.yml,57ce6e0b892b257adfbe8e33eacac409.pdf,E:\byrdocs\57ce6e0b892b257adfbe8e33eacac409.pdf,3234899,E:\byrdocs\57ce6e0b892b257adfbe8e33eacac409.jpg,E:\byrdocs\57ce6e0b892b257adfbe8e33eacac409.webp,,,https://byrdocs.org/files/57ce6e0b892b257adfbe8e33eacac409.pdf
582b782c0f607eff698f71cb2d274d11,ready,include_after_storage_upload,book,离散数学,E:\byrdocs-archive\metadata\582b782c0f607eff698f71cb2d274d11.yml,582b782c0f607eff698f71cb2d274d11.pdf,E:\byrdocs\582b782c0f607eff698f71cb2d274d11.pdf,103993926,E:\byrdocs\582b782c0f607eff698f71cb2d274d11.jpg,E:\byrdocs\582b782c0f607eff698f71cb2d274d11.webp,,,https://byrdocs.org/files/582b782c0f607eff698f71cb2d274d11.pdf
584397f272ee33d11491cf78011abee2,ready,include_after_storage_upload,book,计算机网络：自顶向下方法（原书第八版）,E:\byrdocs-archive\metadata\584397f272ee33d11491cf78011abee2.yml,584397f272ee33d11491cf78011abee2.pdf,E:\byrdocs\584397f272ee33d11491cf78011abee2.pdf,43617752,E:\byrdocs\584397f272ee33d11491cf78011abee2.jpg,E:\byrdocs\584397f272ee33d11491cf78011abee2.webp,,,https://byrdocs.org/files/584397f272ee33d11491cf78011abee2.pdf
58b89e10c57425ce7cceb5dad17fde5b,ready,include_after_storage_upload,book,形式语言与自动机,E:\byrdocs-archive\metadata\58b89e10c57425ce7cceb5dad17fde5b.yml,58b89e10c57425ce7cceb5dad17fde5b.pdf,E:\byrdocs\58b89e10c57425ce7cceb5dad17fde5b.pdf,45279615,E:\byrdocs\58b89e10c57425ce7cceb5dad17fde5b.jpg,E:\byrdocs\58b89e10c57425ce7cceb5dad17fde5b.webp,,,https://byrdocs.org/files/58b89e10c57425ce7cceb5dad17fde5b.pdf
58c9352e1502381ddd98451f81d97cee,ready,include_after_storage_upload,test,电路与电子学基础,E:\byrdocs-archive\metadata\58c9352e1502381ddd98451f81d97cee.yml,58c9352e1502381ddd98451f81d97cee.pdf,E:\byrdocs\58c9352e1502381ddd98451f81d97cee.pdf,1361930,E:\byrdocs\58c9352e1502381ddd98451f81d97cee.jpg,E:\byrdocs\58c9352e1502381ddd98451f81d97cee.webp,,,https://byrdocs.org/files/58c9352e1502381ddd98451f81d97cee.pdf
58e52161ea2c5e72217a32ba92b5d720,ready,include_after_storage_upload,book,计算机系统结构学习指导与题解,E:\byrdocs-archive\metadata\58e52161ea2c5e72217a32ba92b5d720.yml,58e52161ea2c5e72217a32ba92b5d720.pdf,E:\byrdocs\58e52161ea2c5e72217a32ba92b5d720.pdf,56865897,E:\byrdocs\58e52161ea2c5e72217a32ba92b5d720.jpg,E:\byrdocs\58e52161ea2c5e72217a32ba92b5d720.webp,,,https://byrdocs.org/files/58e52161ea2c5e72217a32ba92b5d720.pdf
58e9726b5c5dab42a432b80a44c58caf,ready,include_after_storage_upload,doc,电子工程学院 电路与电子电路 各章复习,E:\byrdocs-archive\metadata\58e9726b5c5dab42a432b80a44c58caf.yml,58e9726b5c5dab42a432b80a44c58caf.zip,E:\byrdocs\58e9726b5c5dab42a432b80a44c58caf.zip,5293706,E:\byrdocs\58e9726b5c5dab42a432b80a44c58caf.jpg,E:\byrdocs\58e9726b5c5dab42a432b80a44c58caf.webp,,,https://byrdocs.org/files/58e9726b5c5dab42a432b80a44c58caf.zip
58fc2a005247fa158a1d6853f02c4d7c,ready,include_after_storage_upload,test,信息论基础,E:\byrdocs-archive\metadata\58fc2a005247fa158a1d6853f02c4d7c.yml,58fc2a005247fa158a1d6853f02c4d7c.pdf,E:\byrdocs\58fc2a005247fa158a1d6853f02c4d7c.pdf,269540,E:\byrdocs\58fc2a005247fa158a1d6853f02c4d7c.jpg,E:\byrdocs\58fc2a005247fa158a1d6853f02c4d7c.webp,,,https://byrdocs.org/files/58fc2a005247fa158a1d6853f02c4d7c.pdf
593b641d5fccc1fe406470e5df5c6390,ready,include_after_storage_upload,book,政治学概论,E:\byrdocs-archive\metadata\593b641d5fccc1fe406470e5df5c6390.yml,593b641d5fccc1fe406470e5df5c6390.pdf,E:\byrdocs\593b641d5fccc1fe406470e5df5c6390.pdf,153533136,E:\byrdocs\593b641d5fccc1fe406470e5df5c6390.jpg,E:\byrdocs\593b641d5fccc1fe406470e5df5c6390.webp,,,https://byrdocs.org/files/593b641d5fccc1fe406470e5df5c6390.pdf
594ccc09741d4813d6075c73eaf80a88,ready,include_after_storage_upload,test,高级网络程序设计,E:\byrdocs-archive\metadata\594ccc09741d4813d6075c73eaf80a88.yml,594ccc09741d4813d6075c73eaf80a88.pdf,E:\byrdocs\594ccc09741d4813d6075c73eaf80a88.pdf,3590094,E:\byrdocs\594ccc09741d4813d6075c73eaf80a88.jpg,E:\byrdocs\594ccc09741d4813d6075c73eaf80a88.webp,,,https://byrdocs.org/files/594ccc09741d4813d6075c73eaf80a88.pdf
595794600e02df5d523f97c1f290ef68,ready,include_after_storage_upload,book,概率论与数理统计,E:\byrdocs-archive\metadata\595794600e02df5d523f97c1f290ef68.yml,595794600e02df5d523f97c1f290ef68.pdf,E:\byrdocs\595794600e02df5d523f97c1f290ef68.pdf,486777197,E:\byrdocs\595794600e02df5d523f97c1f290ef68.jpg,E:\byrdocs\595794600e02df5d523f97c1f290ef68.webp,,,https://byrdocs.org/files/595794600e02df5d523f97c1f290ef68.pdf
59e410412980f8f2a3639ee0390b043b,ready,include_after_storage_upload,doc,数据库系统原理复习资料,E:\byrdocs-archive\metadata\59e410412980f8f2a3639ee0390b043b.yml,59e410412980f8f2a3639ee0390b043b.pdf,E:\byrdocs\59e410412980f8f2a3639ee0390b043b.pdf,484213,E:\byrdocs\59e410412980f8f2a3639ee0390b043b.jpg,E:\byrdocs\59e410412980f8f2a3639ee0390b043b.webp,,,https://byrdocs.org/files/59e410412980f8f2a3639ee0390b043b.pdf
5a187acf5ba518bc81100a170602b15f,ready,include_after_storage_upload,test,计算机组成与系统结构,E:\byrdocs-archive\metadata\5a187acf5ba518bc81100a170602b15f.yml,5a187acf5ba518bc81100a170602b15f.pdf,E:\byrdocs\5a187acf5ba518bc81100a170602b15f.pdf,123705,E:\byrdocs\5a187acf5ba518bc81100a170602b15f.jpg,E:\byrdocs\5a187acf5ba518bc81100a170602b15f.webp,,,https://byrdocs.org/files/5a187acf5ba518bc81100a170602b15f.pdf
5a6058e26290543bdfce4481414585f7,ready,include_after_storage_upload,book,Discrete and Combinatorial Mathematics – An Applied Introduction,E:\byrdocs-archive\metadata\5a6058e26290543bdfce4481414585f7.yml,5a6058e26290543bdfce4481414585f7.pdf,E:\byrdocs\5a6058e26290543bdfce4481414585f7.pdf,10367936,E:\byrdocs\5a6058e26290543bdfce4481414585f7.jpg,E:\byrdocs\5a6058e26290543bdfce4481414585f7.webp,,,https://byrdocs.org/files/5a6058e26290543bdfce4481414585f7.pdf
5a892bc808363343bba89974aef6c7bc,ready,include_after_storage_upload,test,通信原理I,E:\byrdocs-archive\metadata\5a892bc808363343bba89974aef6c7bc.yml,5a892bc808363343bba89974aef6c7bc.pdf,E:\byrdocs\5a892bc808363343bba89974aef6c7bc.pdf,2260287,E:\byrdocs\5a892bc808363343bba89974aef6c7bc.jpg,E:\byrdocs\5a892bc808363343bba89974aef6c7bc.webp,,,https://byrdocs.org/files/5a892bc808363343bba89974aef6c7bc.pdf
5aa3b8f65d0cc1617f827035844b776c,ready,include_after_storage_upload,test,进阶综合英语（下）,E:\byrdocs-archive\metadata\5aa3b8f65d0cc1617f827035844b776c.yml,5aa3b8f65d0cc1617f827035844b776c.pdf,E:\byrdocs\5aa3b8f65d0cc1617f827035844b776c.pdf,1551004,E:\byrdocs\5aa3b8f65d0cc1617f827035844b776c.jpg,E:\byrdocs\5aa3b8f65d0cc1617f827035844b776c.webp,,,https://byrdocs.org/files/5aa3b8f65d0cc1617f827035844b776c.pdf
5aae01f0a98b3fc6d3d1b3ba807070e4,ready,include_after_storage_upload,doc,线代绿书2018版答案,E:\byrdocs-archive\metadata\5aae01f0a98b3fc6d3d1b3ba807070e4.yml,5aae01f0a98b3fc6d3d1b3ba807070e4.pdf,E:\byrdocs\5aae01f0a98b3fc6d3d1b3ba807070e4.pdf,19230298,E:\byrdocs\5aae01f0a98b3fc6d3d1b3ba807070e4.jpg,E:\byrdocs\5aae01f0a98b3fc6d3d1b3ba807070e4.webp,,,https://byrdocs.org/files/5aae01f0a98b3fc6d3d1b3ba807070e4.pdf
5b178c05b68a349b51d635c9a0e85a5e,ready,include_after_storage_upload,test,数据库系统原理,E:\byrdocs-archive\metadata\5b178c05b68a349b51d635c9a0e85a5e.yml,5b178c05b68a349b51d635c9a0e85a5e.pdf,E:\byrdocs\5b178c05b68a349b51d635c9a0e85a5e.pdf,879758,E:\byrdocs\5b178c05b68a349b51d635c9a0e85a5e.jpg,E:\byrdocs\5b178c05b68a349b51d635c9a0e85a5e.webp,,,https://byrdocs.org/files/5b178c05b68a349b51d635c9a0e85a5e.pdf
5b66f9768d832eca6dae6a8c8457c69b,ready,include_after_storage_upload,book,模拟CMOS集成电路设计,E:\byrdocs-archive\metadata\5b66f9768d832eca6dae6a8c8457c69b.yml,5b66f9768d832eca6dae6a8c8457c69b.pdf,E:\byrdocs\5b66f9768d832eca6dae6a8c8457c69b.pdf,91635038,E:\byrdocs\5b66f9768d832eca6dae6a8c8457c69b.jpg,E:\byrdocs\5b66f9768d832eca6dae6a8c8457c69b.webp,,,https://byrdocs.org/files/5b66f9768d832eca6dae6a8c8457c69b.pdf
5bffaf4ebcf2633173d9f47eab493b6a,ready,include_after_storage_upload,test,离散数学,E:\byrdocs-archive\metadata\5bffaf4ebcf2633173d9f47eab493b6a.yml,5bffaf4ebcf2633173d9f47eab493b6a.pdf,E:\byrdocs\5bffaf4ebcf2633173d9f47eab493b6a.pdf,1153349,E:\byrdocs\5bffaf4ebcf2633173d9f47eab493b6a.jpg,E:\byrdocs\5bffaf4ebcf2633173d9f47eab493b6a.webp,,,https://byrdocs.org/files/5bffaf4ebcf2633173d9f47eab493b6a.pdf
5c65e16cf9b0aa7164b0817835cfaa8f,ready,include_after_storage_upload,doc,操作系统重点知识点总结,E:\byrdocs-archive\metadata\5c65e16cf9b0aa7164b0817835cfaa8f.yml,5c65e16cf9b0aa7164b0817835cfaa8f.pdf,E:\byrdocs\5c65e16cf9b0aa7164b0817835cfaa8f.pdf,13436009,E:\byrdocs\5c65e16cf9b0aa7164b0817835cfaa8f.jpg,E:\byrdocs\5c65e16cf9b0aa7164b0817835cfaa8f.webp,,,https://byrdocs.org/files/5c65e16cf9b0aa7164b0817835cfaa8f.pdf
5c6ef55b4f53eb14152236b5170457cd,ready,include_after_storage_upload,test,电磁场与电磁波,E:\byrdocs-archive\metadata\5c6ef55b4f53eb14152236b5170457cd.yml,5c6ef55b4f53eb14152236b5170457cd.pdf,E:\byrdocs\5c6ef55b4f53eb14152236b5170457cd.pdf,187958,E:\byrdocs\5c6ef55b4f53eb14152236b5170457cd.jpg,E:\byrdocs\5c6ef55b4f53eb14152236b5170457cd.webp,,,https://byrdocs.org/files/5c6ef55b4f53eb14152236b5170457cd.pdf
5c7887bf8e274f5af0bfe6fa92704ea9,ready,include_after_storage_upload,test,概率论与数理统计,E:\byrdocs-archive\metadata\5c7887bf8e274f5af0bfe6fa92704ea9.yml,5c7887bf8e274f5af0bfe6fa92704ea9.pdf,E:\byrdocs\5c7887bf8e274f5af0bfe6fa92704ea9.pdf,748166,E:\byrdocs\5c7887bf8e274f5af0bfe6fa92704ea9.jpg,E:\byrdocs\5c7887bf8e274f5af0bfe6fa92704ea9.webp,,,https://byrdocs.org/files/5c7887bf8e274f5af0bfe6fa92704ea9.pdf
5c80c18e8835ed7dea88c36d1b80053c,ready,include_after_storage_upload,test,离散数学,E:\byrdocs-archive\metadata\5c80c18e8835ed7dea88c36d1b80053c.yml,5c80c18e8835ed7dea88c36d1b80053c.pdf,E:\byrdocs\5c80c18e8835ed7dea88c36d1b80053c.pdf,6961106,E:\byrdocs\5c80c18e8835ed7dea88c36d1b80053c.jpg,E:\byrdocs\5c80c18e8835ed7dea88c36d1b80053c.webp,,,https://byrdocs.org/files/5c80c18e8835ed7dea88c36d1b80053c.pdf
5ca1733016a1308723460dc7305a0f22,ready,include_after_storage_upload,test,概率论与数理统计,E:\byrdocs-archive\metadata\5ca1733016a1308723460dc7305a0f22.yml,5ca1733016a1308723460dc7305a0f22.pdf,E:\byrdocs\5ca1733016a1308723460dc7305a0f22.pdf,5011854,E:\byrdocs\5ca1733016a1308723460dc7305a0f22.jpg,E:\byrdocs\5ca1733016a1308723460dc7305a0f22.webp,,,https://byrdocs.org/files/5ca1733016a1308723460dc7305a0f22.pdf
5ccbc9edacc22f7dd8ed72d8874a97d5,ready,include_after_storage_upload,doc,计算机系统结构练习题讲解,E:\byrdocs-archive\metadata\5ccbc9edacc22f7dd8ed72d8874a97d5.yml,5ccbc9edacc22f7dd8ed72d8874a97d5.pdf,E:\byrdocs\5ccbc9edacc22f7dd8ed72d8874a97d5.pdf,1140881,E:\byrdocs\5ccbc9edacc22f7dd8ed72d8874a97d5.jpg,E:\byrdocs\5ccbc9edacc22f7dd8ed72d8874a97d5.webp,,,https://byrdocs.org/files/5ccbc9edacc22f7dd8ed72d8874a97d5.pdf
5d03a7496666f9bb241b73c28fa527a0,ready,include_after_storage_upload,book,Б. П. 吉米多维奇数学分析习题集题解 4,E:\byrdocs-archive\metadata\5d03a7496666f9bb241b73c28fa527a0.yml,5d03a7496666f9bb241b73c28fa527a0.pdf,E:\byrdocs\5d03a7496666f9bb241b73c28fa527a0.pdf,7570742,E:\byrdocs\5d03a7496666f9bb241b73c28fa527a0.jpg,E:\byrdocs\5d03a7496666f9bb241b73c28fa527a0.webp,,,https://byrdocs.org/files/5d03a7496666f9bb241b73c28fa527a0.pdf
5d3d7be09e4842ca74fb739cbd2e5687,ready,include_after_storage_upload,book,量子计算机编程：从入门到实践,E:\byrdocs-archive\metadata\5d3d7be09e4842ca74fb739cbd2e5687.yml,5d3d7be09e4842ca74fb739cbd2e5687.pdf,E:\byrdocs\5d3d7be09e4842ca74fb739cbd2e5687.pdf,20047552,E:\byrdocs\5d3d7be09e4842ca74fb739cbd2e5687.jpg,E:\byrdocs\5d3d7be09e4842ca74fb739cbd2e5687.webp,,,https://byrdocs.org/files/5d3d7be09e4842ca74fb739cbd2e5687.pdf
5d5caffb7c7eea9225a62e2955ab707b,ready,include_after_storage_upload,test,运筹学,E:\byrdocs-archive\metadata\5d5caffb7c7eea9225a62e2955ab707b.yml,5d5caffb7c7eea9225a62e2955ab707b.pdf,E:\byrdocs\5d5caffb7c7eea9225a62e2955ab707b.pdf,74891,E:\byrdocs\5d5caffb7c7eea9225a62e2955ab707b.jpg,E:\byrdocs\5d5caffb7c7eea9225a62e2955ab707b.webp,,,https://byrdocs.org/files/5d5caffb7c7eea9225a62e2955ab707b.pdf
5dab91b7ae8dc15c88042fbbbe11ce7d,ready,include_after_storage_upload,book,数据库系统概念（原书第7版）,E:\byrdocs-archive\metadata\5dab91b7ae8dc15c88042fbbbe11ce7d.yml,5dab91b7ae8dc15c88042fbbbe11ce7d.pdf,E:\byrdocs\5dab91b7ae8dc15c88042fbbbe11ce7d.pdf,183297669,E:\byrdocs\5dab91b7ae8dc15c88042fbbbe11ce7d.jpg,E:\byrdocs\5dab91b7ae8dc15c88042fbbbe11ce7d.webp,,,https://byrdocs.org/files/5dab91b7ae8dc15c88042fbbbe11ce7d.pdf
5e49851c2f6e58e1467ce774a7641b75,ready,include_after_storage_upload,test,计算机网络,E:\byrdocs-archive\metadata\5e49851c2f6e58e1467ce774a7641b75.yml,5e49851c2f6e58e1467ce774a7641b75.pdf,E:\byrdocs\5e49851c2f6e58e1467ce774a7641b75.pdf,1429649,E:\byrdocs\5e49851c2f6e58e1467ce774a7641b75.jpg,E:\byrdocs\5e49851c2f6e58e1467ce774a7641b75.webp,,,https://byrdocs.org/files/5e49851c2f6e58e1467ce774a7641b75.pdf
5e530fd263a793a85e84014ca37c148d,ready,include_after_storage_upload,test,复变函数,E:\byrdocs-archive\metadata\5e530fd263a793a85e84014ca37c148d.yml,5e530fd263a793a85e84014ca37c148d.pdf,E:\byrdocs\5e530fd263a793a85e84014ca37c148d.pdf,174363,E:\byrdocs\5e530fd263a793a85e84014ca37c148d.jpg,E:\byrdocs\5e530fd263a793a85e84014ca37c148d.webp,,,https://byrdocs.org/files/5e530fd263a793a85e84014ca37c148d.pdf
5e5d1804694f091e2f77b557cbaebb8b,ready,include_after_storage_upload,test,随机过程,E:\byrdocs-archive\metadata\5e5d1804694f091e2f77b557cbaebb8b.yml,5e5d1804694f091e2f77b557cbaebb8b.pdf,E:\byrdocs\5e5d1804694f091e2f77b557cbaebb8b.pdf,1025115,E:\byrdocs\5e5d1804694f091e2f77b557cbaebb8b.jpg,E:\byrdocs\5e5d1804694f091e2f77b557cbaebb8b.webp,,,https://byrdocs.org/files/5e5d1804694f091e2f77b557cbaebb8b.pdf
5e8a15d1410d9831b6c93c8b62e387bb,ready,include_after_storage_upload,book,工科数学分析基础 下册,E:\byrdocs-archive\metadata\5e8a15d1410d9831b6c93c8b62e387bb.yml,5e8a15d1410d9831b6c93c8b62e387bb.pdf,E:\byrdocs\5e8a15d1410d9831b6c93c8b62e387bb.pdf,57543304,E:\byrdocs\5e8a15d1410d9831b6c93c8b62e387bb.jpg,E:\byrdocs\5e8a15d1410d9831b6c93c8b62e387bb.webp,,,https://byrdocs.org/files/5e8a15d1410d9831b6c93c8b62e387bb.pdf
5e8aea2dd9b1f80e2f173121a58766c3,ready,include_after_storage_upload,test,电磁场与电磁波,E:\byrdocs-archive\metadata\5e8aea2dd9b1f80e2f173121a58766c3.yml,5e8aea2dd9b1f80e2f173121a58766c3.pdf,E:\byrdocs\5e8aea2dd9b1f80e2f173121a58766c3.pdf,648491,E:\byrdocs\5e8aea2dd9b1f80e2f173121a58766c3.jpg,E:\byrdocs\5e8aea2dd9b1f80e2f173121a58766c3.webp,,,https://byrdocs.org/files/5e8aea2dd9b1f80e2f173121a58766c3.pdf
5ebbe4b167d7e2063f25b962d2bb772a,ready,include_after_storage_upload,test,操作系统原理,E:\byrdocs-archive\metadata\5ebbe4b167d7e2063f25b962d2bb772a.yml,5ebbe4b167d7e2063f25b962d2bb772a.pdf,E:\byrdocs\5ebbe4b167d7e2063f25b962d2bb772a.pdf,366170,E:\byrdocs\5ebbe4b167d7e2063f25b962d2bb772a.jpg,E:\byrdocs\5ebbe4b167d7e2063f25b962d2bb772a.webp,,,https://byrdocs.org/files/5ebbe4b167d7e2063f25b962d2bb772a.pdf
5ec9f1582594754fcd07951a160fffe9,ready,include_after_storage_upload,book,Electronic Devices and Circuit Theory,E:\byrdocs-archive\metadata\5ec9f1582594754fcd07951a160fffe9.yml,5ec9f1582594754fcd07951a160fffe9.pdf,E:\byrdocs\5ec9f1582594754fcd07951a160fffe9.pdf,58652441,E:\byrdocs\5ec9f1582594754fcd07951a160fffe9.jpg,E:\byrdocs\5ec9f1582594754fcd07951a160fffe9.webp,,,https://byrdocs.org/files/5ec9f1582594754fcd07951a160fffe9.pdf
5edefa4dee186e0e25de5b6012f4655f,ready,include_after_storage_upload,book,信号与系统 上册,E:\byrdocs-archive\metadata\5edefa4dee186e0e25de5b6012f4655f.yml,5edefa4dee186e0e25de5b6012f4655f.pdf,E:\byrdocs\5edefa4dee186e0e25de5b6012f4655f.pdf,18619899,E:\byrdocs\5edefa4dee186e0e25de5b6012f4655f.jpg,E:\byrdocs\5edefa4dee186e0e25de5b6012f4655f.webp,,,https://byrdocs.org/files/5edefa4dee186e0e25de5b6012f4655f.pdf
5f3f621f3994da4681d33f0045e3cf55,ready,include_after_storage_upload,doc,【公选课】公共关系学课件,E:\byrdocs-archive\metadata\5f3f621f3994da4681d33f0045e3cf55.yml,5f3f621f3994da4681d33f0045e3cf55.zip,E:\byrdocs\5f3f621f3994da4681d33f0045e3cf55.zip,6706994,E:\byrdocs\5f3f621f3994da4681d33f0045e3cf55.jpg,E:\byrdocs\5f3f621f3994da4681d33f0045e3cf55.webp,,,https://byrdocs.org/files/5f3f621f3994da4681d33f0045e3cf55.zip
5fa1b8c8638b050f24cb3b9d06fde606,ready,include_after_storage_upload,doc,单项选择题 修正版,E:\byrdocs-archive\metadata\5fa1b8c8638b050f24cb3b9d06fde606.yml,5fa1b8c8638b050f24cb3b9d06fde606.pdf,E:\byrdocs\5fa1b8c8638b050f24cb3b9d06fde606.pdf,391760,E:\byrdocs\5fa1b8c8638b050f24cb3b9d06fde606.jpg,E:\byrdocs\5fa1b8c8638b050f24cb3b9d06fde606.webp,,,https://byrdocs.org/files/5fa1b8c8638b050f24cb3b9d06fde606.pdf
5fc43cb745c14415890cde51f7772125,ready,include_after_storage_upload,book,算法数论：格、数域、曲线和密码学,E:\byrdocs-archive\metadata\5fc43cb745c14415890cde51f7772125.yml,5fc43cb745c14415890cde51f7772125.pdf,E:\byrdocs\5fc43cb745c14415890cde51f7772125.pdf,19352840,E:\byrdocs\5fc43cb745c14415890cde51f7772125.jpg,E:\byrdocs\5fc43cb745c14415890cde51f7772125.webp,,,https://byrdocs.org/files/5fc43cb745c14415890cde51f7772125.pdf
5fd9015be63336c2d8ae43c5d04edee6,ready,include_after_storage_upload,test,电路分析基础,E:\byrdocs-archive\metadata\5fd9015be63336c2d8ae43c5d04edee6.yml,5fd9015be63336c2d8ae43c5d04edee6.pdf,E:\byrdocs\5fd9015be63336c2d8ae43c5d04edee6.pdf,1220778,E:\byrdocs\5fd9015be63336c2d8ae43c5d04edee6.jpg,E:\byrdocs\5fd9015be63336c2d8ae43c5d04edee6.webp,,,https://byrdocs.org/files/5fd9015be63336c2d8ae43c5d04edee6.pdf
600a47858f280bae6a4d52792a07ed60,ready,include_after_storage_upload,book,随机信号分析与处理,E:\byrdocs-archive\metadata\600a47858f280bae6a4d52792a07ed60.yml,600a47858f280bae6a4d52792a07ed60.pdf,E:\byrdocs\600a47858f280bae6a4d52792a07ed60.pdf,8772125,E:\byrdocs\600a47858f280bae6a4d52792a07ed60.jpg,E:\byrdocs\600a47858f280bae6a4d52792a07ed60.webp,,,https://byrdocs.org/files/600a47858f280bae6a4d52792a07ed60.pdf
608796717ad01ff3fe7524a1e146c4f3,ready,include_after_storage_upload,test,大学物理C,E:\byrdocs-archive\metadata\608796717ad01ff3fe7524a1e146c4f3.yml,608796717ad01ff3fe7524a1e146c4f3.pdf,E:\byrdocs\608796717ad01ff3fe7524a1e146c4f3.pdf,446987,E:\byrdocs\608796717ad01ff3fe7524a1e146c4f3.jpg,E:\byrdocs\608796717ad01ff3fe7524a1e146c4f3.webp,,,https://byrdocs.org/files/608796717ad01ff3fe7524a1e146c4f3.pdf
60d948647e7c2e9d5b7c41807a2680e6,ready,include_after_storage_upload,book,离散数学与组合数学（第5版）,E:\byrdocs-archive\metadata\60d948647e7c2e9d5b7c41807a2680e6.yml,60d948647e7c2e9d5b7c41807a2680e6.pdf,E:\byrdocs\60d948647e7c2e9d5b7c41807a2680e6.pdf,125159075,E:\byrdocs\60d948647e7c2e9d5b7c41807a2680e6.jpg,E:\byrdocs\60d948647e7c2e9d5b7c41807a2680e6.webp,,,https://byrdocs.org/files/60d948647e7c2e9d5b7c41807a2680e6.pdf
610f8620aac14b1653849f1a6245f714,ready,include_after_storage_upload,doc,知识梳理,E:\byrdocs-archive\metadata\610f8620aac14b1653849f1a6245f714.yml,610f8620aac14b1653849f1a6245f714.pdf,E:\byrdocs\610f8620aac14b1653849f1a6245f714.pdf,10404471,E:\byrdocs\610f8620aac14b1653849f1a6245f714.jpg,E:\byrdocs\610f8620aac14b1653849f1a6245f714.webp,,,https://byrdocs.org/files/610f8620aac14b1653849f1a6245f714.pdf
61745579b3d637297365d02e5aa2d033,ready,include_after_storage_upload,doc,《计算机网络》期末考试样题,E:\byrdocs-archive\metadata\61745579b3d637297365d02e5aa2d033.yml,61745579b3d637297365d02e5aa2d033.pdf,E:\byrdocs\61745579b3d637297365d02e5aa2d033.pdf,301317,E:\byrdocs\61745579b3d637297365d02e5aa2d033.jpg,E:\byrdocs\61745579b3d637297365d02e5aa2d033.webp,,,https://byrdocs.org/files/61745579b3d637297365d02e5aa2d033.pdf
61bd97d49d98933c3fbfe16c171a8a9b,ready,include_after_storage_upload,test,操作系统,E:\byrdocs-archive\metadata\61bd97d49d98933c3fbfe16c171a8a9b.yml,61bd97d49d98933c3fbfe16c171a8a9b.pdf,E:\byrdocs\61bd97d49d98933c3fbfe16c171a8a9b.pdf,407917,E:\byrdocs\61bd97d49d98933c3fbfe16c171a8a9b.jpg,E:\byrdocs\61bd97d49d98933c3fbfe16c171a8a9b.webp,,,https://byrdocs.org/files/61bd97d49d98933c3fbfe16c171a8a9b.pdf
61e9c6d116a264c943cda80d6c601746,ready,include_after_storage_upload,test,概率论与数理统计,E:\byrdocs-archive\metadata\61e9c6d116a264c943cda80d6c601746.yml,61e9c6d116a264c943cda80d6c601746.pdf,E:\byrdocs\61e9c6d116a264c943cda80d6c601746.pdf,184915,E:\byrdocs\61e9c6d116a264c943cda80d6c601746.jpg,E:\byrdocs\61e9c6d116a264c943cda80d6c601746.webp,,,https://byrdocs.org/files/61e9c6d116a264c943cda80d6c601746.pdf
61ee05b66725c2a4ee4fe663816fa1c8,ready,include_after_storage_upload,test,数据结构,E:\byrdocs-archive\metadata\61ee05b66725c2a4ee4fe663816fa1c8.yml,61ee05b66725c2a4ee4fe663816fa1c8.pdf,E:\byrdocs\61ee05b66725c2a4ee4fe663816fa1c8.pdf,698884,E:\byrdocs\61ee05b66725c2a4ee4fe663816fa1c8.jpg,E:\byrdocs\61ee05b66725c2a4ee4fe663816fa1c8.webp,,,https://byrdocs.org/files/61ee05b66725c2a4ee4fe663816fa1c8.pdf
61ef5f264d6377e757aa7f3dca23ad4a,ready,include_after_storage_upload,test,大学物理C,E:\byrdocs-archive\metadata\61ef5f264d6377e757aa7f3dca23ad4a.yml,61ef5f264d6377e757aa7f3dca23ad4a.pdf,E:\byrdocs\61ef5f264d6377e757aa7f3dca23ad4a.pdf,248383,E:\byrdocs\61ef5f264d6377e757aa7f3dca23ad4a.jpg,E:\byrdocs\61ef5f264d6377e757aa7f3dca23ad4a.webp,,,https://byrdocs.org/files/61ef5f264d6377e757aa7f3dca23ad4a.pdf
624b59063fed6ebc6333e56da0189fe3,ready,include_after_storage_upload,test,操作系统,E:\byrdocs-archive\metadata\624b59063fed6ebc6333e56da0189fe3.yml,624b59063fed6ebc6333e56da0189fe3.pdf,E:\byrdocs\624b59063fed6ebc6333e56da0189fe3.pdf,776171,E:\byrdocs\624b59063fed6ebc6333e56da0189fe3.jpg,E:\byrdocs\624b59063fed6ebc6333e56da0189fe3.webp,,,https://byrdocs.org/files/624b59063fed6ebc6333e56da0189fe3.pdf
62b43f8fbed2bb3087f2afc96fd89b0f,ready,include_after_storage_upload,doc,2020爱课堂数电客观题解析,E:\byrdocs-archive\metadata\62b43f8fbed2bb3087f2afc96fd89b0f.yml,62b43f8fbed2bb3087f2afc96fd89b0f.zip,E:\byrdocs\62b43f8fbed2bb3087f2afc96fd89b0f.zip,11713520,E:\byrdocs\62b43f8fbed2bb3087f2afc96fd89b0f.jpg,E:\byrdocs\62b43f8fbed2bb3087f2afc96fd89b0f.webp,,,https://byrdocs.org/files/62b43f8fbed2bb3087f2afc96fd89b0f.zip
62d8ab20ac19daa09ad453dd252b80c3,ready,include_after_storage_upload,book,信号与系统（第三版）习题解析,E:\byrdocs-archive\metadata\62d8ab20ac19daa09ad453dd252b80c3.yml,62d8ab20ac19daa09ad453dd252b80c3.pdf,E:\byrdocs\62d8ab20ac19daa09ad453dd252b80c3.pdf,13268894,E:\byrdocs\62d8ab20ac19daa09ad453dd252b80c3.jpg,E:\byrdocs\62d8ab20ac19daa09ad453dd252b80c3.webp,,,https://byrdocs.org/files/62d8ab20ac19daa09ad453dd252b80c3.pdf
63797e5c1ea71cdf19976d17188d1bca,ready,include_after_storage_upload,doc,群论+编码翻译及奇数题答案,E:\byrdocs-archive\metadata\63797e5c1ea71cdf19976d17188d1bca.yml,63797e5c1ea71cdf19976d17188d1bca.pdf,E:\byrdocs\63797e5c1ea71cdf19976d17188d1bca.pdf,19302522,E:\byrdocs\63797e5c1ea71cdf19976d17188d1bca.jpg,E:\byrdocs\63797e5c1ea71cdf19976d17188d1bca.webp,,,https://byrdocs.org/files/63797e5c1ea71cdf19976d17188d1bca.pdf
63bd0149d510dfc3e6f9b5d3cab094c2,ready,include_after_storage_upload,doc,领导力与组织管理知识点,E:\byrdocs-archive\metadata\63bd0149d510dfc3e6f9b5d3cab094c2.yml,63bd0149d510dfc3e6f9b5d3cab094c2.pdf,E:\byrdocs\63bd0149d510dfc3e6f9b5d3cab094c2.pdf,127068,E:\byrdocs\63bd0149d510dfc3e6f9b5d3cab094c2.jpg,E:\byrdocs\63bd0149d510dfc3e6f9b5d3cab094c2.webp,,,https://byrdocs.org/files/63bd0149d510dfc3e6f9b5d3cab094c2.pdf
63c65e80c610bea44112378eb31fbae7,ready,include_after_storage_upload,book,Discrete Mathematical Structures,E:\byrdocs-archive\metadata\63c65e80c610bea44112378eb31fbae7.yml,63c65e80c610bea44112378eb31fbae7.pdf,E:\byrdocs\63c65e80c610bea44112378eb31fbae7.pdf,6919329,E:\byrdocs\63c65e80c610bea44112378eb31fbae7.jpg,E:\byrdocs\63c65e80c610bea44112378eb31fbae7.webp,,,https://byrdocs.org/files/63c65e80c610bea44112378eb31fbae7.pdf
63d0ebcedf57e19af60ecc00d7e75bc5,ready,include_after_storage_upload,test,机器学习,E:\byrdocs-archive\metadata\63d0ebcedf57e19af60ecc00d7e75bc5.yml,63d0ebcedf57e19af60ecc00d7e75bc5.pdf,E:\byrdocs\63d0ebcedf57e19af60ecc00d7e75bc5.pdf,543675,E:\byrdocs\63d0ebcedf57e19af60ecc00d7e75bc5.jpg,E:\byrdocs\63d0ebcedf57e19af60ecc00d7e75bc5.webp,,,https://byrdocs.org/files/63d0ebcedf57e19af60ecc00d7e75bc5.pdf
643349041f9bc8ab891db6fbb7e93a01,ready,include_after_storage_upload,book,Б. П. 吉米多维奇数学分析习题集题解 6,E:\byrdocs-archive\metadata\643349041f9bc8ab891db6fbb7e93a01.yml,643349041f9bc8ab891db6fbb7e93a01.pdf,E:\byrdocs\643349041f9bc8ab891db6fbb7e93a01.pdf,6978524,E:\byrdocs\643349041f9bc8ab891db6fbb7e93a01.jpg,E:\byrdocs\643349041f9bc8ab891db6fbb7e93a01.webp,,,https://byrdocs.org/files/643349041f9bc8ab891db6fbb7e93a01.pdf
649199e8d1f1043b4655edd3f6e356b7,ready,include_after_storage_upload,test,信息安全数学基础,E:\byrdocs-archive\metadata\649199e8d1f1043b4655edd3f6e356b7.yml,649199e8d1f1043b4655edd3f6e356b7.pdf,E:\byrdocs\649199e8d1f1043b4655edd3f6e356b7.pdf,453650,E:\byrdocs\649199e8d1f1043b4655edd3f6e356b7.jpg,E:\byrdocs\649199e8d1f1043b4655edd3f6e356b7.webp,,,https://byrdocs.org/files/649199e8d1f1043b4655edd3f6e356b7.pdf
64a66d1b4c0f57e3992c9777a84977da,ready,include_after_storage_upload,test,大学物理C,E:\byrdocs-archive\metadata\64a66d1b4c0f57e3992c9777a84977da.yml,64a66d1b4c0f57e3992c9777a84977da.pdf,E:\byrdocs\64a66d1b4c0f57e3992c9777a84977da.pdf,6147524,E:\byrdocs\64a66d1b4c0f57e3992c9777a84977da.jpg,E:\byrdocs\64a66d1b4c0f57e3992c9777a84977da.webp,,,https://byrdocs.org/files/64a66d1b4c0f57e3992c9777a84977da.pdf
64a89e198811c32bafd9ed4ae9b02a34,ready,include_after_storage_upload,test,大学物理C,E:\byrdocs-archive\metadata\64a89e198811c32bafd9ed4ae9b02a34.yml,64a89e198811c32bafd9ed4ae9b02a34.pdf,E:\byrdocs\64a89e198811c32bafd9ed4ae9b02a34.pdf,1661617,E:\byrdocs\64a89e198811c32bafd9ed4ae9b02a34.jpg,E:\byrdocs\64a89e198811c32bafd9ed4ae9b02a34.webp,,,https://byrdocs.org/files/64a89e198811c32bafd9ed4ae9b02a34.pdf
64d0c66d05c2d888120cfefa1ba88699,ready,include_after_storage_upload,test,电路与电子学基础,E:\byrdocs-archive\metadata\64d0c66d05c2d888120cfefa1ba88699.yml,64d0c66d05c2d888120cfefa1ba88699.pdf,E:\byrdocs\64d0c66d05c2d888120cfefa1ba88699.pdf,265222,E:\byrdocs\64d0c66d05c2d888120cfefa1ba88699.jpg,E:\byrdocs\64d0c66d05c2d888120cfefa1ba88699.webp,,,https://byrdocs.org/files/64d0c66d05c2d888120cfefa1ba88699.pdf
6553ef6c0a2f2002dbc05728d08ead98,ready,include_after_storage_upload,book,编译原理 包含代数方法的新编译方法,E:\byrdocs-archive\metadata\6553ef6c0a2f2002dbc05728d08ead98.yml,6553ef6c0a2f2002dbc05728d08ead98.pdf,E:\byrdocs\6553ef6c0a2f2002dbc05728d08ead98.pdf,13182612,E:\byrdocs\6553ef6c0a2f2002dbc05728d08ead98.jpg,E:\byrdocs\6553ef6c0a2f2002dbc05728d08ead98.webp,,,https://byrdocs.org/files/6553ef6c0a2f2002dbc05728d08ead98.pdf
65c367b3f7fe40375ebacdcc5b880b86,ready,include_after_storage_upload,test,数学分析（下）,E:\byrdocs-archive\metadata\65c367b3f7fe40375ebacdcc5b880b86.yml,65c367b3f7fe40375ebacdcc5b880b86.pdf,E:\byrdocs\65c367b3f7fe40375ebacdcc5b880b86.pdf,181799,E:\byrdocs\65c367b3f7fe40375ebacdcc5b880b86.jpg,E:\byrdocs\65c367b3f7fe40375ebacdcc5b880b86.webp,,,https://byrdocs.org/files/65c367b3f7fe40375ebacdcc5b880b86.pdf
65c525d65939c5026df092f68a3cf2f4,ready,include_after_storage_upload,book,C程序设计语言,E:\byrdocs-archive\metadata\65c525d65939c5026df092f68a3cf2f4.yml,65c525d65939c5026df092f68a3cf2f4.pdf,E:\byrdocs\65c525d65939c5026df092f68a3cf2f4.pdf,23114026,E:\byrdocs\65c525d65939c5026df092f68a3cf2f4.jpg,E:\byrdocs\65c525d65939c5026df092f68a3cf2f4.webp,,,https://byrdocs.org/files/65c525d65939c5026df092f68a3cf2f4.pdf
66336341da6b1951c43b0346a87c471c,ready,include_after_storage_upload,test,离散数学,E:\byrdocs-archive\metadata\66336341da6b1951c43b0346a87c471c.yml,66336341da6b1951c43b0346a87c471c.pdf,E:\byrdocs\66336341da6b1951c43b0346a87c471c.pdf,1856090,E:\byrdocs\66336341da6b1951c43b0346a87c471c.jpg,E:\byrdocs\66336341da6b1951c43b0346a87c471c.webp,,,https://byrdocs.org/files/66336341da6b1951c43b0346a87c471c.pdf
66b707867e24843c84d5937546007251,ready,include_after_storage_upload,doc,期末复习重点问题-2023年,E:\byrdocs-archive\metadata\66b707867e24843c84d5937546007251.yml,66b707867e24843c84d5937546007251.pdf,E:\byrdocs\66b707867e24843c84d5937546007251.pdf,366919,E:\byrdocs\66b707867e24843c84d5937546007251.jpg,E:\byrdocs\66b707867e24843c84d5937546007251.webp,,,https://byrdocs.org/files/66b707867e24843c84d5937546007251.pdf
66d445a376309350d504a3fe35631216,ready,include_after_storage_upload,test,大学物理（上）,E:\byrdocs-archive\metadata\66d445a376309350d504a3fe35631216.yml,66d445a376309350d504a3fe35631216.pdf,E:\byrdocs\66d445a376309350d504a3fe35631216.pdf,2756147,E:\byrdocs\66d445a376309350d504a3fe35631216.jpg,E:\byrdocs\66d445a376309350d504a3fe35631216.webp,,,https://byrdocs.org/files/66d445a376309350d504a3fe35631216.pdf
66e56d594c00ed32bb6e443b6a38b1b9,ready,include_after_storage_upload,test,通信原理,E:\byrdocs-archive\metadata\66e56d594c00ed32bb6e443b6a38b1b9.yml,66e56d594c00ed32bb6e443b6a38b1b9.pdf,E:\byrdocs\66e56d594c00ed32bb6e443b6a38b1b9.pdf,406194,E:\byrdocs\66e56d594c00ed32bb6e443b6a38b1b9.jpg,E:\byrdocs\66e56d594c00ed32bb6e443b6a38b1b9.webp,,,https://byrdocs.org/files/66e56d594c00ed32bb6e443b6a38b1b9.pdf
67b1ae01879c8d4ca862c4827c2aa31a,ready,include_after_storage_upload,book,理论物理学教程 第5卷 统计物理学I 第5版,E:\byrdocs-archive\metadata\67b1ae01879c8d4ca862c4827c2aa31a.yml,67b1ae01879c8d4ca862c4827c2aa31a.pdf,E:\byrdocs\67b1ae01879c8d4ca862c4827c2aa31a.pdf,64144811,E:\byrdocs\67b1ae01879c8d4ca862c4827c2aa31a.jpg,E:\byrdocs\67b1ae01879c8d4ca862c4827c2aa31a.webp,,,https://byrdocs.org/files/67b1ae01879c8d4ca862c4827c2aa31a.pdf
680b6abcd0be13a2ea4acb1f31e21772,ready,include_after_storage_upload,doc,21级物联网工程期末串讲笔记,E:\byrdocs-archive\metadata\680b6abcd0be13a2ea4acb1f31e21772.yml,680b6abcd0be13a2ea4acb1f31e21772.pdf,E:\byrdocs\680b6abcd0be13a2ea4acb1f31e21772.pdf,4554441,E:\byrdocs\680b6abcd0be13a2ea4acb1f31e21772.jpg,E:\byrdocs\680b6abcd0be13a2ea4acb1f31e21772.webp,,,https://byrdocs.org/files/680b6abcd0be13a2ea4acb1f31e21772.pdf
6853bfcf8719c895a15b8ed778a26789,ready,include_after_storage_upload,book,测度与概率,E:\byrdocs-archive\metadata\6853bfcf8719c895a15b8ed778a26789.yml,6853bfcf8719c895a15b8ed778a26789.pdf,E:\byrdocs\6853bfcf8719c895a15b8ed778a26789.pdf,17841061,E:\byrdocs\6853bfcf8719c895a15b8ed778a26789.jpg,E:\byrdocs\6853bfcf8719c895a15b8ed778a26789.webp,,,https://byrdocs.org/files/6853bfcf8719c895a15b8ed778a26789.pdf
686ba1fb30d0a12f75512ad1e0863462,ready,include_after_storage_upload,book,线性代数（原书第8版）,E:\byrdocs-archive\metadata\686ba1fb30d0a12f75512ad1e0863462.yml,686ba1fb30d0a12f75512ad1e0863462.pdf,E:\byrdocs\686ba1fb30d0a12f75512ad1e0863462.pdf,36609394,E:\byrdocs\686ba1fb30d0a12f75512ad1e0863462.jpg,E:\byrdocs\686ba1fb30d0a12f75512ad1e0863462.webp,,,https://byrdocs.org/files/686ba1fb30d0a12f75512ad1e0863462.pdf
68b6bc31e1817db6ed7ec5fd2b29493b,ready,include_after_storage_upload,test,python编程与实践,E:\byrdocs-archive\metadata\68b6bc31e1817db6ed7ec5fd2b29493b.yml,68b6bc31e1817db6ed7ec5fd2b29493b.pdf,E:\byrdocs\68b6bc31e1817db6ed7ec5fd2b29493b.pdf,475539,E:\byrdocs\68b6bc31e1817db6ed7ec5fd2b29493b.jpg,E:\byrdocs\68b6bc31e1817db6ed7ec5fd2b29493b.webp,,,https://byrdocs.org/files/68b6bc31e1817db6ed7ec5fd2b29493b.pdf
68ff12202da66861d0e4e9e3d63ac3f2,ready,include_after_storage_upload,test,电路与电子学基础,E:\byrdocs-archive\metadata\68ff12202da66861d0e4e9e3d63ac3f2.yml,68ff12202da66861d0e4e9e3d63ac3f2.pdf,E:\byrdocs\68ff12202da66861d0e4e9e3d63ac3f2.pdf,349592,E:\byrdocs\68ff12202da66861d0e4e9e3d63ac3f2.jpg,E:\byrdocs\68ff12202da66861d0e4e9e3d63ac3f2.webp,,,https://byrdocs.org/files/68ff12202da66861d0e4e9e3d63ac3f2.pdf
6955afa70111ebf6f5d9edd57261480b,ready,include_after_storage_upload,test,矩阵理论和方法,E:\byrdocs-archive\metadata\6955afa70111ebf6f5d9edd57261480b.yml,6955afa70111ebf6f5d9edd57261480b.pdf,E:\byrdocs\6955afa70111ebf6f5d9edd57261480b.pdf,334178,E:\byrdocs\6955afa70111ebf6f5d9edd57261480b.jpg,E:\byrdocs\6955afa70111ebf6f5d9edd57261480b.webp,,,https://byrdocs.org/files/6955afa70111ebf6f5d9edd57261480b.pdf
6965c14c9f2c5e8a46568d44ec17dc92,ready,include_after_storage_upload,test,运筹学,E:\byrdocs-archive\metadata\6965c14c9f2c5e8a46568d44ec17dc92.yml,6965c14c9f2c5e8a46568d44ec17dc92.pdf,E:\byrdocs\6965c14c9f2c5e8a46568d44ec17dc92.pdf,120720,E:\byrdocs\6965c14c9f2c5e8a46568d44ec17dc92.jpg,E:\byrdocs\6965c14c9f2c5e8a46568d44ec17dc92.webp,,,https://byrdocs.org/files/6965c14c9f2c5e8a46568d44ec17dc92.pdf
69f2a8b9ada94b615ba5155a1f6966f7,ready,include_after_storage_upload,test,物联网技术导论,E:\byrdocs-archive\metadata\69f2a8b9ada94b615ba5155a1f6966f7.yml,69f2a8b9ada94b615ba5155a1f6966f7.pdf,E:\byrdocs\69f2a8b9ada94b615ba5155a1f6966f7.pdf,5585437,E:\byrdocs\69f2a8b9ada94b615ba5155a1f6966f7.jpg,E:\byrdocs\69f2a8b9ada94b615ba5155a1f6966f7.webp,,,https://byrdocs.org/files/69f2a8b9ada94b615ba5155a1f6966f7.pdf
6a7c3b94a1ab6c903d2a324d2f824652,ready,include_after_storage_upload,book,理论物理学教程 第1卷 力学 第5版,E:\byrdocs-archive\metadata\6a7c3b94a1ab6c903d2a324d2f824652.yml,6a7c3b94a1ab6c903d2a324d2f824652.pdf,E:\byrdocs\6a7c3b94a1ab6c903d2a324d2f824652.pdf,13425799,E:\byrdocs\6a7c3b94a1ab6c903d2a324d2f824652.jpg,E:\byrdocs\6a7c3b94a1ab6c903d2a324d2f824652.webp,,,https://byrdocs.org/files/6a7c3b94a1ab6c903d2a324d2f824652.pdf
6acf4e593a783205fbd4e56e4992a33d,ready,include_after_storage_upload,test,模拟集成电路设计,E:\byrdocs-archive\metadata\6acf4e593a783205fbd4e56e4992a33d.yml,6acf4e593a783205fbd4e56e4992a33d.pdf,E:\byrdocs\6acf4e593a783205fbd4e56e4992a33d.pdf,2745392,E:\byrdocs\6acf4e593a783205fbd4e56e4992a33d.jpg,E:\byrdocs\6acf4e593a783205fbd4e56e4992a33d.webp,,,https://byrdocs.org/files/6acf4e593a783205fbd4e56e4992a33d.pdf
6af8ecd930215af20100ec582369bff1,ready,include_after_storage_upload,test,编译原理与技术,E:\byrdocs-archive\metadata\6af8ecd930215af20100ec582369bff1.yml,6af8ecd930215af20100ec582369bff1.pdf,E:\byrdocs\6af8ecd930215af20100ec582369bff1.pdf,337913,E:\byrdocs\6af8ecd930215af20100ec582369bff1.jpg,E:\byrdocs\6af8ecd930215af20100ec582369bff1.webp,,,https://byrdocs.org/files/6af8ecd930215af20100ec582369bff1.pdf
6b34f7e70671dc91d384b263e4098571,ready,include_after_storage_upload,book,线性代数附册 学习辅导与习题全解：同济 第五版,E:\byrdocs-archive\metadata\6b34f7e70671dc91d384b263e4098571.yml,6b34f7e70671dc91d384b263e4098571.pdf,E:\byrdocs\6b34f7e70671dc91d384b263e4098571.pdf,21195323,E:\byrdocs\6b34f7e70671dc91d384b263e4098571.jpg,E:\byrdocs\6b34f7e70671dc91d384b263e4098571.webp,,,https://byrdocs.org/files/6b34f7e70671dc91d384b263e4098571.pdf
6b414c468d13550687e093a59726a017,ready,include_after_storage_upload,book,电路分析基础答疑解惑与典型题解,E:\byrdocs-archive\metadata\6b414c468d13550687e093a59726a017.yml,6b414c468d13550687e093a59726a017.pdf,E:\byrdocs\6b414c468d13550687e093a59726a017.pdf,50921752,E:\byrdocs\6b414c468d13550687e093a59726a017.jpg,E:\byrdocs\6b414c468d13550687e093a59726a017.webp,,,https://byrdocs.org/files/6b414c468d13550687e093a59726a017.pdf
6b4d4d3391aa630caf11a765190c5d46,ready,include_after_storage_upload,test,数学分析（下）,E:\byrdocs-archive\metadata\6b4d4d3391aa630caf11a765190c5d46.yml,6b4d4d3391aa630caf11a765190c5d46.pdf,E:\byrdocs\6b4d4d3391aa630caf11a765190c5d46.pdf,337804,E:\byrdocs\6b4d4d3391aa630caf11a765190c5d46.jpg,E:\byrdocs\6b4d4d3391aa630caf11a765190c5d46.webp,,,https://byrdocs.org/files/6b4d4d3391aa630caf11a765190c5d46.pdf
6b543d39fc640100521cf1b23e5ed8f5,ready,include_after_storage_upload,test,数学分析（上）,E:\byrdocs-archive\metadata\6b543d39fc640100521cf1b23e5ed8f5.yml,6b543d39fc640100521cf1b23e5ed8f5.pdf,E:\byrdocs\6b543d39fc640100521cf1b23e5ed8f5.pdf,402158,E:\byrdocs\6b543d39fc640100521cf1b23e5ed8f5.jpg,E:\byrdocs\6b543d39fc640100521cf1b23e5ed8f5.webp,,,https://byrdocs.org/files/6b543d39fc640100521cf1b23e5ed8f5.pdf
6b5ddaf29b0b4f34eecb5dd1885c30e2,ready,include_after_storage_upload,book,电子技术基础 模拟部分,E:\byrdocs-archive\metadata\6b5ddaf29b0b4f34eecb5dd1885c30e2.yml,6b5ddaf29b0b4f34eecb5dd1885c30e2.pdf,E:\byrdocs\6b5ddaf29b0b4f34eecb5dd1885c30e2.pdf,15355629,E:\byrdocs\6b5ddaf29b0b4f34eecb5dd1885c30e2.jpg,E:\byrdocs\6b5ddaf29b0b4f34eecb5dd1885c30e2.webp,,,https://byrdocs.org/files/6b5ddaf29b0b4f34eecb5dd1885c30e2.pdf
6bbc3603f538776eca440e1a28bdca39,ready,include_after_storage_upload,test,常微分方程,E:\byrdocs-archive\metadata\6bbc3603f538776eca440e1a28bdca39.yml,6bbc3603f538776eca440e1a28bdca39.pdf,E:\byrdocs\6bbc3603f538776eca440e1a28bdca39.pdf,243445,E:\byrdocs\6bbc3603f538776eca440e1a28bdca39.jpg,E:\byrdocs\6bbc3603f538776eca440e1a28bdca39.webp,,,https://byrdocs.org/files/6bbc3603f538776eca440e1a28bdca39.pdf
6bfdd11bd0d27919cd32343e1fbd6aa0,ready,include_after_storage_upload,test,高等数学A（上）,E:\byrdocs-archive\metadata\6bfdd11bd0d27919cd32343e1fbd6aa0.yml,6bfdd11bd0d27919cd32343e1fbd6aa0.pdf,E:\byrdocs\6bfdd11bd0d27919cd32343e1fbd6aa0.pdf,4723379,E:\byrdocs\6bfdd11bd0d27919cd32343e1fbd6aa0.jpg,E:\byrdocs\6bfdd11bd0d27919cd32343e1fbd6aa0.webp,,,https://byrdocs.org/files/6bfdd11bd0d27919cd32343e1fbd6aa0.pdf
6c3b5cdff39920fc1bac7bddd02f88cd,ready,include_after_storage_upload,doc,矩阵理论与方法PPT,E:\byrdocs-archive\metadata\6c3b5cdff39920fc1bac7bddd02f88cd.yml,6c3b5cdff39920fc1bac7bddd02f88cd.zip,E:\byrdocs\6c3b5cdff39920fc1bac7bddd02f88cd.zip,26959913,E:\byrdocs\6c3b5cdff39920fc1bac7bddd02f88cd.jpg,E:\byrdocs\6c3b5cdff39920fc1bac7bddd02f88cd.webp,,,https://byrdocs.org/files/6c3b5cdff39920fc1bac7bddd02f88cd.zip
6c843c331ba7e6956e6a1aeefd1107d3,ready,include_after_storage_upload,test,通信原理,E:\byrdocs-archive\metadata\6c843c331ba7e6956e6a1aeefd1107d3.yml,6c843c331ba7e6956e6a1aeefd1107d3.pdf,E:\byrdocs\6c843c331ba7e6956e6a1aeefd1107d3.pdf,963502,E:\byrdocs\6c843c331ba7e6956e6a1aeefd1107d3.jpg,E:\byrdocs\6c843c331ba7e6956e6a1aeefd1107d3.webp,,,https://byrdocs.org/files/6c843c331ba7e6956e6a1aeefd1107d3.pdf
6d0502c9dbeb66a80421869f3161aaef,ready,include_after_storage_upload,book,网络渗透技术攻防高手修炼,E:\byrdocs-archive\metadata\6d0502c9dbeb66a80421869f3161aaef.yml,6d0502c9dbeb66a80421869f3161aaef.pdf,E:\byrdocs\6d0502c9dbeb66a80421869f3161aaef.pdf,81075472,E:\byrdocs\6d0502c9dbeb66a80421869f3161aaef.jpg,E:\byrdocs\6d0502c9dbeb66a80421869f3161aaef.webp,,,https://byrdocs.org/files/6d0502c9dbeb66a80421869f3161aaef.pdf
6d57e917432f1820f038cf005f69b42e,ready,include_after_storage_upload,test,数字信号处理,E:\byrdocs-archive\metadata\6d57e917432f1820f038cf005f69b42e.yml,6d57e917432f1820f038cf005f69b42e.pdf,E:\byrdocs\6d57e917432f1820f038cf005f69b42e.pdf,688491,E:\byrdocs\6d57e917432f1820f038cf005f69b42e.jpg,E:\byrdocs\6d57e917432f1820f038cf005f69b42e.webp,,,https://byrdocs.org/files/6d57e917432f1820f038cf005f69b42e.pdf
6d76d024cf3ce6ecd6c4a2ce5f59043f,ready,include_after_storage_upload,book,高等数学学习指导与习题解析（第2版 下）,E:\byrdocs-archive\metadata\6d76d024cf3ce6ecd6c4a2ce5f59043f.yml,6d76d024cf3ce6ecd6c4a2ce5f59043f.pdf,E:\byrdocs\6d76d024cf3ce6ecd6c4a2ce5f59043f.pdf,10758639,E:\byrdocs\6d76d024cf3ce6ecd6c4a2ce5f59043f.jpg,E:\byrdocs\6d76d024cf3ce6ecd6c4a2ce5f59043f.webp,,,https://byrdocs.org/files/6d76d024cf3ce6ecd6c4a2ce5f59043f.pdf
6d7a3ce447f1b9f75b8bfee6e98275f7,ready,include_after_storage_upload,doc,《考试宝典》中国近现代史纲要,E:\byrdocs-archive\metadata\6d7a3ce447f1b9f75b8bfee6e98275f7.yml,6d7a3ce447f1b9f75b8bfee6e98275f7.pdf,E:\byrdocs\6d7a3ce447f1b9f75b8bfee6e98275f7.pdf,29317635,E:\byrdocs\6d7a3ce447f1b9f75b8bfee6e98275f7.jpg,E:\byrdocs\6d7a3ce447f1b9f75b8bfee6e98275f7.webp,,,https://byrdocs.org/files/6d7a3ce447f1b9f75b8bfee6e98275f7.pdf
6d81401d14d04c9ca018705b5b91c0e4,ready,include_after_storage_upload,test,数据库系统原理,E:\byrdocs-archive\metadata\6d81401d14d04c9ca018705b5b91c0e4.yml,6d81401d14d04c9ca018705b5b91c0e4.pdf,E:\byrdocs\6d81401d14d04c9ca018705b5b91c0e4.pdf,247150,E:\byrdocs\6d81401d14d04c9ca018705b5b91c0e4.jpg,E:\byrdocs\6d81401d14d04c9ca018705b5b91c0e4.webp,,,https://byrdocs.org/files/6d81401d14d04c9ca018705b5b91c0e4.pdf
6ea87e3d5ff76bd43d6ba16d376956cb,ready,include_after_storage_upload,book,数据结构：C语言版,E:\byrdocs-archive\metadata\6ea87e3d5ff76bd43d6ba16d376956cb.yml,6ea87e3d5ff76bd43d6ba16d376956cb.pdf,E:\byrdocs\6ea87e3d5ff76bd43d6ba16d376956cb.pdf,30036655,E:\byrdocs\6ea87e3d5ff76bd43d6ba16d376956cb.jpg,E:\byrdocs\6ea87e3d5ff76bd43d6ba16d376956cb.webp,,,https://byrdocs.org/files/6ea87e3d5ff76bd43d6ba16d376956cb.pdf
6ede300e49c07cfa650f4c920d7eb049,ready,include_after_storage_upload,book,形式语言与自动机导论（原书第3版）,E:\byrdocs-archive\metadata\6ede300e49c07cfa650f4c920d7eb049.yml,6ede300e49c07cfa650f4c920d7eb049.pdf,E:\byrdocs\6ede300e49c07cfa650f4c920d7eb049.pdf,26388592,E:\byrdocs\6ede300e49c07cfa650f4c920d7eb049.jpg,E:\byrdocs\6ede300e49c07cfa650f4c920d7eb049.webp,,,https://byrdocs.org/files/6ede300e49c07cfa650f4c920d7eb049.pdf
6ee1d0b5b0a762313d88f360ed0c4c86,ready,include_after_storage_upload,test,操作系统,E:\byrdocs-archive\metadata\6ee1d0b5b0a762313d88f360ed0c4c86.yml,6ee1d0b5b0a762313d88f360ed0c4c86.pdf,E:\byrdocs\6ee1d0b5b0a762313d88f360ed0c4c86.pdf,1876660,E:\byrdocs\6ee1d0b5b0a762313d88f360ed0c4c86.jpg,E:\byrdocs\6ee1d0b5b0a762313d88f360ed0c4c86.webp,,,https://byrdocs.org/files/6ee1d0b5b0a762313d88f360ed0c4c86.pdf
6ef616ee85a3fa0ede059fb535ab7c69,ready,include_after_storage_upload,test,矩阵论,E:\byrdocs-archive\metadata\6ef616ee85a3fa0ede059fb535ab7c69.yml,6ef616ee85a3fa0ede059fb535ab7c69.pdf,E:\byrdocs\6ef616ee85a3fa0ede059fb535ab7c69.pdf,27479,E:\byrdocs\6ef616ee85a3fa0ede059fb535ab7c69.jpg,E:\byrdocs\6ef616ee85a3fa0ede059fb535ab7c69.webp,,,https://byrdocs.org/files/6ef616ee85a3fa0ede059fb535ab7c69.pdf
6f4cdeffc566b665417a66b3e1255dd1,ready,include_after_storage_upload,book,计算机组成原理,E:\byrdocs-archive\metadata\6f4cdeffc566b665417a66b3e1255dd1.yml,6f4cdeffc566b665417a66b3e1255dd1.pdf,E:\byrdocs\6f4cdeffc566b665417a66b3e1255dd1.pdf,57380693,E:\byrdocs\6f4cdeffc566b665417a66b3e1255dd1.jpg,E:\byrdocs\6f4cdeffc566b665417a66b3e1255dd1.webp,,,https://byrdocs.org/files/6f4cdeffc566b665417a66b3e1255dd1.pdf
70d1c6f8204a84c7c95de42c21c9ebb7,ready,include_after_storage_upload,doc,计算机系统结构-裴颂伟PPT,E:\byrdocs-archive\metadata\70d1c6f8204a84c7c95de42c21c9ebb7.yml,70d1c6f8204a84c7c95de42c21c9ebb7.zip,E:\byrdocs\70d1c6f8204a84c7c95de42c21c9ebb7.zip,5771424,E:\byrdocs\70d1c6f8204a84c7c95de42c21c9ebb7.jpg,E:\byrdocs\70d1c6f8204a84c7c95de42c21c9ebb7.webp,,,https://byrdocs.org/files/70d1c6f8204a84c7c95de42c21c9ebb7.zip
7102f1e80a9412da63fe7383e6093201,ready,include_after_storage_upload,book,Verilog数字系统设计教程,E:\byrdocs-archive\metadata\7102f1e80a9412da63fe7383e6093201.yml,7102f1e80a9412da63fe7383e6093201.pdf,E:\byrdocs\7102f1e80a9412da63fe7383e6093201.pdf,38918678,E:\byrdocs\7102f1e80a9412da63fe7383e6093201.jpg,E:\byrdocs\7102f1e80a9412da63fe7383e6093201.webp,,,https://byrdocs.org/files/7102f1e80a9412da63fe7383e6093201.pdf
71acf7a30fef4ff0e62238ee9a8ea71c,ready,include_after_storage_upload,book,运筹学基础及应用,E:\byrdocs-archive\metadata\71acf7a30fef4ff0e62238ee9a8ea71c.yml,71acf7a30fef4ff0e62238ee9a8ea71c.pdf,E:\byrdocs\71acf7a30fef4ff0e62238ee9a8ea71c.pdf,31704976,E:\byrdocs\71acf7a30fef4ff0e62238ee9a8ea71c.jpg,E:\byrdocs\71acf7a30fef4ff0e62238ee9a8ea71c.webp,,,https://byrdocs.org/files/71acf7a30fef4ff0e62238ee9a8ea71c.pdf
724d7b3192836b01e99f33c45a405c42,ready,include_after_storage_upload,book,高等数学（下）/Advanced Mathematics(II),E:\byrdocs-archive\metadata\724d7b3192836b01e99f33c45a405c42.yml,724d7b3192836b01e99f33c45a405c42.pdf,E:\byrdocs\724d7b3192836b01e99f33c45a405c42.pdf,66443829,E:\byrdocs\724d7b3192836b01e99f33c45a405c42.jpg,E:\byrdocs\724d7b3192836b01e99f33c45a405c42.webp,,,https://byrdocs.org/files/724d7b3192836b01e99f33c45a405c42.pdf
726471bd31ef01df1c4d797b7402ef0c,ready,include_after_storage_upload,doc,知识梳理（第五章~第七章）,E:\byrdocs-archive\metadata\726471bd31ef01df1c4d797b7402ef0c.yml,726471bd31ef01df1c4d797b7402ef0c.pdf,E:\byrdocs\726471bd31ef01df1c4d797b7402ef0c.pdf,10584383,E:\byrdocs\726471bd31ef01df1c4d797b7402ef0c.jpg,E:\byrdocs\726471bd31ef01df1c4d797b7402ef0c.webp,,,https://byrdocs.org/files/726471bd31ef01df1c4d797b7402ef0c.pdf
7282f03d043e8251bb566a85ce077cc8,ready,include_after_storage_upload,book,离散数学结构（第五版）,E:\byrdocs-archive\metadata\7282f03d043e8251bb566a85ce077cc8.yml,7282f03d043e8251bb566a85ce077cc8.pdf,E:\byrdocs\7282f03d043e8251bb566a85ce077cc8.pdf,52129663,E:\byrdocs\7282f03d043e8251bb566a85ce077cc8.jpg,E:\byrdocs\7282f03d043e8251bb566a85ce077cc8.webp,,,https://byrdocs.org/files/7282f03d043e8251bb566a85ce077cc8.pdf
729413265d89ee6947b9cc1c4de01a13,ready,include_after_storage_upload,doc,数字系统设计课内实验指导书,E:\byrdocs-archive\metadata\729413265d89ee6947b9cc1c4de01a13.yml,729413265d89ee6947b9cc1c4de01a13.pdf,E:\byrdocs\729413265d89ee6947b9cc1c4de01a13.pdf,25578410,E:\byrdocs\729413265d89ee6947b9cc1c4de01a13.jpg,E:\byrdocs\729413265d89ee6947b9cc1c4de01a13.webp,,,https://byrdocs.org/files/729413265d89ee6947b9cc1c4de01a13.pdf
72a0594cdec6bd1632b74db7c5fd412a,ready,include_after_storage_upload,book,信号与系统,E:\byrdocs-archive\metadata\72a0594cdec6bd1632b74db7c5fd412a.yml,72a0594cdec6bd1632b74db7c5fd412a.pdf,E:\byrdocs\72a0594cdec6bd1632b74db7c5fd412a.pdf,24698694,E:\byrdocs\72a0594cdec6bd1632b74db7c5fd412a.jpg,E:\byrdocs\72a0594cdec6bd1632b74db7c5fd412a.webp,,,https://byrdocs.org/files/72a0594cdec6bd1632b74db7c5fd412a.pdf
72ac9f31d5e355a12a8ac2e509df0716,ready,include_after_storage_upload,test,毛泽东思想和中国特色社会主义理论体系概论,E:\byrdocs-archive\metadata\72ac9f31d5e355a12a8ac2e509df0716.yml,72ac9f31d5e355a12a8ac2e509df0716.pdf,E:\byrdocs\72ac9f31d5e355a12a8ac2e509df0716.pdf,1546695,E:\byrdocs\72ac9f31d5e355a12a8ac2e509df0716.jpg,E:\byrdocs\72ac9f31d5e355a12a8ac2e509df0716.webp,,,https://byrdocs.org/files/72ac9f31d5e355a12a8ac2e509df0716.pdf
72dd4a27ff3c8cf563d64b873782f4a7,ready,include_after_storage_upload,doc,网安小学期网络空间安全认知实习报告,E:\byrdocs-archive\metadata\72dd4a27ff3c8cf563d64b873782f4a7.yml,72dd4a27ff3c8cf563d64b873782f4a7.zip,E:\byrdocs\72dd4a27ff3c8cf563d64b873782f4a7.zip,31417660,E:\byrdocs\72dd4a27ff3c8cf563d64b873782f4a7.jpg,E:\byrdocs\72dd4a27ff3c8cf563d64b873782f4a7.webp,,,https://byrdocs.org/files/72dd4a27ff3c8cf563d64b873782f4a7.zip
72eeab41124312cbc48cdf472fe4af92,ready,include_after_storage_upload,test,电磁场与电磁波,E:\byrdocs-archive\metadata\72eeab41124312cbc48cdf472fe4af92.yml,72eeab41124312cbc48cdf472fe4af92.pdf,E:\byrdocs\72eeab41124312cbc48cdf472fe4af92.pdf,402059,E:\byrdocs\72eeab41124312cbc48cdf472fe4af92.jpg,E:\byrdocs\72eeab41124312cbc48cdf472fe4af92.webp,,,https://byrdocs.org/files/72eeab41124312cbc48cdf472fe4af92.pdf
7312960d0fb110104ea01347f30cc98a,ready,include_after_storage_upload,book,Operating System Concepts,E:\byrdocs-archive\metadata\7312960d0fb110104ea01347f30cc98a.yml,7312960d0fb110104ea01347f30cc98a.pdf,E:\byrdocs\7312960d0fb110104ea01347f30cc98a.pdf,31133896,E:\byrdocs\7312960d0fb110104ea01347f30cc98a.jpg,E:\byrdocs\7312960d0fb110104ea01347f30cc98a.webp,,,https://byrdocs.org/files/7312960d0fb110104ea01347f30cc98a.pdf
73d0650149567420e51a7bc4bee11070,ready,include_after_storage_upload,test,工程计算方法,E:\byrdocs-archive\metadata\73d0650149567420e51a7bc4bee11070.yml,73d0650149567420e51a7bc4bee11070.pdf,E:\byrdocs\73d0650149567420e51a7bc4bee11070.pdf,53521,E:\byrdocs\73d0650149567420e51a7bc4bee11070.jpg,E:\byrdocs\73d0650149567420e51a7bc4bee11070.webp,,,https://byrdocs.org/files/73d0650149567420e51a7bc4bee11070.pdf
74227d671578746fdadceddc4133795c,ready,include_after_storage_upload,test,高等数学（上）,E:\byrdocs-archive\metadata\74227d671578746fdadceddc4133795c.yml,74227d671578746fdadceddc4133795c.pdf,E:\byrdocs\74227d671578746fdadceddc4133795c.pdf,200563,E:\byrdocs\74227d671578746fdadceddc4133795c.jpg,E:\byrdocs\74227d671578746fdadceddc4133795c.webp,,,https://byrdocs.org/files/74227d671578746fdadceddc4133795c.pdf
748127d0968d81074a9997c3f647fe31,ready,include_after_storage_upload,test,计算机网络,E:\byrdocs-archive\metadata\748127d0968d81074a9997c3f647fe31.yml,748127d0968d81074a9997c3f647fe31.pdf,E:\byrdocs\748127d0968d81074a9997c3f647fe31.pdf,1401996,E:\byrdocs\748127d0968d81074a9997c3f647fe31.jpg,E:\byrdocs\748127d0968d81074a9997c3f647fe31.webp,,,https://byrdocs.org/files/748127d0968d81074a9997c3f647fe31.pdf
74cffc5d45f6d4c71fed0ec96ff17d9d,ready,include_after_storage_upload,book,概率、随机变量与随机过程,E:\byrdocs-archive\metadata\74cffc5d45f6d4c71fed0ec96ff17d9d.yml,74cffc5d45f6d4c71fed0ec96ff17d9d.pdf,E:\byrdocs\74cffc5d45f6d4c71fed0ec96ff17d9d.pdf,51759501,E:\byrdocs\74cffc5d45f6d4c71fed0ec96ff17d9d.jpg,E:\byrdocs\74cffc5d45f6d4c71fed0ec96ff17d9d.webp,,,https://byrdocs.org/files/74cffc5d45f6d4c71fed0ec96ff17d9d.pdf
75225494d0068fc5e2a5edca95fbce5b,ready,include_after_storage_upload,test,矩阵分析与应用,E:\byrdocs-archive\metadata\75225494d0068fc5e2a5edca95fbce5b.yml,75225494d0068fc5e2a5edca95fbce5b.pdf,E:\byrdocs\75225494d0068fc5e2a5edca95fbce5b.pdf,288852,E:\byrdocs\75225494d0068fc5e2a5edca95fbce5b.jpg,E:\byrdocs\75225494d0068fc5e2a5edca95fbce5b.webp,,,https://byrdocs.org/files/75225494d0068fc5e2a5edca95fbce5b.pdf
753c36d141148b2354d58ec8e6875b7b,ready,include_after_storage_upload,test,数字逻辑与数字系统,E:\byrdocs-archive\metadata\753c36d141148b2354d58ec8e6875b7b.yml,753c36d141148b2354d58ec8e6875b7b.pdf,E:\byrdocs\753c36d141148b2354d58ec8e6875b7b.pdf,5236940,E:\byrdocs\753c36d141148b2354d58ec8e6875b7b.jpg,E:\byrdocs\753c36d141148b2354d58ec8e6875b7b.webp,,,https://byrdocs.org/files/753c36d141148b2354d58ec8e6875b7b.pdf
75981d9ead01d55781b98b30f700990e,ready,include_after_storage_upload,test,数据库系统原理,E:\byrdocs-archive\metadata\75981d9ead01d55781b98b30f700990e.yml,75981d9ead01d55781b98b30f700990e.pdf,E:\byrdocs\75981d9ead01d55781b98b30f700990e.pdf,867827,E:\byrdocs\75981d9ead01d55781b98b30f700990e.jpg,E:\byrdocs\75981d9ead01d55781b98b30f700990e.webp,,,https://byrdocs.org/files/75981d9ead01d55781b98b30f700990e.pdf
75d6005de169698c1b13d8572fc213f3,ready,include_after_storage_upload,book,机器人学：机构、运动学、动力学及运动规划,E:\byrdocs-archive\metadata\75d6005de169698c1b13d8572fc213f3.yml,75d6005de169698c1b13d8572fc213f3.pdf,E:\byrdocs\75d6005de169698c1b13d8572fc213f3.pdf,36679021,E:\byrdocs\75d6005de169698c1b13d8572fc213f3.jpg,E:\byrdocs\75d6005de169698c1b13d8572fc213f3.webp,,,https://byrdocs.org/files/75d6005de169698c1b13d8572fc213f3.pdf
75dbcdf6e6c8977db3c413db21111e53,ready,include_after_storage_upload,test,现代密码学,E:\byrdocs-archive\metadata\75dbcdf6e6c8977db3c413db21111e53.yml,75dbcdf6e6c8977db3c413db21111e53.pdf,E:\byrdocs\75dbcdf6e6c8977db3c413db21111e53.pdf,1055019,E:\byrdocs\75dbcdf6e6c8977db3c413db21111e53.jpg,E:\byrdocs\75dbcdf6e6c8977db3c413db21111e53.webp,,,https://byrdocs.org/files/75dbcdf6e6c8977db3c413db21111e53.pdf
75ea0387ac1bca1e4e6da8eea2b79d85,ready,include_after_storage_upload,test,电子电路基础,E:\byrdocs-archive\metadata\75ea0387ac1bca1e4e6da8eea2b79d85.yml,75ea0387ac1bca1e4e6da8eea2b79d85.pdf,E:\byrdocs\75ea0387ac1bca1e4e6da8eea2b79d85.pdf,508166,E:\byrdocs\75ea0387ac1bca1e4e6da8eea2b79d85.jpg,E:\byrdocs\75ea0387ac1bca1e4e6da8eea2b79d85.webp,,,https://byrdocs.org/files/75ea0387ac1bca1e4e6da8eea2b79d85.pdf
76253b363c57556b3feff5dd08303fc2,ready,include_after_storage_upload,test,概率论与数理统计,E:\byrdocs-archive\metadata\76253b363c57556b3feff5dd08303fc2.yml,76253b363c57556b3feff5dd08303fc2.pdf,E:\byrdocs\76253b363c57556b3feff5dd08303fc2.pdf,406754,E:\byrdocs\76253b363c57556b3feff5dd08303fc2.jpg,E:\byrdocs\76253b363c57556b3feff5dd08303fc2.webp,,,https://byrdocs.org/files/76253b363c57556b3feff5dd08303fc2.pdf
765a7d6a7da84cc3d60aa4b3b4bd29d2,ready,include_after_storage_upload,book,数学分析习题课讲义 下册,E:\byrdocs-archive\metadata\765a7d6a7da84cc3d60aa4b3b4bd29d2.yml,765a7d6a7da84cc3d60aa4b3b4bd29d2.pdf,E:\byrdocs\765a7d6a7da84cc3d60aa4b3b4bd29d2.pdf,11723380,E:\byrdocs\765a7d6a7da84cc3d60aa4b3b4bd29d2.jpg,E:\byrdocs\765a7d6a7da84cc3d60aa4b3b4bd29d2.webp,,,https://byrdocs.org/files/765a7d6a7da84cc3d60aa4b3b4bd29d2.pdf
766020fc65e6453b1ff5b7dddf0119f6,ready,include_after_storage_upload,book,新大学日语标准教程（基础篇）2,E:\byrdocs-archive\metadata\766020fc65e6453b1ff5b7dddf0119f6.yml,766020fc65e6453b1ff5b7dddf0119f6.pdf,E:\byrdocs\766020fc65e6453b1ff5b7dddf0119f6.pdf,4133151,E:\byrdocs\766020fc65e6453b1ff5b7dddf0119f6.jpg,E:\byrdocs\766020fc65e6453b1ff5b7dddf0119f6.webp,,,https://byrdocs.org/files/766020fc65e6453b1ff5b7dddf0119f6.pdf
766d06603600be4f374d7c50e77bc6b0,ready,include_after_storage_upload,doc,算法分析期末试题集与答案,E:\byrdocs-archive\metadata\766d06603600be4f374d7c50e77bc6b0.yml,766d06603600be4f374d7c50e77bc6b0.pdf,E:\byrdocs\766d06603600be4f374d7c50e77bc6b0.pdf,521673,E:\byrdocs\766d06603600be4f374d7c50e77bc6b0.jpg,E:\byrdocs\766d06603600be4f374d7c50e77bc6b0.webp,,,https://byrdocs.org/files/766d06603600be4f374d7c50e77bc6b0.pdf
76c44aa97e5bed26555c8aa01fae8d7f,ready,include_after_storage_upload,book,物理学教程 上册,E:\byrdocs-archive\metadata\76c44aa97e5bed26555c8aa01fae8d7f.yml,76c44aa97e5bed26555c8aa01fae8d7f.pdf,E:\byrdocs\76c44aa97e5bed26555c8aa01fae8d7f.pdf,35052619,E:\byrdocs\76c44aa97e5bed26555c8aa01fae8d7f.jpg,E:\byrdocs\76c44aa97e5bed26555c8aa01fae8d7f.webp,,,https://byrdocs.org/files/76c44aa97e5bed26555c8aa01fae8d7f.pdf
76d83e68d8891de51f2f496f282e1587,ready,include_after_storage_upload,test,电路与电子学基础,E:\byrdocs-archive\metadata\76d83e68d8891de51f2f496f282e1587.yml,76d83e68d8891de51f2f496f282e1587.pdf,E:\byrdocs\76d83e68d8891de51f2f496f282e1587.pdf,527077,E:\byrdocs\76d83e68d8891de51f2f496f282e1587.jpg,E:\byrdocs\76d83e68d8891de51f2f496f282e1587.webp,,,https://byrdocs.org/files/76d83e68d8891de51f2f496f282e1587.pdf
7711971c865b5d6d0b16755d5a0f2f94,ready,include_after_storage_upload,test,形式语言与自动机,E:\byrdocs-archive\metadata\7711971c865b5d6d0b16755d5a0f2f94.yml,7711971c865b5d6d0b16755d5a0f2f94.pdf,E:\byrdocs\7711971c865b5d6d0b16755d5a0f2f94.pdf,1291375,E:\byrdocs\7711971c865b5d6d0b16755d5a0f2f94.jpg,E:\byrdocs\7711971c865b5d6d0b16755d5a0f2f94.webp,,,https://byrdocs.org/files/7711971c865b5d6d0b16755d5a0f2f94.pdf
771995c8656d22539ceff5642b27c890,ready,include_after_storage_upload,doc,大学物理实验讲义,E:\byrdocs-archive\metadata\771995c8656d22539ceff5642b27c890.yml,771995c8656d22539ceff5642b27c890.pdf,E:\byrdocs\771995c8656d22539ceff5642b27c890.pdf,32809754,E:\byrdocs\771995c8656d22539ceff5642b27c890.jpg,E:\byrdocs\771995c8656d22539ceff5642b27c890.webp,,,https://byrdocs.org/files/771995c8656d22539ceff5642b27c890.pdf
775728545c5accedc63219fdc21b01ef,ready,include_after_storage_upload,book,计算机组成原理,E:\byrdocs-archive\metadata\775728545c5accedc63219fdc21b01ef.yml,775728545c5accedc63219fdc21b01ef.pdf,E:\byrdocs\775728545c5accedc63219fdc21b01ef.pdf,31280155,E:\byrdocs\775728545c5accedc63219fdc21b01ef.jpg,E:\byrdocs\775728545c5accedc63219fdc21b01ef.webp,,,https://byrdocs.org/files/775728545c5accedc63219fdc21b01ef.pdf
77868b5758910626b8bd808a78a0f29c,ready,include_after_storage_upload,book,复变函数,E:\byrdocs-archive\metadata\77868b5758910626b8bd808a78a0f29c.yml,77868b5758910626b8bd808a78a0f29c.pdf,E:\byrdocs\77868b5758910626b8bd808a78a0f29c.pdf,4028499,E:\byrdocs\77868b5758910626b8bd808a78a0f29c.jpg,E:\byrdocs\77868b5758910626b8bd808a78a0f29c.webp,,,https://byrdocs.org/files/77868b5758910626b8bd808a78a0f29c.pdf
77cc3dc2ebdbebdaffee36cb07b32f8f,ready,include_after_storage_upload,book,"Database Systems: A pracital Approach to Design, Implementation, and Management",E:\byrdocs-archive\metadata\77cc3dc2ebdbebdaffee36cb07b32f8f.yml,77cc3dc2ebdbebdaffee36cb07b32f8f.pdf,E:\byrdocs\77cc3dc2ebdbebdaffee36cb07b32f8f.pdf,31665304,E:\byrdocs\77cc3dc2ebdbebdaffee36cb07b32f8f.jpg,E:\byrdocs\77cc3dc2ebdbebdaffee36cb07b32f8f.webp,,,https://byrdocs.org/files/77cc3dc2ebdbebdaffee36cb07b32f8f.pdf
77e6fa43e68530fff2b19f317ff369b6,ready,include_after_storage_upload,test,高等数学A（上）,E:\byrdocs-archive\metadata\77e6fa43e68530fff2b19f317ff369b6.yml,77e6fa43e68530fff2b19f317ff369b6.pdf,E:\byrdocs\77e6fa43e68530fff2b19f317ff369b6.pdf,51481,E:\byrdocs\77e6fa43e68530fff2b19f317ff369b6.jpg,E:\byrdocs\77e6fa43e68530fff2b19f317ff369b6.webp,,,https://byrdocs.org/files/77e6fa43e68530fff2b19f317ff369b6.pdf
78140c88bd3b442eb595f98be9d96a62,ready,include_after_storage_upload,test,图论及其应用,E:\byrdocs-archive\metadata\78140c88bd3b442eb595f98be9d96a62.yml,78140c88bd3b442eb595f98be9d96a62.pdf,E:\byrdocs\78140c88bd3b442eb595f98be9d96a62.pdf,342713,E:\byrdocs\78140c88bd3b442eb595f98be9d96a62.jpg,E:\byrdocs\78140c88bd3b442eb595f98be9d96a62.webp,,,https://byrdocs.org/files/78140c88bd3b442eb595f98be9d96a62.pdf
78399eddc546bd98a6b6a53cbbfde730,ready,include_after_storage_upload,book,复分析（原书第3版）,E:\byrdocs-archive\metadata\78399eddc546bd98a6b6a53cbbfde730.yml,78399eddc546bd98a6b6a53cbbfde730.pdf,E:\byrdocs\78399eddc546bd98a6b6a53cbbfde730.pdf,21553299,E:\byrdocs\78399eddc546bd98a6b6a53cbbfde730.jpg,E:\byrdocs\78399eddc546bd98a6b6a53cbbfde730.webp,,,https://byrdocs.org/files/78399eddc546bd98a6b6a53cbbfde730.pdf
7899d927e78a5ad1909a6587bd7cae47,ready,include_after_storage_upload,test,信号与系统,E:\byrdocs-archive\metadata\7899d927e78a5ad1909a6587bd7cae47.yml,7899d927e78a5ad1909a6587bd7cae47.pdf,E:\byrdocs\7899d927e78a5ad1909a6587bd7cae47.pdf,11434088,E:\byrdocs\7899d927e78a5ad1909a6587bd7cae47.jpg,E:\byrdocs\7899d927e78a5ad1909a6587bd7cae47.webp,,,https://byrdocs.org/files/7899d927e78a5ad1909a6587bd7cae47.pdf
7925c1d2b3729b11548ecc73002b1190,ready,include_after_storage_upload,test,python编程与实践,E:\byrdocs-archive\metadata\7925c1d2b3729b11548ecc73002b1190.yml,7925c1d2b3729b11548ecc73002b1190.pdf,E:\byrdocs\7925c1d2b3729b11548ecc73002b1190.pdf,503187,E:\byrdocs\7925c1d2b3729b11548ecc73002b1190.jpg,E:\byrdocs\7925c1d2b3729b11548ecc73002b1190.webp,,,https://byrdocs.org/files/7925c1d2b3729b11548ecc73002b1190.pdf
79345623698768ef67197f8d0808df00,ready,include_after_storage_upload,test,概率论与随机过程,E:\byrdocs-archive\metadata\79345623698768ef67197f8d0808df00.yml,79345623698768ef67197f8d0808df00.pdf,E:\byrdocs\79345623698768ef67197f8d0808df00.pdf,425149,E:\byrdocs\79345623698768ef67197f8d0808df00.jpg,E:\byrdocs\79345623698768ef67197f8d0808df00.webp,,,https://byrdocs.org/files/79345623698768ef67197f8d0808df00.pdf
796edebdbf451bb56d61e87bf7603a8b,ready,include_after_storage_upload,book,Data Communications and Networking,E:\byrdocs-archive\metadata\796edebdbf451bb56d61e87bf7603a8b.yml,796edebdbf451bb56d61e87bf7603a8b.pdf,E:\byrdocs\796edebdbf451bb56d61e87bf7603a8b.pdf,67707224,E:\byrdocs\796edebdbf451bb56d61e87bf7603a8b.jpg,E:\byrdocs\796edebdbf451bb56d61e87bf7603a8b.webp,,,https://byrdocs.org/files/796edebdbf451bb56d61e87bf7603a8b.pdf
7983d676bb595b6be4f8993f556a1d34,ready,include_after_storage_upload,doc,《离散数学及其应用》奇数题答案,E:\byrdocs-archive\metadata\7983d676bb595b6be4f8993f556a1d34.yml,7983d676bb595b6be4f8993f556a1d34.pdf,E:\byrdocs\7983d676bb595b6be4f8993f556a1d34.pdf,5051993,E:\byrdocs\7983d676bb595b6be4f8993f556a1d34.jpg,E:\byrdocs\7983d676bb595b6be4f8993f556a1d34.webp,,,https://byrdocs.org/files/7983d676bb595b6be4f8993f556a1d34.pdf
79b3980e11156df9f87ada571f738cbc,ready,include_after_storage_upload,test,大学物理C,E:\byrdocs-archive\metadata\79b3980e11156df9f87ada571f738cbc.yml,79b3980e11156df9f87ada571f738cbc.pdf,E:\byrdocs\79b3980e11156df9f87ada571f738cbc.pdf,1624350,E:\byrdocs\79b3980e11156df9f87ada571f738cbc.jpg,E:\byrdocs\79b3980e11156df9f87ada571f738cbc.webp,,,https://byrdocs.org/files/79b3980e11156df9f87ada571f738cbc.pdf
79b484ccd68629c24d81699dd8b2a00b,ready,include_after_storage_upload,doc,网络空间安全治理-香农の绝密资料,E:\byrdocs-archive\metadata\79b484ccd68629c24d81699dd8b2a00b.yml,79b484ccd68629c24d81699dd8b2a00b.pdf,E:\byrdocs\79b484ccd68629c24d81699dd8b2a00b.pdf,272176,E:\byrdocs\79b484ccd68629c24d81699dd8b2a00b.jpg,E:\byrdocs\79b484ccd68629c24d81699dd8b2a00b.webp,,,https://byrdocs.org/files/79b484ccd68629c24d81699dd8b2a00b.pdf
79e9c254a3ab6822d1df61a1f35f3611,ready,include_after_storage_upload,doc,《Linux 编程环境》PPT,E:\byrdocs-archive\metadata\79e9c254a3ab6822d1df61a1f35f3611.yml,79e9c254a3ab6822d1df61a1f35f3611.zip,E:\byrdocs\79e9c254a3ab6822d1df61a1f35f3611.zip,39221947,E:\byrdocs\79e9c254a3ab6822d1df61a1f35f3611.jpg,E:\byrdocs\79e9c254a3ab6822d1df61a1f35f3611.webp,,,https://byrdocs.org/files/79e9c254a3ab6822d1df61a1f35f3611.zip
79f7363b487c31b1899510f1383402fb,ready,include_after_storage_upload,book,组合数学引论,E:\byrdocs-archive\metadata\79f7363b487c31b1899510f1383402fb.yml,79f7363b487c31b1899510f1383402fb.pdf,E:\byrdocs\79f7363b487c31b1899510f1383402fb.pdf,5745344,E:\byrdocs\79f7363b487c31b1899510f1383402fb.jpg,E:\byrdocs\79f7363b487c31b1899510f1383402fb.webp,,,https://byrdocs.org/files/79f7363b487c31b1899510f1383402fb.pdf
7a0aadf912008e0c1201f32772c97ce6,ready,include_after_storage_upload,book,C++ Templates: The Complete Guide,E:\byrdocs-archive\metadata\7a0aadf912008e0c1201f32772c97ce6.yml,7a0aadf912008e0c1201f32772c97ce6.pdf,E:\byrdocs\7a0aadf912008e0c1201f32772c97ce6.pdf,3185275,E:\byrdocs\7a0aadf912008e0c1201f32772c97ce6.jpg,E:\byrdocs\7a0aadf912008e0c1201f32772c97ce6.webp,,,https://byrdocs.org/files/7a0aadf912008e0c1201f32772c97ce6.pdf
7a60522f051ee295ed476ce8dbe44a75,ready,include_after_storage_upload,book,数学物理方法——理论、历史与计算机,E:\byrdocs-archive\metadata\7a60522f051ee295ed476ce8dbe44a75.yml,7a60522f051ee295ed476ce8dbe44a75.pdf,E:\byrdocs\7a60522f051ee295ed476ce8dbe44a75.pdf,31019121,E:\byrdocs\7a60522f051ee295ed476ce8dbe44a75.jpg,E:\byrdocs\7a60522f051ee295ed476ce8dbe44a75.webp,,,https://byrdocs.org/files/7a60522f051ee295ed476ce8dbe44a75.pdf
7ae047bceb859f2e742d6e871fb7db0b,ready,include_after_storage_upload,test,最优化理论与算法,E:\byrdocs-archive\metadata\7ae047bceb859f2e742d6e871fb7db0b.yml,7ae047bceb859f2e742d6e871fb7db0b.pdf,E:\byrdocs\7ae047bceb859f2e742d6e871fb7db0b.pdf,212443,E:\byrdocs\7ae047bceb859f2e742d6e871fb7db0b.jpg,E:\byrdocs\7ae047bceb859f2e742d6e871fb7db0b.webp,,,https://byrdocs.org/files/7ae047bceb859f2e742d6e871fb7db0b.pdf
7aff4b1404e3fc6125d47d998ed1582a,ready,include_after_storage_upload,test,形式语言与自动机,E:\byrdocs-archive\metadata\7aff4b1404e3fc6125d47d998ed1582a.yml,7aff4b1404e3fc6125d47d998ed1582a.pdf,E:\byrdocs\7aff4b1404e3fc6125d47d998ed1582a.pdf,205227,E:\byrdocs\7aff4b1404e3fc6125d47d998ed1582a.jpg,E:\byrdocs\7aff4b1404e3fc6125d47d998ed1582a.webp,,,https://byrdocs.org/files/7aff4b1404e3fc6125d47d998ed1582a.pdf
7b0bb8c0431de3b954bbcf0b4d6b2a81,ready,include_after_storage_upload,test,操作系统,E:\byrdocs-archive\metadata\7b0bb8c0431de3b954bbcf0b4d6b2a81.yml,7b0bb8c0431de3b954bbcf0b4d6b2a81.pdf,E:\byrdocs\7b0bb8c0431de3b954bbcf0b4d6b2a81.pdf,483037,E:\byrdocs\7b0bb8c0431de3b954bbcf0b4d6b2a81.jpg,E:\byrdocs\7b0bb8c0431de3b954bbcf0b4d6b2a81.webp,,,https://byrdocs.org/files/7b0bb8c0431de3b954bbcf0b4d6b2a81.pdf
7b192d220908c4cb6b9b4ed2b580b535,ready,include_after_storage_upload,test,电磁场与电磁波,E:\byrdocs-archive\metadata\7b192d220908c4cb6b9b4ed2b580b535.yml,7b192d220908c4cb6b9b4ed2b580b535.pdf,E:\byrdocs\7b192d220908c4cb6b9b4ed2b580b535.pdf,1293218,E:\byrdocs\7b192d220908c4cb6b9b4ed2b580b535.jpg,E:\byrdocs\7b192d220908c4cb6b9b4ed2b580b535.webp,,,https://byrdocs.org/files/7b192d220908c4cb6b9b4ed2b580b535.pdf
7b299802e93ba4538dd9149910aa90a9,ready,include_after_storage_upload,doc,现代交换原理PPT,E:\byrdocs-archive\metadata\7b299802e93ba4538dd9149910aa90a9.yml,7b299802e93ba4538dd9149910aa90a9.zip,E:\byrdocs\7b299802e93ba4538dd9149910aa90a9.zip,21351264,E:\byrdocs\7b299802e93ba4538dd9149910aa90a9.jpg,E:\byrdocs\7b299802e93ba4538dd9149910aa90a9.webp,,,https://byrdocs.org/files/7b299802e93ba4538dd9149910aa90a9.zip
7b4ca8302911023c5d9bcd513c0c64f3,ready,include_after_storage_upload,test,中国近现代史纲要,E:\byrdocs-archive\metadata\7b4ca8302911023c5d9bcd513c0c64f3.yml,7b4ca8302911023c5d9bcd513c0c64f3.pdf,E:\byrdocs\7b4ca8302911023c5d9bcd513c0c64f3.pdf,2473522,E:\byrdocs\7b4ca8302911023c5d9bcd513c0c64f3.jpg,E:\byrdocs\7b4ca8302911023c5d9bcd513c0c64f3.webp,,,https://byrdocs.org/files/7b4ca8302911023c5d9bcd513c0c64f3.pdf
7b52d26c0120afc780633a535820504d,ready,include_after_storage_upload,book,中国近现代史纲要：2023年版,E:\byrdocs-archive\metadata\7b52d26c0120afc780633a535820504d.yml,7b52d26c0120afc780633a535820504d.pdf,E:\byrdocs\7b52d26c0120afc780633a535820504d.pdf,183891046,E:\byrdocs\7b52d26c0120afc780633a535820504d.jpg,E:\byrdocs\7b52d26c0120afc780633a535820504d.webp,,,https://byrdocs.org/files/7b52d26c0120afc780633a535820504d.pdf
7b586fedbe2d159f970e3e799962fd7f,ready,include_after_storage_upload,book,理论物理学教程 第3卷 量子力学（非相对论理论） 第6版,E:\byrdocs-archive\metadata\7b586fedbe2d159f970e3e799962fd7f.yml,7b586fedbe2d159f970e3e799962fd7f.pdf,E:\byrdocs\7b586fedbe2d159f970e3e799962fd7f.pdf,98918983,E:\byrdocs\7b586fedbe2d159f970e3e799962fd7f.jpg,E:\byrdocs\7b586fedbe2d159f970e3e799962fd7f.webp,,,https://byrdocs.org/files/7b586fedbe2d159f970e3e799962fd7f.pdf
7b79b6c39c82de69a737f3b85f3d9c9d,ready,include_after_storage_upload,book,高等数学 上册,E:\byrdocs-archive\metadata\7b79b6c39c82de69a737f3b85f3d9c9d.yml,7b79b6c39c82de69a737f3b85f3d9c9d.pdf,E:\byrdocs\7b79b6c39c82de69a737f3b85f3d9c9d.pdf,84210183,E:\byrdocs\7b79b6c39c82de69a737f3b85f3d9c9d.jpg,E:\byrdocs\7b79b6c39c82de69a737f3b85f3d9c9d.webp,,,https://byrdocs.org/files/7b79b6c39c82de69a737f3b85f3d9c9d.pdf
7bef67f3ee6e72811b72c889b85a528a,ready,include_after_storage_upload,book,精密机械设计基础,E:\byrdocs-archive\metadata\7bef67f3ee6e72811b72c889b85a528a.yml,7bef67f3ee6e72811b72c889b85a528a.pdf,E:\byrdocs\7bef67f3ee6e72811b72c889b85a528a.pdf,95377993,E:\byrdocs\7bef67f3ee6e72811b72c889b85a528a.jpg,E:\byrdocs\7bef67f3ee6e72811b72c889b85a528a.webp,,,https://byrdocs.org/files/7bef67f3ee6e72811b72c889b85a528a.pdf
7c117f0bb66f86b0298bab7a508f757d,ready,include_after_storage_upload,test,大学物理（下）,E:\byrdocs-archive\metadata\7c117f0bb66f86b0298bab7a508f757d.yml,7c117f0bb66f86b0298bab7a508f757d.pdf,E:\byrdocs\7c117f0bb66f86b0298bab7a508f757d.pdf,623328,E:\byrdocs\7c117f0bb66f86b0298bab7a508f757d.jpg,E:\byrdocs\7c117f0bb66f86b0298bab7a508f757d.webp,,,https://byrdocs.org/files/7c117f0bb66f86b0298bab7a508f757d.pdf
7c4bee37a8e7c2e192adf7605ee08ad5,ready,include_after_storage_upload,test,电磁场与电磁波,E:\byrdocs-archive\metadata\7c4bee37a8e7c2e192adf7605ee08ad5.yml,7c4bee37a8e7c2e192adf7605ee08ad5.pdf,E:\byrdocs\7c4bee37a8e7c2e192adf7605ee08ad5.pdf,626038,E:\byrdocs\7c4bee37a8e7c2e192adf7605ee08ad5.jpg,E:\byrdocs\7c4bee37a8e7c2e192adf7605ee08ad5.webp,,,https://byrdocs.org/files/7c4bee37a8e7c2e192adf7605ee08ad5.pdf
7c9e9fee84da21a422a14b148ecd71dd,ready,include_after_storage_upload,test,概率论与数理统计,E:\byrdocs-archive\metadata\7c9e9fee84da21a422a14b148ecd71dd.yml,7c9e9fee84da21a422a14b148ecd71dd.pdf,E:\byrdocs\7c9e9fee84da21a422a14b148ecd71dd.pdf,190356,E:\byrdocs\7c9e9fee84da21a422a14b148ecd71dd.jpg,E:\byrdocs\7c9e9fee84da21a422a14b148ecd71dd.webp,,,https://byrdocs.org/files/7c9e9fee84da21a422a14b148ecd71dd.pdf
7ca2f6efa0299f99aee464cfbd50f300,ready,include_after_storage_upload,test,大学物理B（下）,E:\byrdocs-archive\metadata\7ca2f6efa0299f99aee464cfbd50f300.yml,7ca2f6efa0299f99aee464cfbd50f300.pdf,E:\byrdocs\7ca2f6efa0299f99aee464cfbd50f300.pdf,281126,E:\byrdocs\7ca2f6efa0299f99aee464cfbd50f300.jpg,E:\byrdocs\7ca2f6efa0299f99aee464cfbd50f300.webp,,,https://byrdocs.org/files/7ca2f6efa0299f99aee464cfbd50f300.pdf
7cfb43402735b71cf97bfa1de00b91c8,ready,include_after_storage_upload,test,信号与系统,E:\byrdocs-archive\metadata\7cfb43402735b71cf97bfa1de00b91c8.yml,7cfb43402735b71cf97bfa1de00b91c8.pdf,E:\byrdocs\7cfb43402735b71cf97bfa1de00b91c8.pdf,1114556,E:\byrdocs\7cfb43402735b71cf97bfa1de00b91c8.jpg,E:\byrdocs\7cfb43402735b71cf97bfa1de00b91c8.webp,,,https://byrdocs.org/files/7cfb43402735b71cf97bfa1de00b91c8.pdf
7d197ed619f211802af4762b073c673b,ready,include_after_storage_upload,book,最新英美概况,E:\byrdocs-archive\metadata\7d197ed619f211802af4762b073c673b.yml,7d197ed619f211802af4762b073c673b.pdf,E:\byrdocs\7d197ed619f211802af4762b073c673b.pdf,213730249,E:\byrdocs\7d197ed619f211802af4762b073c673b.jpg,E:\byrdocs\7d197ed619f211802af4762b073c673b.webp,,,https://byrdocs.org/files/7d197ed619f211802af4762b073c673b.pdf
7e056f3dffb0c93a194b410c493b265c,ready,include_after_storage_upload,test,宽带通信网,E:\byrdocs-archive\metadata\7e056f3dffb0c93a194b410c493b265c.yml,7e056f3dffb0c93a194b410c493b265c.pdf,E:\byrdocs\7e056f3dffb0c93a194b410c493b265c.pdf,100451,E:\byrdocs\7e056f3dffb0c93a194b410c493b265c.jpg,E:\byrdocs\7e056f3dffb0c93a194b410c493b265c.webp,,,https://byrdocs.org/files/7e056f3dffb0c93a194b410c493b265c.pdf
7e1b73ab2a862b6e78d5f406142040cf,ready,include_after_storage_upload,test,高等数学A（下）,E:\byrdocs-archive\metadata\7e1b73ab2a862b6e78d5f406142040cf.yml,7e1b73ab2a862b6e78d5f406142040cf.pdf,E:\byrdocs\7e1b73ab2a862b6e78d5f406142040cf.pdf,2883035,E:\byrdocs\7e1b73ab2a862b6e78d5f406142040cf.jpg,E:\byrdocs\7e1b73ab2a862b6e78d5f406142040cf.webp,,,https://byrdocs.org/files/7e1b73ab2a862b6e78d5f406142040cf.pdf
7e384ba8389c52cd619df765d547be09,ready,include_after_storage_upload,book,物理光学（第五版）,E:\byrdocs-archive\metadata\7e384ba8389c52cd619df765d547be09.yml,7e384ba8389c52cd619df765d547be09.pdf,E:\byrdocs\7e384ba8389c52cd619df765d547be09.pdf,76822271,E:\byrdocs\7e384ba8389c52cd619df765d547be09.jpg,E:\byrdocs\7e384ba8389c52cd619df765d547be09.webp,,,https://byrdocs.org/files/7e384ba8389c52cd619df765d547be09.pdf
7e460141c042cca13776eb1560b4c95d,ready,include_after_storage_upload,test,概率论与随机过程,E:\byrdocs-archive\metadata\7e460141c042cca13776eb1560b4c95d.yml,7e460141c042cca13776eb1560b4c95d.pdf,E:\byrdocs\7e460141c042cca13776eb1560b4c95d.pdf,187095,E:\byrdocs\7e460141c042cca13776eb1560b4c95d.jpg,E:\byrdocs\7e460141c042cca13776eb1560b4c95d.webp,,,https://byrdocs.org/files/7e460141c042cca13776eb1560b4c95d.pdf
7e4cf3500c9039006a70e9c417ff7d16,ready,include_after_storage_upload,book,计算机系统结构教程,E:\byrdocs-archive\metadata\7e4cf3500c9039006a70e9c417ff7d16.yml,7e4cf3500c9039006a70e9c417ff7d16.pdf,E:\byrdocs\7e4cf3500c9039006a70e9c417ff7d16.pdf,102559353,E:\byrdocs\7e4cf3500c9039006a70e9c417ff7d16.jpg,E:\byrdocs\7e4cf3500c9039006a70e9c417ff7d16.webp,,,https://byrdocs.org/files/7e4cf3500c9039006a70e9c417ff7d16.pdf
7fc9c42d6688357b7aef116fd01724fd,ready,include_after_storage_upload,test,线性代数,E:\byrdocs-archive\metadata\7fc9c42d6688357b7aef116fd01724fd.yml,7fc9c42d6688357b7aef116fd01724fd.pdf,E:\byrdocs\7fc9c42d6688357b7aef116fd01724fd.pdf,4240079,E:\byrdocs\7fc9c42d6688357b7aef116fd01724fd.jpg,E:\byrdocs\7fc9c42d6688357b7aef116fd01724fd.webp,,,https://byrdocs.org/files/7fc9c42d6688357b7aef116fd01724fd.pdf
801ba14d40990295cd84934263e93cde,ready,include_after_storage_upload,test,离散数学,E:\byrdocs-archive\metadata\801ba14d40990295cd84934263e93cde.yml,801ba14d40990295cd84934263e93cde.pdf,E:\byrdocs\801ba14d40990295cd84934263e93cde.pdf,307995,E:\byrdocs\801ba14d40990295cd84934263e93cde.jpg,E:\byrdocs\801ba14d40990295cd84934263e93cde.webp,,,https://byrdocs.org/files/801ba14d40990295cd84934263e93cde.pdf
8043c650511c02bfbd7fd6f49e07f273,ready,include_after_storage_upload,book,计算机组成原理试题解析,E:\byrdocs-archive\metadata\8043c650511c02bfbd7fd6f49e07f273.yml,8043c650511c02bfbd7fd6f49e07f273.pdf,E:\byrdocs\8043c650511c02bfbd7fd6f49e07f273.pdf,53898888,E:\byrdocs\8043c650511c02bfbd7fd6f49e07f273.jpg,E:\byrdocs\8043c650511c02bfbd7fd6f49e07f273.webp,,,https://byrdocs.org/files/8043c650511c02bfbd7fd6f49e07f273.pdf
806aeedcfd98e68ef1f3b7aada092a45,ready,include_after_storage_upload,test,数据库系统原理,E:\byrdocs-archive\metadata\806aeedcfd98e68ef1f3b7aada092a45.yml,806aeedcfd98e68ef1f3b7aada092a45.pdf,E:\byrdocs\806aeedcfd98e68ef1f3b7aada092a45.pdf,518463,E:\byrdocs\806aeedcfd98e68ef1f3b7aada092a45.jpg,E:\byrdocs\806aeedcfd98e68ef1f3b7aada092a45.webp,,,https://byrdocs.org/files/806aeedcfd98e68ef1f3b7aada092a45.pdf
80ad18c50efd11d10896b74639306666,ready,include_after_storage_upload,test,高阶综合英语,E:\byrdocs-archive\metadata\80ad18c50efd11d10896b74639306666.yml,80ad18c50efd11d10896b74639306666.pdf,E:\byrdocs\80ad18c50efd11d10896b74639306666.pdf,4118619,E:\byrdocs\80ad18c50efd11d10896b74639306666.jpg,E:\byrdocs\80ad18c50efd11d10896b74639306666.webp,,,https://byrdocs.org/files/80ad18c50efd11d10896b74639306666.pdf
811ab5ebc29aee53c72e1f97e1a51b2d,ready,include_after_storage_upload,book,Б. П. 吉米多维奇数学分析习题集题解 3,E:\byrdocs-archive\metadata\811ab5ebc29aee53c72e1f97e1a51b2d.yml,811ab5ebc29aee53c72e1f97e1a51b2d.pdf,E:\byrdocs\811ab5ebc29aee53c72e1f97e1a51b2d.pdf,7251993,E:\byrdocs\811ab5ebc29aee53c72e1f97e1a51b2d.jpg,E:\byrdocs\811ab5ebc29aee53c72e1f97e1a51b2d.webp,,,https://byrdocs.org/files/811ab5ebc29aee53c72e1f97e1a51b2d.pdf
813583adfb5cdb9ba7f3a40255bafa10,ready,include_after_storage_upload,test,通信原理,E:\byrdocs-archive\metadata\813583adfb5cdb9ba7f3a40255bafa10.yml,813583adfb5cdb9ba7f3a40255bafa10.pdf,E:\byrdocs\813583adfb5cdb9ba7f3a40255bafa10.pdf,331041,E:\byrdocs\813583adfb5cdb9ba7f3a40255bafa10.jpg,E:\byrdocs\813583adfb5cdb9ba7f3a40255bafa10.webp,,,https://byrdocs.org/files/813583adfb5cdb9ba7f3a40255bafa10.pdf
81a5dda899ee9160da015dc46e1b8b52,ready,include_after_storage_upload,test,信号与系统,E:\byrdocs-archive\metadata\81a5dda899ee9160da015dc46e1b8b52.yml,81a5dda899ee9160da015dc46e1b8b52.pdf,E:\byrdocs\81a5dda899ee9160da015dc46e1b8b52.pdf,10410340,E:\byrdocs\81a5dda899ee9160da015dc46e1b8b52.jpg,E:\byrdocs\81a5dda899ee9160da015dc46e1b8b52.webp,,,https://byrdocs.org/files/81a5dda899ee9160da015dc46e1b8b52.pdf
81acc5c8038547bcc15a77ad572188f7,ready,include_after_storage_upload,book,计算机组成原理试题解析,E:\byrdocs-archive\metadata\81acc5c8038547bcc15a77ad572188f7.yml,81acc5c8038547bcc15a77ad572188f7.pdf,E:\byrdocs\81acc5c8038547bcc15a77ad572188f7.pdf,76354481,E:\byrdocs\81acc5c8038547bcc15a77ad572188f7.jpg,E:\byrdocs\81acc5c8038547bcc15a77ad572188f7.webp,,,https://byrdocs.org/files/81acc5c8038547bcc15a77ad572188f7.pdf
81bccd14d30f71157812a1786a9f7b2a,ready,include_after_storage_upload,test,概率论与随机过程,E:\byrdocs-archive\metadata\81bccd14d30f71157812a1786a9f7b2a.yml,81bccd14d30f71157812a1786a9f7b2a.pdf,E:\byrdocs\81bccd14d30f71157812a1786a9f7b2a.pdf,607933,E:\byrdocs\81bccd14d30f71157812a1786a9f7b2a.jpg,E:\byrdocs\81bccd14d30f71157812a1786a9f7b2a.webp,,,https://byrdocs.org/files/81bccd14d30f71157812a1786a9f7b2a.pdf
81da7d2fd263097d13fdbbd7bf0a81f8,ready,include_after_storage_upload,test,习近平新时代中国特色社会主义思想概论,E:\byrdocs-archive\metadata\81da7d2fd263097d13fdbbd7bf0a81f8.yml,81da7d2fd263097d13fdbbd7bf0a81f8.pdf,E:\byrdocs\81da7d2fd263097d13fdbbd7bf0a81f8.pdf,821109,E:\byrdocs\81da7d2fd263097d13fdbbd7bf0a81f8.jpg,E:\byrdocs\81da7d2fd263097d13fdbbd7bf0a81f8.webp,,,https://byrdocs.org/files/81da7d2fd263097d13fdbbd7bf0a81f8.pdf
82070039cb069541329ed51107715e9f,ready,include_after_storage_upload,doc,新目标大学英语（第二版 第2册）视听说教程参考答案,E:\byrdocs-archive\metadata\82070039cb069541329ed51107715e9f.yml,82070039cb069541329ed51107715e9f.pdf,E:\byrdocs\82070039cb069541329ed51107715e9f.pdf,925382,E:\byrdocs\82070039cb069541329ed51107715e9f.jpg,E:\byrdocs\82070039cb069541329ed51107715e9f.webp,,,https://byrdocs.org/files/82070039cb069541329ed51107715e9f.pdf
8386b1020dbd67ee3724ff01d76e6d84,ready,include_after_storage_upload,test,线性代数,E:\byrdocs-archive\metadata\8386b1020dbd67ee3724ff01d76e6d84.yml,8386b1020dbd67ee3724ff01d76e6d84.pdf,E:\byrdocs\8386b1020dbd67ee3724ff01d76e6d84.pdf,2734355,E:\byrdocs\8386b1020dbd67ee3724ff01d76e6d84.jpg,E:\byrdocs\8386b1020dbd67ee3724ff01d76e6d84.webp,,,https://byrdocs.org/files/8386b1020dbd67ee3724ff01d76e6d84.pdf
84491977293e9c000092c4e393663947,ready,include_after_storage_upload,book,计算机操作系统习题与考研真题解析,E:\byrdocs-archive\metadata\84491977293e9c000092c4e393663947.yml,84491977293e9c000092c4e393663947.pdf,E:\byrdocs\84491977293e9c000092c4e393663947.pdf,9037959,E:\byrdocs\84491977293e9c000092c4e393663947.jpg,E:\byrdocs\84491977293e9c000092c4e393663947.webp,,,https://byrdocs.org/files/84491977293e9c000092c4e393663947.pdf
8488d0877a40c1fc9ba958fb0d44a639,ready,include_after_storage_upload,test,大学物理B（下）,E:\byrdocs-archive\metadata\8488d0877a40c1fc9ba958fb0d44a639.yml,8488d0877a40c1fc9ba958fb0d44a639.pdf,E:\byrdocs\8488d0877a40c1fc9ba958fb0d44a639.pdf,2803398,E:\byrdocs\8488d0877a40c1fc9ba958fb0d44a639.jpg,E:\byrdocs\8488d0877a40c1fc9ba958fb0d44a639.webp,,,https://byrdocs.org/files/8488d0877a40c1fc9ba958fb0d44a639.pdf
84a841b7c585553f38e4332290d60fae,ready,include_after_storage_upload,book,Linear and Nonlinear Programming,E:\byrdocs-archive\metadata\84a841b7c585553f38e4332290d60fae.yml,84a841b7c585553f38e4332290d60fae.pdf,E:\byrdocs\84a841b7c585553f38e4332290d60fae.pdf,6178299,E:\byrdocs\84a841b7c585553f38e4332290d60fae.jpg,E:\byrdocs\84a841b7c585553f38e4332290d60fae.webp,,,https://byrdocs.org/files/84a841b7c585553f38e4332290d60fae.pdf
84ba27bb384364c4f9128ea0c2a71aad,ready,include_after_storage_upload,test,概率论与随机过程,E:\byrdocs-archive\metadata\84ba27bb384364c4f9128ea0c2a71aad.yml,84ba27bb384364c4f9128ea0c2a71aad.pdf,E:\byrdocs\84ba27bb384364c4f9128ea0c2a71aad.pdf,5111947,E:\byrdocs\84ba27bb384364c4f9128ea0c2a71aad.jpg,E:\byrdocs\84ba27bb384364c4f9128ea0c2a71aad.webp,,,https://byrdocs.org/files/84ba27bb384364c4f9128ea0c2a71aad.pdf
860d8585ca9c1ddc997addcfb6d53dc6,ready,include_after_storage_upload,book,电工学 下册 电子技术,E:\byrdocs-archive\metadata\860d8585ca9c1ddc997addcfb6d53dc6.yml,860d8585ca9c1ddc997addcfb6d53dc6.pdf,E:\byrdocs\860d8585ca9c1ddc997addcfb6d53dc6.pdf,28272633,E:\byrdocs\860d8585ca9c1ddc997addcfb6d53dc6.jpg,E:\byrdocs\860d8585ca9c1ddc997addcfb6d53dc6.webp,,,https://byrdocs.org/files/860d8585ca9c1ddc997addcfb6d53dc6.pdf
864132832321ba2054bb3fbf3c4bd950,ready,include_after_storage_upload,book,物理学大题典 光学,E:\byrdocs-archive\metadata\864132832321ba2054bb3fbf3c4bd950.yml,864132832321ba2054bb3fbf3c4bd950.pdf,E:\byrdocs\864132832321ba2054bb3fbf3c4bd950.pdf,26608852,E:\byrdocs\864132832321ba2054bb3fbf3c4bd950.jpg,E:\byrdocs\864132832321ba2054bb3fbf3c4bd950.webp,,,https://byrdocs.org/files/864132832321ba2054bb3fbf3c4bd950.pdf
864ca7caef1fab5151a3f0e4e1460125,ready,include_after_storage_upload,test,概率论与随机过程,E:\byrdocs-archive\metadata\864ca7caef1fab5151a3f0e4e1460125.yml,864ca7caef1fab5151a3f0e4e1460125.pdf,E:\byrdocs\864ca7caef1fab5151a3f0e4e1460125.pdf,2130918,E:\byrdocs\864ca7caef1fab5151a3f0e4e1460125.jpg,E:\byrdocs\864ca7caef1fab5151a3f0e4e1460125.webp,,,https://byrdocs.org/files/864ca7caef1fab5151a3f0e4e1460125.pdf
867a1d3f70c20661ca55dbe388f1b531,ready,include_after_storage_upload,test,人工智能数学方法,E:\byrdocs-archive\metadata\867a1d3f70c20661ca55dbe388f1b531.yml,867a1d3f70c20661ca55dbe388f1b531.pdf,E:\byrdocs\867a1d3f70c20661ca55dbe388f1b531.pdf,199273,E:\byrdocs\867a1d3f70c20661ca55dbe388f1b531.jpg,E:\byrdocs\867a1d3f70c20661ca55dbe388f1b531.webp,,,https://byrdocs.org/files/867a1d3f70c20661ca55dbe388f1b531.pdf
86bb729ac1b51d3902303c729b4a4629,ready,include_after_storage_upload,doc,数据库系统原理 期末总结 邵蓥侠,E:\byrdocs-archive\metadata\86bb729ac1b51d3902303c729b4a4629.yml,86bb729ac1b51d3902303c729b4a4629.pdf,E:\byrdocs\86bb729ac1b51d3902303c729b4a4629.pdf,1025081,E:\byrdocs\86bb729ac1b51d3902303c729b4a4629.jpg,E:\byrdocs\86bb729ac1b51d3902303c729b4a4629.webp,,,https://byrdocs.org/files/86bb729ac1b51d3902303c729b4a4629.pdf
86d4086945a3acef642cf7d0e1503b2b,ready,include_after_storage_upload,book,现代数字电路与逻辑设计实验教程,E:\byrdocs-archive\metadata\86d4086945a3acef642cf7d0e1503b2b.yml,86d4086945a3acef642cf7d0e1503b2b.pdf,E:\byrdocs\86d4086945a3acef642cf7d0e1503b2b.pdf,38057978,E:\byrdocs\86d4086945a3acef642cf7d0e1503b2b.jpg,E:\byrdocs\86d4086945a3acef642cf7d0e1503b2b.webp,,,https://byrdocs.org/files/86d4086945a3acef642cf7d0e1503b2b.pdf
86d5702bbf1346f264c1b99e8dc6c9c5,ready,include_after_storage_upload,book,计算机组成原理题解、题库与实验,E:\byrdocs-archive\metadata\86d5702bbf1346f264c1b99e8dc6c9c5.yml,86d5702bbf1346f264c1b99e8dc6c9c5.pdf,E:\byrdocs\86d5702bbf1346f264c1b99e8dc6c9c5.pdf,13311941,E:\byrdocs\86d5702bbf1346f264c1b99e8dc6c9c5.jpg,E:\byrdocs\86d5702bbf1346f264c1b99e8dc6c9c5.webp,,,https://byrdocs.org/files/86d5702bbf1346f264c1b99e8dc6c9c5.pdf
86e146d2397160d233fc1f919fa28e82,ready,include_after_storage_upload,book,物理学大题典 力学 上册,E:\byrdocs-archive\metadata\86e146d2397160d233fc1f919fa28e82.yml,86e146d2397160d233fc1f919fa28e82.pdf,E:\byrdocs\86e146d2397160d233fc1f919fa28e82.pdf,30375337,E:\byrdocs\86e146d2397160d233fc1f919fa28e82.jpg,E:\byrdocs\86e146d2397160d233fc1f919fa28e82.webp,,,https://byrdocs.org/files/86e146d2397160d233fc1f919fa28e82.pdf
870f1ba8a9bcd671403d943078150fe2,ready,include_after_storage_upload,doc,网安数字逻辑与数字系统实验代码与报告,E:\byrdocs-archive\metadata\870f1ba8a9bcd671403d943078150fe2.yml,870f1ba8a9bcd671403d943078150fe2.zip,E:\byrdocs\870f1ba8a9bcd671403d943078150fe2.zip,48794264,E:\byrdocs\870f1ba8a9bcd671403d943078150fe2.jpg,E:\byrdocs\870f1ba8a9bcd671403d943078150fe2.webp,,,https://byrdocs.org/files/870f1ba8a9bcd671403d943078150fe2.zip
875f1a663b8c044fe1c1d3e7b9dde0fc,ready,include_after_storage_upload,book,电子电路基础,E:\byrdocs-archive\metadata\875f1a663b8c044fe1c1d3e7b9dde0fc.yml,875f1a663b8c044fe1c1d3e7b9dde0fc.pdf,E:\byrdocs\875f1a663b8c044fe1c1d3e7b9dde0fc.pdf,267771207,E:\byrdocs\875f1a663b8c044fe1c1d3e7b9dde0fc.jpg,E:\byrdocs\875f1a663b8c044fe1c1d3e7b9dde0fc.webp,,,https://byrdocs.org/files/875f1a663b8c044fe1c1d3e7b9dde0fc.pdf
877c0b45386a2b63e99841b1442e2b84,ready,include_after_storage_upload,test,电磁场与电磁波,E:\byrdocs-archive\metadata\877c0b45386a2b63e99841b1442e2b84.yml,877c0b45386a2b63e99841b1442e2b84.pdf,E:\byrdocs\877c0b45386a2b63e99841b1442e2b84.pdf,438630,E:\byrdocs\877c0b45386a2b63e99841b1442e2b84.jpg,E:\byrdocs\877c0b45386a2b63e99841b1442e2b84.webp,,,https://byrdocs.org/files/877c0b45386a2b63e99841b1442e2b84.pdf
87b8af482dab12f3a107e238f74e68a2,ready,include_after_storage_upload,test,电磁场与电磁波,E:\byrdocs-archive\metadata\87b8af482dab12f3a107e238f74e68a2.yml,87b8af482dab12f3a107e238f74e68a2.pdf,E:\byrdocs\87b8af482dab12f3a107e238f74e68a2.pdf,989227,E:\byrdocs\87b8af482dab12f3a107e238f74e68a2.jpg,E:\byrdocs\87b8af482dab12f3a107e238f74e68a2.webp,,,https://byrdocs.org/files/87b8af482dab12f3a107e238f74e68a2.pdf
87e0a3b832285e327712d3f7b7342976,ready,include_after_storage_upload,test,电子电路基础,E:\byrdocs-archive\metadata\87e0a3b832285e327712d3f7b7342976.yml,87e0a3b832285e327712d3f7b7342976.pdf,E:\byrdocs\87e0a3b832285e327712d3f7b7342976.pdf,480524,E:\byrdocs\87e0a3b832285e327712d3f7b7342976.jpg,E:\byrdocs\87e0a3b832285e327712d3f7b7342976.webp,,,https://byrdocs.org/files/87e0a3b832285e327712d3f7b7342976.pdf
87e7581a3a0d4520089d56344ee34b9f,ready,include_after_storage_upload,book,数据结构（C语言版）,E:\byrdocs-archive\metadata\87e7581a3a0d4520089d56344ee34b9f.yml,87e7581a3a0d4520089d56344ee34b9f.pdf,E:\byrdocs\87e7581a3a0d4520089d56344ee34b9f.pdf,25231615,E:\byrdocs\87e7581a3a0d4520089d56344ee34b9f.jpg,E:\byrdocs\87e7581a3a0d4520089d56344ee34b9f.webp,,,https://byrdocs.org/files/87e7581a3a0d4520089d56344ee34b9f.pdf
87f04b2ecc70eaf034c5a7ac8648201a,ready,include_after_storage_upload,book,数字电路答疑解惑与典型题解,E:\byrdocs-archive\metadata\87f04b2ecc70eaf034c5a7ac8648201a.yml,87f04b2ecc70eaf034c5a7ac8648201a.pdf,E:\byrdocs\87f04b2ecc70eaf034c5a7ac8648201a.pdf,38522950,E:\byrdocs\87f04b2ecc70eaf034c5a7ac8648201a.jpg,E:\byrdocs\87f04b2ecc70eaf034c5a7ac8648201a.webp,,,https://byrdocs.org/files/87f04b2ecc70eaf034c5a7ac8648201a.pdf
8853903287d58621391474f65450b928,ready,include_after_storage_upload,doc,复变函数与数学物理方法-部分习题解答,E:\byrdocs-archive\metadata\8853903287d58621391474f65450b928.yml,8853903287d58621391474f65450b928.pdf,E:\byrdocs\8853903287d58621391474f65450b928.pdf,11136129,E:\byrdocs\8853903287d58621391474f65450b928.jpg,E:\byrdocs\8853903287d58621391474f65450b928.webp,,,https://byrdocs.org/files/8853903287d58621391474f65450b928.pdf
88824e85cbd66b40ac4bc3a53b05ed78,ready,include_after_storage_upload,book,Calculus,E:\byrdocs-archive\metadata\88824e85cbd66b40ac4bc3a53b05ed78.yml,88824e85cbd66b40ac4bc3a53b05ed78.pdf,E:\byrdocs\88824e85cbd66b40ac4bc3a53b05ed78.pdf,40643894,E:\byrdocs\88824e85cbd66b40ac4bc3a53b05ed78.jpg,E:\byrdocs\88824e85cbd66b40ac4bc3a53b05ed78.webp,,,https://byrdocs.org/files/88824e85cbd66b40ac4bc3a53b05ed78.pdf
88b7f2b519fe90765135dc0a70029880,ready,include_after_storage_upload,test,操作系统,E:\byrdocs-archive\metadata\88b7f2b519fe90765135dc0a70029880.yml,88b7f2b519fe90765135dc0a70029880.pdf,E:\byrdocs\88b7f2b519fe90765135dc0a70029880.pdf,785493,E:\byrdocs\88b7f2b519fe90765135dc0a70029880.jpg,E:\byrdocs\88b7f2b519fe90765135dc0a70029880.webp,,,https://byrdocs.org/files/88b7f2b519fe90765135dc0a70029880.pdf
88c05756e39da1936d8c6c964dea7350,ready,include_after_storage_upload,test,高级变换,E:\byrdocs-archive\metadata\88c05756e39da1936d8c6c964dea7350.yml,88c05756e39da1936d8c6c964dea7350.pdf,E:\byrdocs\88c05756e39da1936d8c6c964dea7350.pdf,438748,E:\byrdocs\88c05756e39da1936d8c6c964dea7350.jpg,E:\byrdocs\88c05756e39da1936d8c6c964dea7350.webp,,,https://byrdocs.org/files/88c05756e39da1936d8c6c964dea7350.pdf
88f2ac7ab736a755bedf388e92f43012,ready,include_after_storage_upload,book,工程数学 线性代数,E:\byrdocs-archive\metadata\88f2ac7ab736a755bedf388e92f43012.yml,88f2ac7ab736a755bedf388e92f43012.pdf,E:\byrdocs\88f2ac7ab736a755bedf388e92f43012.pdf,6141338,E:\byrdocs\88f2ac7ab736a755bedf388e92f43012.jpg,E:\byrdocs\88f2ac7ab736a755bedf388e92f43012.webp,,,https://byrdocs.org/files/88f2ac7ab736a755bedf388e92f43012.pdf
893f48cacead4bd0e157bffbe9cd7a27,ready,include_after_storage_upload,book,物理学 上册,E:\byrdocs-archive\metadata\893f48cacead4bd0e157bffbe9cd7a27.yml,893f48cacead4bd0e157bffbe9cd7a27.pdf,E:\byrdocs\893f48cacead4bd0e157bffbe9cd7a27.pdf,72287181,E:\byrdocs\893f48cacead4bd0e157bffbe9cd7a27.jpg,E:\byrdocs\893f48cacead4bd0e157bffbe9cd7a27.webp,,,https://byrdocs.org/files/893f48cacead4bd0e157bffbe9cd7a27.pdf
89417972aadfa6b9c87785b25900207e,ready,include_after_storage_upload,test,操作系统,E:\byrdocs-archive\metadata\89417972aadfa6b9c87785b25900207e.yml,89417972aadfa6b9c87785b25900207e.pdf,E:\byrdocs\89417972aadfa6b9c87785b25900207e.pdf,303514,E:\byrdocs\89417972aadfa6b9c87785b25900207e.jpg,E:\byrdocs\89417972aadfa6b9c87785b25900207e.webp,,,https://byrdocs.org/files/89417972aadfa6b9c87785b25900207e.pdf
895a212bb94c98235af4d93627e08f0d,ready,include_after_storage_upload,test,概率论与随机过程,E:\byrdocs-archive\metadata\895a212bb94c98235af4d93627e08f0d.yml,895a212bb94c98235af4d93627e08f0d.pdf,E:\byrdocs\895a212bb94c98235af4d93627e08f0d.pdf,5307098,E:\byrdocs\895a212bb94c98235af4d93627e08f0d.jpg,E:\byrdocs\895a212bb94c98235af4d93627e08f0d.webp,,,https://byrdocs.org/files/895a212bb94c98235af4d93627e08f0d.pdf
8986bcea504b391963c325a0e43bdc59,ready,include_after_storage_upload,test,计算机组成原理,E:\byrdocs-archive\metadata\8986bcea504b391963c325a0e43bdc59.yml,8986bcea504b391963c325a0e43bdc59.pdf,E:\byrdocs\8986bcea504b391963c325a0e43bdc59.pdf,8597809,E:\byrdocs\8986bcea504b391963c325a0e43bdc59.jpg,E:\byrdocs\8986bcea504b391963c325a0e43bdc59.webp,,,https://byrdocs.org/files/8986bcea504b391963c325a0e43bdc59.pdf
89c05d7717bf876abd175788b3ff4301,ready,include_after_storage_upload,test,线性代数,E:\byrdocs-archive\metadata\89c05d7717bf876abd175788b3ff4301.yml,89c05d7717bf876abd175788b3ff4301.pdf,E:\byrdocs\89c05d7717bf876abd175788b3ff4301.pdf,158946,E:\byrdocs\89c05d7717bf876abd175788b3ff4301.jpg,E:\byrdocs\89c05d7717bf876abd175788b3ff4301.webp,,,https://byrdocs.org/files/89c05d7717bf876abd175788b3ff4301.pdf
89caf72f6761f0240c589a88227f4d23,ready,include_after_storage_upload,book,随机信号分析与处理,E:\byrdocs-archive\metadata\89caf72f6761f0240c589a88227f4d23.yml,89caf72f6761f0240c589a88227f4d23.pdf,E:\byrdocs\89caf72f6761f0240c589a88227f4d23.pdf,150974368,E:\byrdocs\89caf72f6761f0240c589a88227f4d23.jpg,E:\byrdocs\89caf72f6761f0240c589a88227f4d23.webp,,,https://byrdocs.org/files/89caf72f6761f0240c589a88227f4d23.pdf
89dfe2099705bf8deac1ac01662d8b97,ready,include_after_storage_upload,doc,网络存储技术PPT,E:\byrdocs-archive\metadata\89dfe2099705bf8deac1ac01662d8b97.yml,89dfe2099705bf8deac1ac01662d8b97.zip,E:\byrdocs\89dfe2099705bf8deac1ac01662d8b97.zip,50191678,E:\byrdocs\89dfe2099705bf8deac1ac01662d8b97.jpg,E:\byrdocs\89dfe2099705bf8deac1ac01662d8b97.webp,,,https://byrdocs.org/files/89dfe2099705bf8deac1ac01662d8b97.zip
89f3abd4f1535d74e3535f866017a6dc,ready,include_after_storage_upload,test,高等数学A（下）,E:\byrdocs-archive\metadata\89f3abd4f1535d74e3535f866017a6dc.yml,89f3abd4f1535d74e3535f866017a6dc.pdf,E:\byrdocs\89f3abd4f1535d74e3535f866017a6dc.pdf,1751810,E:\byrdocs\89f3abd4f1535d74e3535f866017a6dc.jpg,E:\byrdocs\89f3abd4f1535d74e3535f866017a6dc.webp,,,https://byrdocs.org/files/89f3abd4f1535d74e3535f866017a6dc.pdf
8a0b6d5f8bfe10eeef83d55f11ef19e7,ready,include_after_storage_upload,book,数据结构题集：C语言版,E:\byrdocs-archive\metadata\8a0b6d5f8bfe10eeef83d55f11ef19e7.yml,8a0b6d5f8bfe10eeef83d55f11ef19e7.pdf,E:\byrdocs\8a0b6d5f8bfe10eeef83d55f11ef19e7.pdf,9008434,E:\byrdocs\8a0b6d5f8bfe10eeef83d55f11ef19e7.jpg,E:\byrdocs\8a0b6d5f8bfe10eeef83d55f11ef19e7.webp,,,https://byrdocs.org/files/8a0b6d5f8bfe10eeef83d55f11ef19e7.pdf
8a19768604fc6ba326f5d68d62ced78f,ready,include_after_storage_upload,book,计算机网络教程：自顶向下方法,E:\byrdocs-archive\metadata\8a19768604fc6ba326f5d68d62ced78f.yml,8a19768604fc6ba326f5d68d62ced78f.pdf,E:\byrdocs\8a19768604fc6ba326f5d68d62ced78f.pdf,34013503,E:\byrdocs\8a19768604fc6ba326f5d68d62ced78f.jpg,E:\byrdocs\8a19768604fc6ba326f5d68d62ced78f.webp,,,https://byrdocs.org/files/8a19768604fc6ba326f5d68d62ced78f.pdf
8a29e7294c785bbbd13b22ae0d2762bb,ready,include_after_storage_upload,test,随机信号分析,E:\byrdocs-archive\metadata\8a29e7294c785bbbd13b22ae0d2762bb.yml,8a29e7294c785bbbd13b22ae0d2762bb.pdf,E:\byrdocs\8a29e7294c785bbbd13b22ae0d2762bb.pdf,623909,E:\byrdocs\8a29e7294c785bbbd13b22ae0d2762bb.jpg,E:\byrdocs\8a29e7294c785bbbd13b22ae0d2762bb.webp,,,https://byrdocs.org/files/8a29e7294c785bbbd13b22ae0d2762bb.pdf
8a36320a5811132b30cafd656cb6b75e,ready,include_after_storage_upload,book,JavaScript百炼成仙,E:\byrdocs-archive\metadata\8a36320a5811132b30cafd656cb6b75e.yml,8a36320a5811132b30cafd656cb6b75e.pdf,E:\byrdocs\8a36320a5811132b30cafd656cb6b75e.pdf,23477530,E:\byrdocs\8a36320a5811132b30cafd656cb6b75e.jpg,E:\byrdocs\8a36320a5811132b30cafd656cb6b75e.webp,,,https://byrdocs.org/files/8a36320a5811132b30cafd656cb6b75e.pdf
8a4677d791a8a21ff1e4a8548a7daad5,ready,include_after_storage_upload,doc,现代计算机与通信新技术讲座总复习题详解,E:\byrdocs-archive\metadata\8a4677d791a8a21ff1e4a8548a7daad5.yml,8a4677d791a8a21ff1e4a8548a7daad5.pdf,E:\byrdocs\8a4677d791a8a21ff1e4a8548a7daad5.pdf,1420281,E:\byrdocs\8a4677d791a8a21ff1e4a8548a7daad5.jpg,E:\byrdocs\8a4677d791a8a21ff1e4a8548a7daad5.webp,,,https://byrdocs.org/files/8a4677d791a8a21ff1e4a8548a7daad5.pdf
8a684bf2f7cc36cf07e40bd40a70eacf,ready,include_after_storage_upload,book,数据结构与算法学习指导,E:\byrdocs-archive\metadata\8a684bf2f7cc36cf07e40bd40a70eacf.yml,8a684bf2f7cc36cf07e40bd40a70eacf.pdf,E:\byrdocs\8a684bf2f7cc36cf07e40bd40a70eacf.pdf,18211505,E:\byrdocs\8a684bf2f7cc36cf07e40bd40a70eacf.jpg,E:\byrdocs\8a684bf2f7cc36cf07e40bd40a70eacf.webp,,,https://byrdocs.org/files/8a684bf2f7cc36cf07e40bd40a70eacf.pdf
8a92c4c6b3a2f15553357a1c6fabdb5e,ready,include_after_storage_upload,test,通信原理,E:\byrdocs-archive\metadata\8a92c4c6b3a2f15553357a1c6fabdb5e.yml,8a92c4c6b3a2f15553357a1c6fabdb5e.pdf,E:\byrdocs\8a92c4c6b3a2f15553357a1c6fabdb5e.pdf,546628,E:\byrdocs\8a92c4c6b3a2f15553357a1c6fabdb5e.jpg,E:\byrdocs\8a92c4c6b3a2f15553357a1c6fabdb5e.webp,,,https://byrdocs.org/files/8a92c4c6b3a2f15553357a1c6fabdb5e.pdf
8aee4ef292e64aae5fe2a37bf99d5d3b,ready,include_after_storage_upload,test,形式语言与自动机,E:\byrdocs-archive\metadata\8aee4ef292e64aae5fe2a37bf99d5d3b.yml,8aee4ef292e64aae5fe2a37bf99d5d3b.pdf,E:\byrdocs\8aee4ef292e64aae5fe2a37bf99d5d3b.pdf,150414,E:\byrdocs\8aee4ef292e64aae5fe2a37bf99d5d3b.jpg,E:\byrdocs\8aee4ef292e64aae5fe2a37bf99d5d3b.webp,,,https://byrdocs.org/files/8aee4ef292e64aae5fe2a37bf99d5d3b.pdf
8af3d6edf76aee39f18296250e84ec14,ready,include_after_storage_upload,book,C Primer Plus（第6版）中文版,E:\byrdocs-archive\metadata\8af3d6edf76aee39f18296250e84ec14.yml,8af3d6edf76aee39f18296250e84ec14.pdf,E:\byrdocs\8af3d6edf76aee39f18296250e84ec14.pdf,22922266,E:\byrdocs\8af3d6edf76aee39f18296250e84ec14.jpg,E:\byrdocs\8af3d6edf76aee39f18296250e84ec14.webp,,,https://byrdocs.org/files/8af3d6edf76aee39f18296250e84ec14.pdf
8b3bc2a11252293e2c255aabf6d301b7,ready,include_after_storage_upload,doc,新目标大学英语（第二版 第1册）视听说教程参考答案,E:\byrdocs-archive\metadata\8b3bc2a11252293e2c255aabf6d301b7.yml,8b3bc2a11252293e2c255aabf6d301b7.pdf,E:\byrdocs\8b3bc2a11252293e2c255aabf6d301b7.pdf,12459497,E:\byrdocs\8b3bc2a11252293e2c255aabf6d301b7.jpg,E:\byrdocs\8b3bc2a11252293e2c255aabf6d301b7.webp,,,https://byrdocs.org/files/8b3bc2a11252293e2c255aabf6d301b7.pdf
8ba6b1af686927b583b41684a5ebf98a,ready,include_after_storage_upload,book,Computer Organization and Design - The Hardware Software Interface,E:\byrdocs-archive\metadata\8ba6b1af686927b583b41684a5ebf98a.yml,8ba6b1af686927b583b41684a5ebf98a.pdf,E:\byrdocs\8ba6b1af686927b583b41684a5ebf98a.pdf,30635804,E:\byrdocs\8ba6b1af686927b583b41684a5ebf98a.jpg,E:\byrdocs\8ba6b1af686927b583b41684a5ebf98a.webp,,,https://byrdocs.org/files/8ba6b1af686927b583b41684a5ebf98a.pdf
8c863bc0823220f19eb5de670743057c,ready,include_after_storage_upload,test,高等数学（上）,E:\byrdocs-archive\metadata\8c863bc0823220f19eb5de670743057c.yml,8c863bc0823220f19eb5de670743057c.pdf,E:\byrdocs\8c863bc0823220f19eb5de670743057c.pdf,340361,E:\byrdocs\8c863bc0823220f19eb5de670743057c.jpg,E:\byrdocs\8c863bc0823220f19eb5de670743057c.webp,,,https://byrdocs.org/files/8c863bc0823220f19eb5de670743057c.pdf
8c92556e21aff8919c755d4a12ee6681,ready,include_after_storage_upload,book,大学物理学习题分析与解答,E:\byrdocs-archive\metadata\8c92556e21aff8919c755d4a12ee6681.yml,8c92556e21aff8919c755d4a12ee6681.pdf,E:\byrdocs\8c92556e21aff8919c755d4a12ee6681.pdf,25745630,E:\byrdocs\8c92556e21aff8919c755d4a12ee6681.jpg,E:\byrdocs\8c92556e21aff8919c755d4a12ee6681.webp,,,https://byrdocs.org/files/8c92556e21aff8919c755d4a12ee6681.pdf
8cda98812fcd67ad975c8eacdf081bc1,ready,include_after_storage_upload,book,算法：第4版,E:\byrdocs-archive\metadata\8cda98812fcd67ad975c8eacdf081bc1.yml,8cda98812fcd67ad975c8eacdf081bc1.pdf,E:\byrdocs\8cda98812fcd67ad975c8eacdf081bc1.pdf,19607055,E:\byrdocs\8cda98812fcd67ad975c8eacdf081bc1.jpg,E:\byrdocs\8cda98812fcd67ad975c8eacdf081bc1.webp,,,https://byrdocs.org/files/8cda98812fcd67ad975c8eacdf081bc1.pdf
8d769b65491ff4cbf0666720f4cb23c2,ready,include_after_storage_upload,book,计算机网络（原书第4版）,E:\byrdocs-archive\metadata\8d769b65491ff4cbf0666720f4cb23c2.yml,8d769b65491ff4cbf0666720f4cb23c2.pdf,E:\byrdocs\8d769b65491ff4cbf0666720f4cb23c2.pdf,96806019,E:\byrdocs\8d769b65491ff4cbf0666720f4cb23c2.jpg,E:\byrdocs\8d769b65491ff4cbf0666720f4cb23c2.webp,,,https://byrdocs.org/files/8d769b65491ff4cbf0666720f4cb23c2.pdf
8d7d2f71a01ff07f4dffddc51b630122,ready,include_after_storage_upload,test,信号与系统,E:\byrdocs-archive\metadata\8d7d2f71a01ff07f4dffddc51b630122.yml,8d7d2f71a01ff07f4dffddc51b630122.pdf,E:\byrdocs\8d7d2f71a01ff07f4dffddc51b630122.pdf,1148309,E:\byrdocs\8d7d2f71a01ff07f4dffddc51b630122.jpg,E:\byrdocs\8d7d2f71a01ff07f4dffddc51b630122.webp,,,https://byrdocs.org/files/8d7d2f71a01ff07f4dffddc51b630122.pdf
8dbedcd06ecce4667e3145ec558a2c5b,ready,include_after_storage_upload,book,常微分方程,E:\byrdocs-archive\metadata\8dbedcd06ecce4667e3145ec558a2c5b.yml,8dbedcd06ecce4667e3145ec558a2c5b.pdf,E:\byrdocs\8dbedcd06ecce4667e3145ec558a2c5b.pdf,27515451,E:\byrdocs\8dbedcd06ecce4667e3145ec558a2c5b.jpg,E:\byrdocs\8dbedcd06ecce4667e3145ec558a2c5b.webp,,,https://byrdocs.org/files/8dbedcd06ecce4667e3145ec558a2c5b.pdf
8de0499bccfd21d115d8aeb04b0156f8,ready,include_after_storage_upload,book,网络科学导论,E:\byrdocs-archive\metadata\8de0499bccfd21d115d8aeb04b0156f8.yml,8de0499bccfd21d115d8aeb04b0156f8.pdf,E:\byrdocs\8de0499bccfd21d115d8aeb04b0156f8.pdf,77785338,E:\byrdocs\8de0499bccfd21d115d8aeb04b0156f8.jpg,E:\byrdocs\8de0499bccfd21d115d8aeb04b0156f8.webp,,,https://byrdocs.org/files/8de0499bccfd21d115d8aeb04b0156f8.pdf
8e9eb1348252ed7074cf68c6c676f2b2,ready,include_after_storage_upload,doc,大学物理PPT,E:\byrdocs-archive\metadata\8e9eb1348252ed7074cf68c6c676f2b2.yml,8e9eb1348252ed7074cf68c6c676f2b2.zip,E:\byrdocs\8e9eb1348252ed7074cf68c6c676f2b2.zip,24801030,E:\byrdocs\8e9eb1348252ed7074cf68c6c676f2b2.jpg,E:\byrdocs\8e9eb1348252ed7074cf68c6c676f2b2.webp,,,https://byrdocs.org/files/8e9eb1348252ed7074cf68c6c676f2b2.zip
8f28e7693e1543315d9fcf2105a508b6,ready,include_after_storage_upload,book,概率论基础教程（原书第9版）,E:\byrdocs-archive\metadata\8f28e7693e1543315d9fcf2105a508b6.yml,8f28e7693e1543315d9fcf2105a508b6.pdf,E:\byrdocs\8f28e7693e1543315d9fcf2105a508b6.pdf,92132090,E:\byrdocs\8f28e7693e1543315d9fcf2105a508b6.jpg,E:\byrdocs\8f28e7693e1543315d9fcf2105a508b6.webp,,,https://byrdocs.org/files/8f28e7693e1543315d9fcf2105a508b6.pdf
8f53d27f673902effc9214679c2890c2,ready,include_after_storage_upload,test,大学物理D（上）,E:\byrdocs-archive\metadata\8f53d27f673902effc9214679c2890c2.yml,8f53d27f673902effc9214679c2890c2.pdf,E:\byrdocs\8f53d27f673902effc9214679c2890c2.pdf,414229,E:\byrdocs\8f53d27f673902effc9214679c2890c2.jpg,E:\byrdocs\8f53d27f673902effc9214679c2890c2.webp,,,https://byrdocs.org/files/8f53d27f673902effc9214679c2890c2.pdf
8f70543ca6c03685ebc88e4ec6068887,ready,include_after_storage_upload,test,通信原理,E:\byrdocs-archive\metadata\8f70543ca6c03685ebc88e4ec6068887.yml,8f70543ca6c03685ebc88e4ec6068887.pdf,E:\byrdocs\8f70543ca6c03685ebc88e4ec6068887.pdf,522314,E:\byrdocs\8f70543ca6c03685ebc88e4ec6068887.jpg,E:\byrdocs\8f70543ca6c03685ebc88e4ec6068887.webp,,,https://byrdocs.org/files/8f70543ca6c03685ebc88e4ec6068887.pdf
8f96a0dffeae4501dd27baad561aa052,ready,include_after_storage_upload,test,操作系统,E:\byrdocs-archive\metadata\8f96a0dffeae4501dd27baad561aa052.yml,8f96a0dffeae4501dd27baad561aa052.pdf,E:\byrdocs\8f96a0dffeae4501dd27baad561aa052.pdf,395484,E:\byrdocs\8f96a0dffeae4501dd27baad561aa052.jpg,E:\byrdocs\8f96a0dffeae4501dd27baad561aa052.webp,,,https://byrdocs.org/files/8f96a0dffeae4501dd27baad561aa052.pdf
8fa18ea3629dae332889a5f7e1576748,ready,include_after_storage_upload,book,跨文化交际实用教程,E:\byrdocs-archive\metadata\8fa18ea3629dae332889a5f7e1576748.yml,8fa18ea3629dae332889a5f7e1576748.pdf,E:\byrdocs\8fa18ea3629dae332889a5f7e1576748.pdf,85958739,E:\byrdocs\8fa18ea3629dae332889a5f7e1576748.jpg,E:\byrdocs\8fa18ea3629dae332889a5f7e1576748.webp,,,https://byrdocs.org/files/8fa18ea3629dae332889a5f7e1576748.pdf
8fc9ba46eada59173218622b083db847,ready,include_after_storage_upload,book,Python与Tkinter编程,E:\byrdocs-archive\metadata\8fc9ba46eada59173218622b083db847.yml,8fc9ba46eada59173218622b083db847.pdf,E:\byrdocs\8fc9ba46eada59173218622b083db847.pdf,139786733,E:\byrdocs\8fc9ba46eada59173218622b083db847.jpg,E:\byrdocs\8fc9ba46eada59173218622b083db847.webp,,,https://byrdocs.org/files/8fc9ba46eada59173218622b083db847.pdf
8ffafda3fcc50094cdf496eab865a1eb,ready,include_after_storage_upload,test,线性代数,E:\byrdocs-archive\metadata\8ffafda3fcc50094cdf496eab865a1eb.yml,8ffafda3fcc50094cdf496eab865a1eb.pdf,E:\byrdocs\8ffafda3fcc50094cdf496eab865a1eb.pdf,3901988,E:\byrdocs\8ffafda3fcc50094cdf496eab865a1eb.jpg,E:\byrdocs\8ffafda3fcc50094cdf496eab865a1eb.webp,,,https://byrdocs.org/files/8ffafda3fcc50094cdf496eab865a1eb.pdf
8ffced631647d35c9a0d980b778aa74a,ready,include_after_storage_upload,book,数据库系统概念（原书第6版）,E:\byrdocs-archive\metadata\8ffced631647d35c9a0d980b778aa74a.yml,8ffced631647d35c9a0d980b778aa74a.pdf,E:\byrdocs\8ffced631647d35c9a0d980b778aa74a.pdf,274368582,E:\byrdocs\8ffced631647d35c9a0d980b778aa74a.jpg,E:\byrdocs\8ffced631647d35c9a0d980b778aa74a.webp,,,https://byrdocs.org/files/8ffced631647d35c9a0d980b778aa74a.pdf
901074a49a7c2cbc045db032a61511b9,ready,include_after_storage_upload,book,电路分析与电子电路基础,E:\byrdocs-archive\metadata\901074a49a7c2cbc045db032a61511b9.yml,901074a49a7c2cbc045db032a61511b9.pdf,E:\byrdocs\901074a49a7c2cbc045db032a61511b9.pdf,70261467,E:\byrdocs\901074a49a7c2cbc045db032a61511b9.jpg,E:\byrdocs\901074a49a7c2cbc045db032a61511b9.webp,,,https://byrdocs.org/files/901074a49a7c2cbc045db032a61511b9.pdf
901f73f8b0b112c57503c71376200bf7,ready,include_after_storage_upload,doc,思维导图,E:\byrdocs-archive\metadata\901f73f8b0b112c57503c71376200bf7.yml,901f73f8b0b112c57503c71376200bf7.pdf,E:\byrdocs\901f73f8b0b112c57503c71376200bf7.pdf,18133028,E:\byrdocs\901f73f8b0b112c57503c71376200bf7.jpg,E:\byrdocs\901f73f8b0b112c57503c71376200bf7.webp,,,https://byrdocs.org/files/901f73f8b0b112c57503c71376200bf7.pdf
907592946c7aac27799bc3704fb098f9,ready,include_after_storage_upload,test,概率论与随机过程,E:\byrdocs-archive\metadata\907592946c7aac27799bc3704fb098f9.yml,907592946c7aac27799bc3704fb098f9.pdf,E:\byrdocs\907592946c7aac27799bc3704fb098f9.pdf,4215252,E:\byrdocs\907592946c7aac27799bc3704fb098f9.jpg,E:\byrdocs\907592946c7aac27799bc3704fb098f9.webp,,,https://byrdocs.org/files/907592946c7aac27799bc3704fb098f9.pdf
90897cd2d8aed14000850d95cc1b0ae7,ready,include_after_storage_upload,doc,数据库系统原理邵蓥侠,E:\byrdocs-archive\metadata\90897cd2d8aed14000850d95cc1b0ae7.yml,90897cd2d8aed14000850d95cc1b0ae7.zip,E:\byrdocs\90897cd2d8aed14000850d95cc1b0ae7.zip,26340122,E:\byrdocs\90897cd2d8aed14000850d95cc1b0ae7.jpg,E:\byrdocs\90897cd2d8aed14000850d95cc1b0ae7.webp,,,https://byrdocs.org/files/90897cd2d8aed14000850d95cc1b0ae7.zip
90b7588f7111e0fc3898bcd3926ef110,ready,include_after_storage_upload,test,高等数学B（上）,E:\byrdocs-archive\metadata\90b7588f7111e0fc3898bcd3926ef110.yml,90b7588f7111e0fc3898bcd3926ef110.pdf,E:\byrdocs\90b7588f7111e0fc3898bcd3926ef110.pdf,1236318,E:\byrdocs\90b7588f7111e0fc3898bcd3926ef110.jpg,E:\byrdocs\90b7588f7111e0fc3898bcd3926ef110.webp,,,https://byrdocs.org/files/90b7588f7111e0fc3898bcd3926ef110.pdf
90e9d85ea86d4716780a7bbafecb767c,ready,include_after_storage_upload,book,工科数学分析基础 上册,E:\byrdocs-archive\metadata\90e9d85ea86d4716780a7bbafecb767c.yml,90e9d85ea86d4716780a7bbafecb767c.pdf,E:\byrdocs\90e9d85ea86d4716780a7bbafecb767c.pdf,68675141,E:\byrdocs\90e9d85ea86d4716780a7bbafecb767c.jpg,E:\byrdocs\90e9d85ea86d4716780a7bbafecb767c.webp,,,https://byrdocs.org/files/90e9d85ea86d4716780a7bbafecb767c.pdf
9103c46ef783eb9d4b0ecfa9e3ff8311,ready,include_after_storage_upload,book,物理学教程 下册,E:\byrdocs-archive\metadata\9103c46ef783eb9d4b0ecfa9e3ff8311.yml,9103c46ef783eb9d4b0ecfa9e3ff8311.pdf,E:\byrdocs\9103c46ef783eb9d4b0ecfa9e3ff8311.pdf,57566378,E:\byrdocs\9103c46ef783eb9d4b0ecfa9e3ff8311.jpg,E:\byrdocs\9103c46ef783eb9d4b0ecfa9e3ff8311.webp,,,https://byrdocs.org/files/9103c46ef783eb9d4b0ecfa9e3ff8311.pdf
913837d7b25aa5f5c0be63cf2624dc5a,ready,include_after_storage_upload,test,形式语言与自动机,E:\byrdocs-archive\metadata\913837d7b25aa5f5c0be63cf2624dc5a.yml,913837d7b25aa5f5c0be63cf2624dc5a.pdf,E:\byrdocs\913837d7b25aa5f5c0be63cf2624dc5a.pdf,183599,E:\byrdocs\913837d7b25aa5f5c0be63cf2624dc5a.jpg,E:\byrdocs\913837d7b25aa5f5c0be63cf2624dc5a.webp,,,https://byrdocs.org/files/913837d7b25aa5f5c0be63cf2624dc5a.pdf
9187a989382d47c1a8e44f02430a9c7b,ready,include_after_storage_upload,book,电路：第10版,E:\byrdocs-archive\metadata\9187a989382d47c1a8e44f02430a9c7b.yml,9187a989382d47c1a8e44f02430a9c7b.pdf,E:\byrdocs\9187a989382d47c1a8e44f02430a9c7b.pdf,133986825,E:\byrdocs\9187a989382d47c1a8e44f02430a9c7b.jpg,E:\byrdocs\9187a989382d47c1a8e44f02430a9c7b.webp,,,https://byrdocs.org/files/9187a989382d47c1a8e44f02430a9c7b.pdf
91de5e9061313e2f6e9cf103c95e7bdf,ready,include_after_storage_upload,test,ASIC设计原理及应用,E:\byrdocs-archive\metadata\91de5e9061313e2f6e9cf103c95e7bdf.yml,91de5e9061313e2f6e9cf103c95e7bdf.pdf,E:\byrdocs\91de5e9061313e2f6e9cf103c95e7bdf.pdf,1096344,E:\byrdocs\91de5e9061313e2f6e9cf103c95e7bdf.jpg,E:\byrdocs\91de5e9061313e2f6e9cf103c95e7bdf.webp,,,https://byrdocs.org/files/91de5e9061313e2f6e9cf103c95e7bdf.pdf
91eb075ba9714b13fbc5806987974ec4,ready,include_after_storage_upload,test,电路与电子学基础,E:\byrdocs-archive\metadata\91eb075ba9714b13fbc5806987974ec4.yml,91eb075ba9714b13fbc5806987974ec4.pdf,E:\byrdocs\91eb075ba9714b13fbc5806987974ec4.pdf,870572,E:\byrdocs\91eb075ba9714b13fbc5806987974ec4.jpg,E:\byrdocs\91eb075ba9714b13fbc5806987974ec4.webp,,,https://byrdocs.org/files/91eb075ba9714b13fbc5806987974ec4.pdf
924360bef16f99351c3e869b13e75f94,ready,include_after_storage_upload,book,大学物理学 电磁学、光学、量子物理,E:\byrdocs-archive\metadata\924360bef16f99351c3e869b13e75f94.yml,924360bef16f99351c3e869b13e75f94.pdf,E:\byrdocs\924360bef16f99351c3e869b13e75f94.pdf,80390408,E:\byrdocs\924360bef16f99351c3e869b13e75f94.jpg,E:\byrdocs\924360bef16f99351c3e869b13e75f94.webp,,,https://byrdocs.org/files/924360bef16f99351c3e869b13e75f94.pdf
925aafb1a370c234510be06f7d36c576,ready,include_after_storage_upload,book,Mark F. Bear/Barry W. Connors/Michael A. Paradiso,E:\byrdocs-archive\metadata\925aafb1a370c234510be06f7d36c576.yml,925aafb1a370c234510be06f7d36c576.pdf,E:\byrdocs\925aafb1a370c234510be06f7d36c576.pdf,112119784,E:\byrdocs\925aafb1a370c234510be06f7d36c576.jpg,E:\byrdocs\925aafb1a370c234510be06f7d36c576.webp,,,https://byrdocs.org/files/925aafb1a370c234510be06f7d36c576.pdf
925ddb8067601201b98b6dd5ac966872,ready,include_after_storage_upload,test,大学物理C,E:\byrdocs-archive\metadata\925ddb8067601201b98b6dd5ac966872.yml,925ddb8067601201b98b6dd5ac966872.pdf,E:\byrdocs\925ddb8067601201b98b6dd5ac966872.pdf,4147011,E:\byrdocs\925ddb8067601201b98b6dd5ac966872.jpg,E:\byrdocs\925ddb8067601201b98b6dd5ac966872.webp,,,https://byrdocs.org/files/925ddb8067601201b98b6dd5ac966872.pdf
929b52d0b585643ba3fc6617e11a661b,ready,include_after_storage_upload,book,数学建模方法与分析（原书第2版）,E:\byrdocs-archive\metadata\929b52d0b585643ba3fc6617e11a661b.yml,929b52d0b585643ba3fc6617e11a661b.pdf,E:\byrdocs\929b52d0b585643ba3fc6617e11a661b.pdf,22177727,E:\byrdocs\929b52d0b585643ba3fc6617e11a661b.jpg,E:\byrdocs\929b52d0b585643ba3fc6617e11a661b.webp,,,https://byrdocs.org/files/929b52d0b585643ba3fc6617e11a661b.pdf
92bba17b35fb8677448e610ada5b99db,ready,include_after_storage_upload,book,物理学教程（第二版）习题分析与解答,E:\byrdocs-archive\metadata\92bba17b35fb8677448e610ada5b99db.yml,92bba17b35fb8677448e610ada5b99db.pdf,E:\byrdocs\92bba17b35fb8677448e610ada5b99db.pdf,13552663,E:\byrdocs\92bba17b35fb8677448e610ada5b99db.jpg,E:\byrdocs\92bba17b35fb8677448e610ada5b99db.webp,,,https://byrdocs.org/files/92bba17b35fb8677448e610ada5b99db.pdf
937ab8abe7027de1731fceaf9f4694eb,ready,include_after_storage_upload,test,概率论与随机过程,E:\byrdocs-archive\metadata\937ab8abe7027de1731fceaf9f4694eb.yml,937ab8abe7027de1731fceaf9f4694eb.pdf,E:\byrdocs\937ab8abe7027de1731fceaf9f4694eb.pdf,165417,E:\byrdocs\937ab8abe7027de1731fceaf9f4694eb.jpg,E:\byrdocs\937ab8abe7027de1731fceaf9f4694eb.webp,,,https://byrdocs.org/files/937ab8abe7027de1731fceaf9f4694eb.pdf
93b240e6c9e47776554fce72d24a9b53,ready,include_after_storage_upload,test,数据库系统原理,E:\byrdocs-archive\metadata\93b240e6c9e47776554fce72d24a9b53.yml,93b240e6c9e47776554fce72d24a9b53.pdf,E:\byrdocs\93b240e6c9e47776554fce72d24a9b53.pdf,458860,E:\byrdocs\93b240e6c9e47776554fce72d24a9b53.jpg,E:\byrdocs\93b240e6c9e47776554fce72d24a9b53.webp,,,https://byrdocs.org/files/93b240e6c9e47776554fce72d24a9b53.pdf
93c0036c6d70004706d7e5974867d5ee,ready,include_after_storage_upload,test,离散数学,E:\byrdocs-archive\metadata\93c0036c6d70004706d7e5974867d5ee.yml,93c0036c6d70004706d7e5974867d5ee.pdf,E:\byrdocs\93c0036c6d70004706d7e5974867d5ee.pdf,1593197,E:\byrdocs\93c0036c6d70004706d7e5974867d5ee.jpg,E:\byrdocs\93c0036c6d70004706d7e5974867d5ee.webp,,,https://byrdocs.org/files/93c0036c6d70004706d7e5974867d5ee.pdf
93c81e492e7a0c60a58276ab69deaff0,ready,include_after_storage_upload,test,大学物理C,E:\byrdocs-archive\metadata\93c81e492e7a0c60a58276ab69deaff0.yml,93c81e492e7a0c60a58276ab69deaff0.pdf,E:\byrdocs\93c81e492e7a0c60a58276ab69deaff0.pdf,435075,E:\byrdocs\93c81e492e7a0c60a58276ab69deaff0.jpg,E:\byrdocs\93c81e492e7a0c60a58276ab69deaff0.webp,,,https://byrdocs.org/files/93c81e492e7a0c60a58276ab69deaff0.pdf
940f0738409fd0037ec0d7139f2b6426,ready,include_after_storage_upload,doc,数字视频通信备考资料,E:\byrdocs-archive\metadata\940f0738409fd0037ec0d7139f2b6426.yml,940f0738409fd0037ec0d7139f2b6426.pdf,E:\byrdocs\940f0738409fd0037ec0d7139f2b6426.pdf,1523258,E:\byrdocs\940f0738409fd0037ec0d7139f2b6426.jpg,E:\byrdocs\940f0738409fd0037ec0d7139f2b6426.webp,,,https://byrdocs.org/files/940f0738409fd0037ec0d7139f2b6426.pdf
9448de2e1aac703135a0cffc9105db39,ready,include_after_storage_upload,test,微波工程基础,E:\byrdocs-archive\metadata\9448de2e1aac703135a0cffc9105db39.yml,9448de2e1aac703135a0cffc9105db39.pdf,E:\byrdocs\9448de2e1aac703135a0cffc9105db39.pdf,2804239,E:\byrdocs\9448de2e1aac703135a0cffc9105db39.jpg,E:\byrdocs\9448de2e1aac703135a0cffc9105db39.webp,,,https://byrdocs.org/files/9448de2e1aac703135a0cffc9105db39.pdf
94781c90d5c6742b0c5bebfd2850ea86,ready,include_after_storage_upload,test,电磁场与电磁波,E:\byrdocs-archive\metadata\94781c90d5c6742b0c5bebfd2850ea86.yml,94781c90d5c6742b0c5bebfd2850ea86.pdf,E:\byrdocs\94781c90d5c6742b0c5bebfd2850ea86.pdf,693896,E:\byrdocs\94781c90d5c6742b0c5bebfd2850ea86.jpg,E:\byrdocs\94781c90d5c6742b0c5bebfd2850ea86.webp,,,https://byrdocs.org/files/94781c90d5c6742b0c5bebfd2850ea86.pdf
94830ba73c4e74ec7acab68538d91ca2,ready,include_after_storage_upload,test,概率论与随机过程,E:\byrdocs-archive\metadata\94830ba73c4e74ec7acab68538d91ca2.yml,94830ba73c4e74ec7acab68538d91ca2.pdf,E:\byrdocs\94830ba73c4e74ec7acab68538d91ca2.pdf,3606487,E:\byrdocs\94830ba73c4e74ec7acab68538d91ca2.jpg,E:\byrdocs\94830ba73c4e74ec7acab68538d91ca2.webp,,,https://byrdocs.org/files/94830ba73c4e74ec7acab68538d91ca2.pdf
948d862120e3a7510ee31e7ac94cca71,ready,include_after_storage_upload,book,空时无线通信导论,E:\byrdocs-archive\metadata\948d862120e3a7510ee31e7ac94cca71.yml,948d862120e3a7510ee31e7ac94cca71.pdf,E:\byrdocs\948d862120e3a7510ee31e7ac94cca71.pdf,21100655,E:\byrdocs\948d862120e3a7510ee31e7ac94cca71.jpg,E:\byrdocs\948d862120e3a7510ee31e7ac94cca71.webp,,,https://byrdocs.org/files/948d862120e3a7510ee31e7ac94cca71.pdf
950abd598f29ecf5fbae8fc3b0092588,ready,include_after_storage_upload,book,线性代数与几何,E:\byrdocs-archive\metadata\950abd598f29ecf5fbae8fc3b0092588.yml,950abd598f29ecf5fbae8fc3b0092588.pdf,E:\byrdocs\950abd598f29ecf5fbae8fc3b0092588.pdf,83462258,E:\byrdocs\950abd598f29ecf5fbae8fc3b0092588.jpg,E:\byrdocs\950abd598f29ecf5fbae8fc3b0092588.webp,,,https://byrdocs.org/files/950abd598f29ecf5fbae8fc3b0092588.pdf
951001ecfd0c9c2fa27377781c89a1aa,ready,include_after_storage_upload,book,信息论、编码与密码学,E:\byrdocs-archive\metadata\951001ecfd0c9c2fa27377781c89a1aa.yml,951001ecfd0c9c2fa27377781c89a1aa.pdf,E:\byrdocs\951001ecfd0c9c2fa27377781c89a1aa.pdf,24373170,E:\byrdocs\951001ecfd0c9c2fa27377781c89a1aa.jpg,E:\byrdocs\951001ecfd0c9c2fa27377781c89a1aa.webp,,,https://byrdocs.org/files/951001ecfd0c9c2fa27377781c89a1aa.pdf
9526eab06bfe384b74498b0f37506d2d,ready,include_after_storage_upload,test,编译原理与技术,E:\byrdocs-archive\metadata\9526eab06bfe384b74498b0f37506d2d.yml,9526eab06bfe384b74498b0f37506d2d.pdf,E:\byrdocs\9526eab06bfe384b74498b0f37506d2d.pdf,51187,E:\byrdocs\9526eab06bfe384b74498b0f37506d2d.jpg,E:\byrdocs\9526eab06bfe384b74498b0f37506d2d.webp,,,https://byrdocs.org/files/9526eab06bfe384b74498b0f37506d2d.pdf
954b2776d7896ae286cfad8bee5fd4ae,ready,include_after_storage_upload,book,高等数学试题集,E:\byrdocs-archive\metadata\954b2776d7896ae286cfad8bee5fd4ae.yml,954b2776d7896ae286cfad8bee5fd4ae.pdf,E:\byrdocs\954b2776d7896ae286cfad8bee5fd4ae.pdf,44309566,E:\byrdocs\954b2776d7896ae286cfad8bee5fd4ae.jpg,E:\byrdocs\954b2776d7896ae286cfad8bee5fd4ae.webp,,,https://byrdocs.org/files/954b2776d7896ae286cfad8bee5fd4ae.pdf
95507752cfb757cb0c720fd4b771cf2c,ready,include_after_storage_upload,test,通信原理,E:\byrdocs-archive\metadata\95507752cfb757cb0c720fd4b771cf2c.yml,95507752cfb757cb0c720fd4b771cf2c.pdf,E:\byrdocs\95507752cfb757cb0c720fd4b771cf2c.pdf,1137776,E:\byrdocs\95507752cfb757cb0c720fd4b771cf2c.jpg,E:\byrdocs\95507752cfb757cb0c720fd4b771cf2c.webp,,,https://byrdocs.org/files/95507752cfb757cb0c720fd4b771cf2c.pdf
95747fe30057f4e836df4e901060de53,ready,include_after_storage_upload,test,概率论与数理统计,E:\byrdocs-archive\metadata\95747fe30057f4e836df4e901060de53.yml,95747fe30057f4e836df4e901060de53.pdf,E:\byrdocs\95747fe30057f4e836df4e901060de53.pdf,3739688,E:\byrdocs\95747fe30057f4e836df4e901060de53.jpg,E:\byrdocs\95747fe30057f4e836df4e901060de53.webp,,,https://byrdocs.org/files/95747fe30057f4e836df4e901060de53.pdf
95ae3182f4da8402e44e649cd6a63dd3,ready,include_after_storage_upload,book,信号与系统 第二版,E:\byrdocs-archive\metadata\95ae3182f4da8402e44e649cd6a63dd3.yml,95ae3182f4da8402e44e649cd6a63dd3.pdf,E:\byrdocs\95ae3182f4da8402e44e649cd6a63dd3.pdf,32327277,E:\byrdocs\95ae3182f4da8402e44e649cd6a63dd3.jpg,E:\byrdocs\95ae3182f4da8402e44e649cd6a63dd3.webp,,,https://byrdocs.org/files/95ae3182f4da8402e44e649cd6a63dd3.pdf
95ef9783404666c4b70b993447cadee0,ready,include_after_storage_upload,doc,数字逻辑期末模拟试题,E:\byrdocs-archive\metadata\95ef9783404666c4b70b993447cadee0.yml,95ef9783404666c4b70b993447cadee0.zip,E:\byrdocs\95ef9783404666c4b70b993447cadee0.zip,942183,E:\byrdocs\95ef9783404666c4b70b993447cadee0.jpg,E:\byrdocs\95ef9783404666c4b70b993447cadee0.webp,,,https://byrdocs.org/files/95ef9783404666c4b70b993447cadee0.zip
961c70159704741913a9928b71bf4f37,ready,include_after_storage_upload,test,电子电路基础,E:\byrdocs-archive\metadata\961c70159704741913a9928b71bf4f37.yml,961c70159704741913a9928b71bf4f37.pdf,E:\byrdocs\961c70159704741913a9928b71bf4f37.pdf,1297825,E:\byrdocs\961c70159704741913a9928b71bf4f37.jpg,E:\byrdocs\961c70159704741913a9928b71bf4f37.webp,,,https://byrdocs.org/files/961c70159704741913a9928b71bf4f37.pdf
97092b659cb12962aadcacc4df3af729,ready,include_after_storage_upload,book,简明电路与电子学基础,E:\byrdocs-archive\metadata\97092b659cb12962aadcacc4df3af729.yml,97092b659cb12962aadcacc4df3af729.pdf,E:\byrdocs\97092b659cb12962aadcacc4df3af729.pdf,261292785,E:\byrdocs\97092b659cb12962aadcacc4df3af729.jpg,E:\byrdocs\97092b659cb12962aadcacc4df3af729.webp,,,https://byrdocs.org/files/97092b659cb12962aadcacc4df3af729.pdf
971963771f76680ab33a314dae2f694c,ready,include_after_storage_upload,doc,形式语言与自动机 课后习题答案,E:\byrdocs-archive\metadata\971963771f76680ab33a314dae2f694c.yml,971963771f76680ab33a314dae2f694c.pdf,E:\byrdocs\971963771f76680ab33a314dae2f694c.pdf,372190,E:\byrdocs\971963771f76680ab33a314dae2f694c.jpg,E:\byrdocs\971963771f76680ab33a314dae2f694c.webp,,,https://byrdocs.org/files/971963771f76680ab33a314dae2f694c.pdf
976ef8725bf7d4e41a591f5b0d296fdb,ready,include_after_storage_upload,book,Introduction to Algorithms,E:\byrdocs-archive\metadata\976ef8725bf7d4e41a591f5b0d296fdb.yml,976ef8725bf7d4e41a591f5b0d296fdb.pdf,E:\byrdocs\976ef8725bf7d4e41a591f5b0d296fdb.pdf,6290646,E:\byrdocs\976ef8725bf7d4e41a591f5b0d296fdb.jpg,E:\byrdocs\976ef8725bf7d4e41a591f5b0d296fdb.webp,,,https://byrdocs.org/files/976ef8725bf7d4e41a591f5b0d296fdb.pdf
9788a9c4e60d1fb202350feecf416e81,ready,include_after_storage_upload,book,理论物理学教程 第7卷 弹性理论 第5版,E:\byrdocs-archive\metadata\9788a9c4e60d1fb202350feecf416e81.yml,9788a9c4e60d1fb202350feecf416e81.pdf,E:\byrdocs\9788a9c4e60d1fb202350feecf416e81.pdf,27954236,E:\byrdocs\9788a9c4e60d1fb202350feecf416e81.jpg,E:\byrdocs\9788a9c4e60d1fb202350feecf416e81.webp,,,https://byrdocs.org/files/9788a9c4e60d1fb202350feecf416e81.pdf
978c8ddebadc346a0d5d74c8a0d8de9a,ready,include_after_storage_upload,book,移动通信原理与系统,E:\byrdocs-archive\metadata\978c8ddebadc346a0d5d74c8a0d8de9a.yml,978c8ddebadc346a0d5d74c8a0d8de9a.pdf,E:\byrdocs\978c8ddebadc346a0d5d74c8a0d8de9a.pdf,81388208,E:\byrdocs\978c8ddebadc346a0d5d74c8a0d8de9a.jpg,E:\byrdocs\978c8ddebadc346a0d5d74c8a0d8de9a.webp,,,https://byrdocs.org/files/978c8ddebadc346a0d5d74c8a0d8de9a.pdf
97e5bd184845eebb753860f34819cf1e,ready,include_after_storage_upload,book,普通化学原理,E:\byrdocs-archive\metadata\97e5bd184845eebb753860f34819cf1e.yml,97e5bd184845eebb753860f34819cf1e.pdf,E:\byrdocs\97e5bd184845eebb753860f34819cf1e.pdf,40857155,E:\byrdocs\97e5bd184845eebb753860f34819cf1e.jpg,E:\byrdocs\97e5bd184845eebb753860f34819cf1e.webp,,,https://byrdocs.org/files/97e5bd184845eebb753860f34819cf1e.pdf
9800ddaf26c45d7246e796f3ff4cc53d,ready,include_after_storage_upload,book,矩阵计算（第3版）,E:\byrdocs-archive\metadata\9800ddaf26c45d7246e796f3ff4cc53d.yml,9800ddaf26c45d7246e796f3ff4cc53d.pdf,E:\byrdocs\9800ddaf26c45d7246e796f3ff4cc53d.pdf,76136130,E:\byrdocs\9800ddaf26c45d7246e796f3ff4cc53d.jpg,E:\byrdocs\9800ddaf26c45d7246e796f3ff4cc53d.webp,,,https://byrdocs.org/files/9800ddaf26c45d7246e796f3ff4cc53d.pdf
9864c62080e5a8a53a15f0e9330912fa,ready,include_after_storage_upload,test,数据结构,E:\byrdocs-archive\metadata\9864c62080e5a8a53a15f0e9330912fa.yml,9864c62080e5a8a53a15f0e9330912fa.pdf,E:\byrdocs\9864c62080e5a8a53a15f0e9330912fa.pdf,1071146,E:\byrdocs\9864c62080e5a8a53a15f0e9330912fa.jpg,E:\byrdocs\9864c62080e5a8a53a15f0e9330912fa.webp,,,https://byrdocs.org/files/9864c62080e5a8a53a15f0e9330912fa.pdf
987fd5ec15807bddbf3b57336c49e1b6,ready,include_after_storage_upload,book,毛泽东思想与中国特色社会主义理论体系概论：2023年版,E:\byrdocs-archive\metadata\987fd5ec15807bddbf3b57336c49e1b6.yml,987fd5ec15807bddbf3b57336c49e1b6.pdf,E:\byrdocs\987fd5ec15807bddbf3b57336c49e1b6.pdf,9603573,E:\byrdocs\987fd5ec15807bddbf3b57336c49e1b6.jpg,E:\byrdocs\987fd5ec15807bddbf3b57336c49e1b6.webp,,,https://byrdocs.org/files/987fd5ec15807bddbf3b57336c49e1b6.pdf
98c679fa51bfce2752213fe0809bfb39,ready,include_after_storage_upload,book,Linear Algebra and Its Applications,E:\byrdocs-archive\metadata\98c679fa51bfce2752213fe0809bfb39.yml,98c679fa51bfce2752213fe0809bfb39.pdf,E:\byrdocs\98c679fa51bfce2752213fe0809bfb39.pdf,33433161,E:\byrdocs\98c679fa51bfce2752213fe0809bfb39.jpg,E:\byrdocs\98c679fa51bfce2752213fe0809bfb39.webp,,,https://byrdocs.org/files/98c679fa51bfce2752213fe0809bfb39.pdf
98e5627649bdfc873a0f4302349f4fb7,ready,include_after_storage_upload,doc,电子电路全书课后习题答案合并,E:\byrdocs-archive\metadata\98e5627649bdfc873a0f4302349f4fb7.yml,98e5627649bdfc873a0f4302349f4fb7.pdf,E:\byrdocs\98e5627649bdfc873a0f4302349f4fb7.pdf,2048029,E:\byrdocs\98e5627649bdfc873a0f4302349f4fb7.jpg,E:\byrdocs\98e5627649bdfc873a0f4302349f4fb7.webp,,,https://byrdocs.org/files/98e5627649bdfc873a0f4302349f4fb7.pdf
99388739aa1a46625fdd515c1577f85f,ready,include_after_storage_upload,book,数字信号处理,E:\byrdocs-archive\metadata\99388739aa1a46625fdd515c1577f85f.yml,99388739aa1a46625fdd515c1577f85f.pdf,E:\byrdocs\99388739aa1a46625fdd515c1577f85f.pdf,61962235,E:\byrdocs\99388739aa1a46625fdd515c1577f85f.jpg,E:\byrdocs\99388739aa1a46625fdd515c1577f85f.webp,,,https://byrdocs.org/files/99388739aa1a46625fdd515c1577f85f.pdf
99da4d5e574f1c26404246968783c922,ready,include_after_storage_upload,test,数学实验,E:\byrdocs-archive\metadata\99da4d5e574f1c26404246968783c922.yml,99da4d5e574f1c26404246968783c922.pdf,E:\byrdocs\99da4d5e574f1c26404246968783c922.pdf,489838,E:\byrdocs\99da4d5e574f1c26404246968783c922.jpg,E:\byrdocs\99da4d5e574f1c26404246968783c922.webp,,,https://byrdocs.org/files/99da4d5e574f1c26404246968783c922.pdf
9a03cc9ad53d4d271d3c2f75f92e03e2,ready,include_after_storage_upload,book,数据结构与算法：AI与大数据版,E:\byrdocs-archive\metadata\9a03cc9ad53d4d271d3c2f75f92e03e2.yml,9a03cc9ad53d4d271d3c2f75f92e03e2.pdf,E:\byrdocs\9a03cc9ad53d4d271d3c2f75f92e03e2.pdf,35118140,E:\byrdocs\9a03cc9ad53d4d271d3c2f75f92e03e2.jpg,E:\byrdocs\9a03cc9ad53d4d271d3c2f75f92e03e2.webp,,,https://byrdocs.org/files/9a03cc9ad53d4d271d3c2f75f92e03e2.pdf
9a3f620bc3ea550661b6b332fad8eed4,ready,include_after_storage_upload,book,全新版大学英语综合教程学生用书4,E:\byrdocs-archive\metadata\9a3f620bc3ea550661b6b332fad8eed4.yml,9a3f620bc3ea550661b6b332fad8eed4.pdf,E:\byrdocs\9a3f620bc3ea550661b6b332fad8eed4.pdf,9865825,E:\byrdocs\9a3f620bc3ea550661b6b332fad8eed4.jpg,E:\byrdocs\9a3f620bc3ea550661b6b332fad8eed4.webp,,,https://byrdocs.org/files/9a3f620bc3ea550661b6b332fad8eed4.pdf
9a49683c702651ed45c52c6dd851916b,ready,include_after_storage_upload,test,离散数学,E:\byrdocs-archive\metadata\9a49683c702651ed45c52c6dd851916b.yml,9a49683c702651ed45c52c6dd851916b.pdf,E:\byrdocs\9a49683c702651ed45c52c6dd851916b.pdf,476462,E:\byrdocs\9a49683c702651ed45c52c6dd851916b.jpg,E:\byrdocs\9a49683c702651ed45c52c6dd851916b.webp,,,https://byrdocs.org/files/9a49683c702651ed45c52c6dd851916b.pdf
9a4b60d766cf665a4d954d2572d6c415,ready,include_after_storage_upload,test,形式语言与自动机,E:\byrdocs-archive\metadata\9a4b60d766cf665a4d954d2572d6c415.yml,9a4b60d766cf665a4d954d2572d6c415.pdf,E:\byrdocs\9a4b60d766cf665a4d954d2572d6c415.pdf,156215,E:\byrdocs\9a4b60d766cf665a4d954d2572d6c415.jpg,E:\byrdocs\9a4b60d766cf665a4d954d2572d6c415.webp,,,https://byrdocs.org/files/9a4b60d766cf665a4d954d2572d6c415.pdf
9aa4249675de591a5c0a3cb2498ab815,ready,include_after_storage_upload,book,数字图像处理的MATLAB实现（第2版）,E:\byrdocs-archive\metadata\9aa4249675de591a5c0a3cb2498ab815.yml,9aa4249675de591a5c0a3cb2498ab815.pdf,E:\byrdocs\9aa4249675de591a5c0a3cb2498ab815.pdf,57043226,E:\byrdocs\9aa4249675de591a5c0a3cb2498ab815.jpg,E:\byrdocs\9aa4249675de591a5c0a3cb2498ab815.webp,,,https://byrdocs.org/files/9aa4249675de591a5c0a3cb2498ab815.pdf
9aec94cace7ab6c445dc5c705427b9e4,ready,include_after_storage_upload,test,计算机组织与结构,E:\byrdocs-archive\metadata\9aec94cace7ab6c445dc5c705427b9e4.yml,9aec94cace7ab6c445dc5c705427b9e4.pdf,E:\byrdocs\9aec94cace7ab6c445dc5c705427b9e4.pdf,209571,E:\byrdocs\9aec94cace7ab6c445dc5c705427b9e4.jpg,E:\byrdocs\9aec94cace7ab6c445dc5c705427b9e4.webp,,,https://byrdocs.org/files/9aec94cace7ab6c445dc5c705427b9e4.pdf
9b019b1bf92a250b813993c51617f6e4,ready,include_after_storage_upload,book,信号与系统,E:\byrdocs-archive\metadata\9b019b1bf92a250b813993c51617f6e4.yml,9b019b1bf92a250b813993c51617f6e4.pdf,E:\byrdocs\9b019b1bf92a250b813993c51617f6e4.pdf,17276903,E:\byrdocs\9b019b1bf92a250b813993c51617f6e4.jpg,E:\byrdocs\9b019b1bf92a250b813993c51617f6e4.webp,,,https://byrdocs.org/files/9b019b1bf92a250b813993c51617f6e4.pdf
9b52c56aa058bc7b914b512be0e0f5a7,ready,include_after_storage_upload,doc,毛概大题整理,E:\byrdocs-archive\metadata\9b52c56aa058bc7b914b512be0e0f5a7.yml,9b52c56aa058bc7b914b512be0e0f5a7.pdf,E:\byrdocs\9b52c56aa058bc7b914b512be0e0f5a7.pdf,392573,E:\byrdocs\9b52c56aa058bc7b914b512be0e0f5a7.jpg,E:\byrdocs\9b52c56aa058bc7b914b512be0e0f5a7.webp,,,https://byrdocs.org/files/9b52c56aa058bc7b914b512be0e0f5a7.pdf
9bae6ac7ff8a25e5a294a312f99dde61,ready,include_after_storage_upload,book,现代密码学（第5版）,E:\byrdocs-archive\metadata\9bae6ac7ff8a25e5a294a312f99dde61.yml,9bae6ac7ff8a25e5a294a312f99dde61.pdf,E:\byrdocs\9bae6ac7ff8a25e5a294a312f99dde61.pdf,61369404,E:\byrdocs\9bae6ac7ff8a25e5a294a312f99dde61.jpg,E:\byrdocs\9bae6ac7ff8a25e5a294a312f99dde61.webp,,,https://byrdocs.org/files/9bae6ac7ff8a25e5a294a312f99dde61.pdf
9bb0ebe0b41bad93e859b82c24a88ddd,ready,include_after_storage_upload,test,线性代数,E:\byrdocs-archive\metadata\9bb0ebe0b41bad93e859b82c24a88ddd.yml,9bb0ebe0b41bad93e859b82c24a88ddd.pdf,E:\byrdocs\9bb0ebe0b41bad93e859b82c24a88ddd.pdf,7798589,E:\byrdocs\9bb0ebe0b41bad93e859b82c24a88ddd.jpg,E:\byrdocs\9bb0ebe0b41bad93e859b82c24a88ddd.webp,,,https://byrdocs.org/files/9bb0ebe0b41bad93e859b82c24a88ddd.pdf
9bb4dabaa9e2d8a428ad6c8fdfea67cd,ready,include_after_storage_upload,test,大学物理B（上）,E:\byrdocs-archive\metadata\9bb4dabaa9e2d8a428ad6c8fdfea67cd.yml,9bb4dabaa9e2d8a428ad6c8fdfea67cd.pdf,E:\byrdocs\9bb4dabaa9e2d8a428ad6c8fdfea67cd.pdf,558314,E:\byrdocs\9bb4dabaa9e2d8a428ad6c8fdfea67cd.jpg,E:\byrdocs\9bb4dabaa9e2d8a428ad6c8fdfea67cd.webp,,,https://byrdocs.org/files/9bb4dabaa9e2d8a428ad6c8fdfea67cd.pdf
9c16184da3ccf888c57fd8c27c5dd486,ready,include_after_storage_upload,test,大学物理B（下）,E:\byrdocs-archive\metadata\9c16184da3ccf888c57fd8c27c5dd486.yml,9c16184da3ccf888c57fd8c27c5dd486.pdf,E:\byrdocs\9c16184da3ccf888c57fd8c27c5dd486.pdf,448661,E:\byrdocs\9c16184da3ccf888c57fd8c27c5dd486.jpg,E:\byrdocs\9c16184da3ccf888c57fd8c27c5dd486.webp,,,https://byrdocs.org/files/9c16184da3ccf888c57fd8c27c5dd486.pdf
9c8f6b777fdeb9bb4c92fb3643a79ba6,ready,include_after_storage_upload,book,计算机网络（第5版）,E:\byrdocs-archive\metadata\9c8f6b777fdeb9bb4c92fb3643a79ba6.yml,9c8f6b777fdeb9bb4c92fb3643a79ba6.pdf,E:\byrdocs\9c8f6b777fdeb9bb4c92fb3643a79ba6.pdf,78537019,E:\byrdocs\9c8f6b777fdeb9bb4c92fb3643a79ba6.jpg,E:\byrdocs\9c8f6b777fdeb9bb4c92fb3643a79ba6.webp,,,https://byrdocs.org/files/9c8f6b777fdeb9bb4c92fb3643a79ba6.pdf
9cd6e80b0be9c88752df439a2ceb506d,ready,include_after_storage_upload,test,操作系统,E:\byrdocs-archive\metadata\9cd6e80b0be9c88752df439a2ceb506d.yml,9cd6e80b0be9c88752df439a2ceb506d.pdf,E:\byrdocs\9cd6e80b0be9c88752df439a2ceb506d.pdf,2119490,E:\byrdocs\9cd6e80b0be9c88752df439a2ceb506d.jpg,E:\byrdocs\9cd6e80b0be9c88752df439a2ceb506d.webp,,,https://byrdocs.org/files/9cd6e80b0be9c88752df439a2ceb506d.pdf
9cf559457f491ff55fce7e55e1887630,ready,include_after_storage_upload,test,电磁场与电磁波,E:\byrdocs-archive\metadata\9cf559457f491ff55fce7e55e1887630.yml,9cf559457f491ff55fce7e55e1887630.pdf,E:\byrdocs\9cf559457f491ff55fce7e55e1887630.pdf,350017,E:\byrdocs\9cf559457f491ff55fce7e55e1887630.jpg,E:\byrdocs\9cf559457f491ff55fce7e55e1887630.webp,,,https://byrdocs.org/files/9cf559457f491ff55fce7e55e1887630.pdf
9cf8fb936d5b8a3189eb5c63de1e6ada,ready,include_after_storage_upload,test,高等数学A（上）,E:\byrdocs-archive\metadata\9cf8fb936d5b8a3189eb5c63de1e6ada.yml,9cf8fb936d5b8a3189eb5c63de1e6ada.pdf,E:\byrdocs\9cf8fb936d5b8a3189eb5c63de1e6ada.pdf,3098994,E:\byrdocs\9cf8fb936d5b8a3189eb5c63de1e6ada.jpg,E:\byrdocs\9cf8fb936d5b8a3189eb5c63de1e6ada.webp,,,https://byrdocs.org/files/9cf8fb936d5b8a3189eb5c63de1e6ada.pdf
9d307b70f42afcf47baa779aab7aad69,ready,include_after_storage_upload,test,电路与电子学基础,E:\byrdocs-archive\metadata\9d307b70f42afcf47baa779aab7aad69.yml,9d307b70f42afcf47baa779aab7aad69.pdf,E:\byrdocs\9d307b70f42afcf47baa779aab7aad69.pdf,513415,E:\byrdocs\9d307b70f42afcf47baa779aab7aad69.jpg,E:\byrdocs\9d307b70f42afcf47baa779aab7aad69.webp,,,https://byrdocs.org/files/9d307b70f42afcf47baa779aab7aad69.pdf
9e0b827e78035eba4effa82a1ec0890e,ready,include_after_storage_upload,test,工科数学分析（上）,E:\byrdocs-archive\metadata\9e0b827e78035eba4effa82a1ec0890e.yml,9e0b827e78035eba4effa82a1ec0890e.pdf,E:\byrdocs\9e0b827e78035eba4effa82a1ec0890e.pdf,3196900,E:\byrdocs\9e0b827e78035eba4effa82a1ec0890e.jpg,E:\byrdocs\9e0b827e78035eba4effa82a1ec0890e.webp,,,https://byrdocs.org/files/9e0b827e78035eba4effa82a1ec0890e.pdf
9e6cade55a482829bc0429b8d0b80f9f,ready,include_after_storage_upload,book,电子电路基础,E:\byrdocs-archive\metadata\9e6cade55a482829bc0429b8d0b80f9f.yml,9e6cade55a482829bc0429b8d0b80f9f.pdf,E:\byrdocs\9e6cade55a482829bc0429b8d0b80f9f.pdf,107167356,E:\byrdocs\9e6cade55a482829bc0429b8d0b80f9f.jpg,E:\byrdocs\9e6cade55a482829bc0429b8d0b80f9f.webp,,,https://byrdocs.org/files/9e6cade55a482829bc0429b8d0b80f9f.pdf
9e97ba438d3141efff684e7e8e472f9d,ready,include_after_storage_upload,test,数学分析（上）,E:\byrdocs-archive\metadata\9e97ba438d3141efff684e7e8e472f9d.yml,9e97ba438d3141efff684e7e8e472f9d.pdf,E:\byrdocs\9e97ba438d3141efff684e7e8e472f9d.pdf,682866,E:\byrdocs\9e97ba438d3141efff684e7e8e472f9d.jpg,E:\byrdocs\9e97ba438d3141efff684e7e8e472f9d.webp,,,https://byrdocs.org/files/9e97ba438d3141efff684e7e8e472f9d.pdf
9eb33c0d2381d4d080212ac6497d55ae,ready,include_after_storage_upload,test,C/C++程序设计与编程方法,E:\byrdocs-archive\metadata\9eb33c0d2381d4d080212ac6497d55ae.yml,9eb33c0d2381d4d080212ac6497d55ae.pdf,E:\byrdocs\9eb33c0d2381d4d080212ac6497d55ae.pdf,682681,E:\byrdocs\9eb33c0d2381d4d080212ac6497d55ae.jpg,E:\byrdocs\9eb33c0d2381d4d080212ac6497d55ae.webp,,,https://byrdocs.org/files/9eb33c0d2381d4d080212ac6497d55ae.pdf
9eff34c3a234c283c66d477a38c9cc85,ready,include_after_storage_upload,book,线性代数（原书第9版）,E:\byrdocs-archive\metadata\9eff34c3a234c283c66d477a38c9cc85.yml,9eff34c3a234c283c66d477a38c9cc85.pdf,E:\byrdocs\9eff34c3a234c283c66d477a38c9cc85.pdf,87099360,E:\byrdocs\9eff34c3a234c283c66d477a38c9cc85.jpg,E:\byrdocs\9eff34c3a234c283c66d477a38c9cc85.webp,,,https://byrdocs.org/files/9eff34c3a234c283c66d477a38c9cc85.pdf
9f98a9d3ef6dd0692f443bab88e2a30c,ready,include_after_storage_upload,book,半导体物理学（第八版）,E:\byrdocs-archive\metadata\9f98a9d3ef6dd0692f443bab88e2a30c.yml,9f98a9d3ef6dd0692f443bab88e2a30c.pdf,E:\byrdocs\9f98a9d3ef6dd0692f443bab88e2a30c.pdf,51319818,E:\byrdocs\9f98a9d3ef6dd0692f443bab88e2a30c.jpg,E:\byrdocs\9f98a9d3ef6dd0692f443bab88e2a30c.webp,,,https://byrdocs.org/files/9f98a9d3ef6dd0692f443bab88e2a30c.pdf
9f9de1451759399fb877f998910b25c9,ready,include_after_storage_upload,book,Introduction to Linear Algebra,E:\byrdocs-archive\metadata\9f9de1451759399fb877f998910b25c9.yml,9f9de1451759399fb877f998910b25c9.pdf,E:\byrdocs\9f9de1451759399fb877f998910b25c9.pdf,62507516,E:\byrdocs\9f9de1451759399fb877f998910b25c9.jpg,E:\byrdocs\9f9de1451759399fb877f998910b25c9.webp,,,https://byrdocs.org/files/9f9de1451759399fb877f998910b25c9.pdf
9fda43284443e94dc953ed398bb3d0fd,ready,include_after_storage_upload,test,操作系统,E:\byrdocs-archive\metadata\9fda43284443e94dc953ed398bb3d0fd.yml,9fda43284443e94dc953ed398bb3d0fd.pdf,E:\byrdocs\9fda43284443e94dc953ed398bb3d0fd.pdf,1336474,E:\byrdocs\9fda43284443e94dc953ed398bb3d0fd.jpg,E:\byrdocs\9fda43284443e94dc953ed398bb3d0fd.webp,,,https://byrdocs.org/files/9fda43284443e94dc953ed398bb3d0fd.pdf
a068341adf389097090e9bf05d53c024,ready,include_after_storage_upload,doc,题库/模拟试卷,E:\byrdocs-archive\metadata\a068341adf389097090e9bf05d53c024.yml,a068341adf389097090e9bf05d53c024.pdf,E:\byrdocs\a068341adf389097090e9bf05d53c024.pdf,31897111,E:\byrdocs\a068341adf389097090e9bf05d53c024.jpg,E:\byrdocs\a068341adf389097090e9bf05d53c024.webp,,,https://byrdocs.org/files/a068341adf389097090e9bf05d53c024.pdf
a092293c13e73a66aec99e17ae9c347b,ready,include_after_storage_upload,book,大学英语实验教程（阅读）2,E:\byrdocs-archive\metadata\a092293c13e73a66aec99e17ae9c347b.yml,a092293c13e73a66aec99e17ae9c347b.pdf,E:\byrdocs\a092293c13e73a66aec99e17ae9c347b.pdf,5556433,E:\byrdocs\a092293c13e73a66aec99e17ae9c347b.jpg,E:\byrdocs\a092293c13e73a66aec99e17ae9c347b.webp,,,https://byrdocs.org/files/a092293c13e73a66aec99e17ae9c347b.pdf
a0f021c7953ac21fbd346d6e9d040908,ready,include_after_storage_upload,book,新时代中国特色社会主义理论与实践（2024年版）,E:\byrdocs-archive\metadata\a0f021c7953ac21fbd346d6e9d040908.yml,a0f021c7953ac21fbd346d6e9d040908.pdf,E:\byrdocs\a0f021c7953ac21fbd346d6e9d040908.pdf,57686238,E:\byrdocs\a0f021c7953ac21fbd346d6e9d040908.jpg,E:\byrdocs\a0f021c7953ac21fbd346d6e9d040908.webp,,,https://byrdocs.org/files/a0f021c7953ac21fbd346d6e9d040908.pdf
a16fab0fb37ef28bedcecd84cc8c09da,ready,include_after_storage_upload,test,电磁场与电磁波,E:\byrdocs-archive\metadata\a16fab0fb37ef28bedcecd84cc8c09da.yml,a16fab0fb37ef28bedcecd84cc8c09da.pdf,E:\byrdocs\a16fab0fb37ef28bedcecd84cc8c09da.pdf,206368,E:\byrdocs\a16fab0fb37ef28bedcecd84cc8c09da.jpg,E:\byrdocs\a16fab0fb37ef28bedcecd84cc8c09da.webp,,,https://byrdocs.org/files/a16fab0fb37ef28bedcecd84cc8c09da.pdf
a1952ba0675b00c391f2597098089287,ready,include_after_storage_upload,book,概率论与随机过程,E:\byrdocs-archive\metadata\a1952ba0675b00c391f2597098089287.yml,a1952ba0675b00c391f2597098089287.pdf,E:\byrdocs\a1952ba0675b00c391f2597098089287.pdf,6597348,E:\byrdocs\a1952ba0675b00c391f2597098089287.jpg,E:\byrdocs\a1952ba0675b00c391f2597098089287.webp,,,https://byrdocs.org/files/a1952ba0675b00c391f2597098089287.pdf
a1c22a40527f1488eb5afc7ea5e2d998,ready,include_after_storage_upload,book,高等数学学习指导与习题解析（第2版 上）,E:\byrdocs-archive\metadata\a1c22a40527f1488eb5afc7ea5e2d998.yml,a1c22a40527f1488eb5afc7ea5e2d998.pdf,E:\byrdocs\a1c22a40527f1488eb5afc7ea5e2d998.pdf,83779677,E:\byrdocs\a1c22a40527f1488eb5afc7ea5e2d998.jpg,E:\byrdocs\a1c22a40527f1488eb5afc7ea5e2d998.webp,,,https://byrdocs.org/files/a1c22a40527f1488eb5afc7ea5e2d998.pdf
a1e1a6de1fed7b4d0a0fc91337e7d6f4,ready,include_after_storage_upload,book,Computer Systems: A Programmer’s Perspective,E:\byrdocs-archive\metadata\a1e1a6de1fed7b4d0a0fc91337e7d6f4.yml,a1e1a6de1fed7b4d0a0fc91337e7d6f4.pdf,E:\byrdocs\a1e1a6de1fed7b4d0a0fc91337e7d6f4.pdf,4735224,E:\byrdocs\a1e1a6de1fed7b4d0a0fc91337e7d6f4.jpg,E:\byrdocs\a1e1a6de1fed7b4d0a0fc91337e7d6f4.webp,,,https://byrdocs.org/files/a1e1a6de1fed7b4d0a0fc91337e7d6f4.pdf
a25e88dc553d5607da3e3e1c8245928f,ready,include_after_storage_upload,test,计算机网络,E:\byrdocs-archive\metadata\a25e88dc553d5607da3e3e1c8245928f.yml,a25e88dc553d5607da3e3e1c8245928f.pdf,E:\byrdocs\a25e88dc553d5607da3e3e1c8245928f.pdf,729135,E:\byrdocs\a25e88dc553d5607da3e3e1c8245928f.jpg,E:\byrdocs\a25e88dc553d5607da3e3e1c8245928f.webp,,,https://byrdocs.org/files/a25e88dc553d5607da3e3e1c8245928f.pdf
a2a306f3b1f2d1743b78f6a9c452698d,ready,include_after_storage_upload,book,Б. П. 吉米多维奇数学分析习题集题解 2,E:\byrdocs-archive\metadata\a2a306f3b1f2d1743b78f6a9c452698d.yml,a2a306f3b1f2d1743b78f6a9c452698d.pdf,E:\byrdocs\a2a306f3b1f2d1743b78f6a9c452698d.pdf,7131099,E:\byrdocs\a2a306f3b1f2d1743b78f6a9c452698d.jpg,E:\byrdocs\a2a306f3b1f2d1743b78f6a9c452698d.webp,,,https://byrdocs.org/files/a2a306f3b1f2d1743b78f6a9c452698d.pdf
a38422429f1d5c2678a4d361a7b104ce,ready,include_after_storage_upload,test,概率论与数理统计,E:\byrdocs-archive\metadata\a38422429f1d5c2678a4d361a7b104ce.yml,a38422429f1d5c2678a4d361a7b104ce.pdf,E:\byrdocs\a38422429f1d5c2678a4d361a7b104ce.pdf,324281,E:\byrdocs\a38422429f1d5c2678a4d361a7b104ce.jpg,E:\byrdocs\a38422429f1d5c2678a4d361a7b104ce.webp,,,https://byrdocs.org/files/a38422429f1d5c2678a4d361a7b104ce.pdf
a3b79074e13db7f2d1c584fe893ed666,ready,include_after_storage_upload,test,习近平新时代中国特色社会主义思想概论,E:\byrdocs-archive\metadata\a3b79074e13db7f2d1c584fe893ed666.yml,a3b79074e13db7f2d1c584fe893ed666.pdf,E:\byrdocs\a3b79074e13db7f2d1c584fe893ed666.pdf,702192,E:\byrdocs\a3b79074e13db7f2d1c584fe893ed666.jpg,E:\byrdocs\a3b79074e13db7f2d1c584fe893ed666.webp,,,https://byrdocs.org/files/a3b79074e13db7f2d1c584fe893ed666.pdf
a3c583b29f0ae7dcd1d675e6c6bb50c3,ready,include_after_storage_upload,book,计算机算法设计与分析习题解答,E:\byrdocs-archive\metadata\a3c583b29f0ae7dcd1d675e6c6bb50c3.yml,a3c583b29f0ae7dcd1d675e6c6bb50c3.pdf,E:\byrdocs\a3c583b29f0ae7dcd1d675e6c6bb50c3.pdf,50093310,E:\byrdocs\a3c583b29f0ae7dcd1d675e6c6bb50c3.jpg,E:\byrdocs\a3c583b29f0ae7dcd1d675e6c6bb50c3.webp,,,https://byrdocs.org/files/a3c583b29f0ae7dcd1d675e6c6bb50c3.pdf
a42ffb116c332fcfb2b1d12a81b05658,ready,include_after_storage_upload,book,新概念物理教程 量子物理,E:\byrdocs-archive\metadata\a42ffb116c332fcfb2b1d12a81b05658.yml,a42ffb116c332fcfb2b1d12a81b05658.pdf,E:\byrdocs\a42ffb116c332fcfb2b1d12a81b05658.pdf,67912108,E:\byrdocs\a42ffb116c332fcfb2b1d12a81b05658.jpg,E:\byrdocs\a42ffb116c332fcfb2b1d12a81b05658.webp,,,https://byrdocs.org/files/a42ffb116c332fcfb2b1d12a81b05658.pdf
a4519c1f1af6967b1b7bf274ae7c2ff6,ready,include_after_storage_upload,test,网络信息系统基础,E:\byrdocs-archive\metadata\a4519c1f1af6967b1b7bf274ae7c2ff6.yml,a4519c1f1af6967b1b7bf274ae7c2ff6.pdf,E:\byrdocs\a4519c1f1af6967b1b7bf274ae7c2ff6.pdf,776494,E:\byrdocs\a4519c1f1af6967b1b7bf274ae7c2ff6.jpg,E:\byrdocs\a4519c1f1af6967b1b7bf274ae7c2ff6.webp,,,https://byrdocs.org/files/a4519c1f1af6967b1b7bf274ae7c2ff6.pdf
a488db9712180d4448769f77d2aef8e5,ready,include_after_storage_upload,test,计算机组成原理,E:\byrdocs-archive\metadata\a488db9712180d4448769f77d2aef8e5.yml,a488db9712180d4448769f77d2aef8e5.pdf,E:\byrdocs\a488db9712180d4448769f77d2aef8e5.pdf,275808,E:\byrdocs\a488db9712180d4448769f77d2aef8e5.jpg,E:\byrdocs\a488db9712180d4448769f77d2aef8e5.webp,,,https://byrdocs.org/files/a488db9712180d4448769f77d2aef8e5.pdf
a4c9ff7a62a3193849ba750bd242fce0,ready,include_after_storage_upload,book,"演讲的艺术教师用书：第10版：中国版/The Art of Public Speaking Teacher’s Manual, Tenth Edition, Specially adapted for Chinese readers",E:\byrdocs-archive\metadata\a4c9ff7a62a3193849ba750bd242fce0.yml,a4c9ff7a62a3193849ba750bd242fce0.pdf,E:\byrdocs\a4c9ff7a62a3193849ba750bd242fce0.pdf,41062543,E:\byrdocs\a4c9ff7a62a3193849ba750bd242fce0.jpg,E:\byrdocs\a4c9ff7a62a3193849ba750bd242fce0.webp,,,https://byrdocs.org/files/a4c9ff7a62a3193849ba750bd242fce0.pdf
a4ff746ae5086e10f5607880542519d6,ready,include_after_storage_upload,doc,软件工程选择填空集锦,E:\byrdocs-archive\metadata\a4ff746ae5086e10f5607880542519d6.yml,a4ff746ae5086e10f5607880542519d6.pdf,E:\byrdocs\a4ff746ae5086e10f5607880542519d6.pdf,372971,E:\byrdocs\a4ff746ae5086e10f5607880542519d6.jpg,E:\byrdocs\a4ff746ae5086e10f5607880542519d6.webp,,,https://byrdocs.org/files/a4ff746ae5086e10f5607880542519d6.pdf
a507c842ac89e7fee335756ebc67e46d,ready,include_after_storage_upload,test,模拟集成电路设计,E:\byrdocs-archive\metadata\a507c842ac89e7fee335756ebc67e46d.yml,a507c842ac89e7fee335756ebc67e46d.pdf,E:\byrdocs\a507c842ac89e7fee335756ebc67e46d.pdf,263473,E:\byrdocs\a507c842ac89e7fee335756ebc67e46d.jpg,E:\byrdocs\a507c842ac89e7fee335756ebc67e46d.webp,,,https://byrdocs.org/files/a507c842ac89e7fee335756ebc67e46d.pdf
a53505202b9c9ce55259e1ff3d707ac1,ready,include_after_storage_upload,book,数字电路与逻辑设计：慕课版,E:\byrdocs-archive\metadata\a53505202b9c9ce55259e1ff3d707ac1.yml,a53505202b9c9ce55259e1ff3d707ac1.pdf,E:\byrdocs\a53505202b9c9ce55259e1ff3d707ac1.pdf,203372832,E:\byrdocs\a53505202b9c9ce55259e1ff3d707ac1.jpg,E:\byrdocs\a53505202b9c9ce55259e1ff3d707ac1.webp,,,https://byrdocs.org/files/a53505202b9c9ce55259e1ff3d707ac1.pdf
a5e7760d89965fdf30af34987033900a,ready,include_after_storage_upload,test,概率论与随机过程,E:\byrdocs-archive\metadata\a5e7760d89965fdf30af34987033900a.yml,a5e7760d89965fdf30af34987033900a.pdf,E:\byrdocs\a5e7760d89965fdf30af34987033900a.pdf,92610,E:\byrdocs\a5e7760d89965fdf30af34987033900a.jpg,E:\byrdocs\a5e7760d89965fdf30af34987033900a.webp,,,https://byrdocs.org/files/a5e7760d89965fdf30af34987033900a.pdf
a662f6e98ba793412ec9c7df6f217c1b,ready,include_after_storage_upload,book,工程数学 复变函数（第四版）学习辅导与习题选解,E:\byrdocs-archive\metadata\a662f6e98ba793412ec9c7df6f217c1b.yml,a662f6e98ba793412ec9c7df6f217c1b.pdf,E:\byrdocs\a662f6e98ba793412ec9c7df6f217c1b.pdf,23553373,E:\byrdocs\a662f6e98ba793412ec9c7df6f217c1b.jpg,E:\byrdocs\a662f6e98ba793412ec9c7df6f217c1b.webp,,,https://byrdocs.org/files/a662f6e98ba793412ec9c7df6f217c1b.pdf
a6d9998021105040e128b1697a85740c,ready,include_after_storage_upload,doc,算法设计与分析-知识点,E:\byrdocs-archive\metadata\a6d9998021105040e128b1697a85740c.yml,a6d9998021105040e128b1697a85740c.pdf,E:\byrdocs\a6d9998021105040e128b1697a85740c.pdf,15128287,E:\byrdocs\a6d9998021105040e128b1697a85740c.jpg,E:\byrdocs\a6d9998021105040e128b1697a85740c.webp,,,https://byrdocs.org/files/a6d9998021105040e128b1697a85740c.pdf
a71b86146e27a04b8c6b82840d1d6e89,ready,include_after_storage_upload,book,计算机组成原理：立体化教材,E:\byrdocs-archive\metadata\a71b86146e27a04b8c6b82840d1d6e89.yml,a71b86146e27a04b8c6b82840d1d6e89.pdf,E:\byrdocs\a71b86146e27a04b8c6b82840d1d6e89.pdf,47723088,E:\byrdocs\a71b86146e27a04b8c6b82840d1d6e89.jpg,E:\byrdocs\a71b86146e27a04b8c6b82840d1d6e89.webp,,,https://byrdocs.org/files/a71b86146e27a04b8c6b82840d1d6e89.pdf
a720936bb10d84eda45ac6dcaad26e9d,ready,include_after_storage_upload,book,计算机算法设计与分析,E:\byrdocs-archive\metadata\a720936bb10d84eda45ac6dcaad26e9d.yml,a720936bb10d84eda45ac6dcaad26e9d.pdf,E:\byrdocs\a720936bb10d84eda45ac6dcaad26e9d.pdf,78240095,E:\byrdocs\a720936bb10d84eda45ac6dcaad26e9d.jpg,E:\byrdocs\a720936bb10d84eda45ac6dcaad26e9d.webp,,,https://byrdocs.org/files/a720936bb10d84eda45ac6dcaad26e9d.pdf
a721ecde2dde9effb76768da391ac497,ready,include_after_storage_upload,doc,学解 考试宝典 电路,E:\byrdocs-archive\metadata\a721ecde2dde9effb76768da391ac497.yml,a721ecde2dde9effb76768da391ac497.pdf,E:\byrdocs\a721ecde2dde9effb76768da391ac497.pdf,101067266,E:\byrdocs\a721ecde2dde9effb76768da391ac497.jpg,E:\byrdocs\a721ecde2dde9effb76768da391ac497.webp,,,https://byrdocs.org/files/a721ecde2dde9effb76768da391ac497.pdf
a7293963f42ba93e91771a80b06802b3,ready,include_after_storage_upload,book,现代交换技术教程,E:\byrdocs-archive\metadata\a7293963f42ba93e91771a80b06802b3.yml,a7293963f42ba93e91771a80b06802b3.pdf,E:\byrdocs\a7293963f42ba93e91771a80b06802b3.pdf,12084516,E:\byrdocs\a7293963f42ba93e91771a80b06802b3.jpg,E:\byrdocs\a7293963f42ba93e91771a80b06802b3.webp,,,https://byrdocs.org/files/a7293963f42ba93e91771a80b06802b3.pdf
a7961830bacf31134572e8d2ccfe9dc8,ready,include_after_storage_upload,test,高等数学B（上）,E:\byrdocs-archive\metadata\a7961830bacf31134572e8d2ccfe9dc8.yml,a7961830bacf31134572e8d2ccfe9dc8.pdf,E:\byrdocs\a7961830bacf31134572e8d2ccfe9dc8.pdf,1198977,E:\byrdocs\a7961830bacf31134572e8d2ccfe9dc8.jpg,E:\byrdocs\a7961830bacf31134572e8d2ccfe9dc8.webp,,,https://byrdocs.org/files/a7961830bacf31134572e8d2ccfe9dc8.pdf
a82deed08ed4cf1e9300536088f13286,ready,include_after_storage_upload,test,高等数学（下）,E:\byrdocs-archive\metadata\a82deed08ed4cf1e9300536088f13286.yml,a82deed08ed4cf1e9300536088f13286.pdf,E:\byrdocs\a82deed08ed4cf1e9300536088f13286.pdf,387294,E:\byrdocs\a82deed08ed4cf1e9300536088f13286.jpg,E:\byrdocs\a82deed08ed4cf1e9300536088f13286.webp,,,https://byrdocs.org/files/a82deed08ed4cf1e9300536088f13286.pdf
a983a63777c459bd1e1e400afa1a70ac,ready,include_after_storage_upload,book,大学物理学（上册）,E:\byrdocs-archive\metadata\a983a63777c459bd1e1e400afa1a70ac.yml,a983a63777c459bd1e1e400afa1a70ac.pdf,E:\byrdocs\a983a63777c459bd1e1e400afa1a70ac.pdf,107773546,E:\byrdocs\a983a63777c459bd1e1e400afa1a70ac.jpg,E:\byrdocs\a983a63777c459bd1e1e400afa1a70ac.webp,,,https://byrdocs.org/files/a983a63777c459bd1e1e400afa1a70ac.pdf
a986cb9a111d95d7ca8f9715b2a72bed,ready,include_after_storage_upload,test,大学物理E（上）,E:\byrdocs-archive\metadata\a986cb9a111d95d7ca8f9715b2a72bed.yml,a986cb9a111d95d7ca8f9715b2a72bed.pdf,E:\byrdocs\a986cb9a111d95d7ca8f9715b2a72bed.pdf,1622549,E:\byrdocs\a986cb9a111d95d7ca8f9715b2a72bed.jpg,E:\byrdocs\a986cb9a111d95d7ca8f9715b2a72bed.webp,,,https://byrdocs.org/files/a986cb9a111d95d7ca8f9715b2a72bed.pdf
a9be7e1dc5830e0ee04e9964fb9e84dc,ready,include_after_storage_upload,test,高等数学A（上）,E:\byrdocs-archive\metadata\a9be7e1dc5830e0ee04e9964fb9e84dc.yml,a9be7e1dc5830e0ee04e9964fb9e84dc.pdf,E:\byrdocs\a9be7e1dc5830e0ee04e9964fb9e84dc.pdf,2206108,E:\byrdocs\a9be7e1dc5830e0ee04e9964fb9e84dc.jpg,E:\byrdocs\a9be7e1dc5830e0ee04e9964fb9e84dc.webp,,,https://byrdocs.org/files/a9be7e1dc5830e0ee04e9964fb9e84dc.pdf
a9d542dc0d20596b21368f82bc6a2282,ready,include_after_storage_upload,test,通信原理,E:\byrdocs-archive\metadata\a9d542dc0d20596b21368f82bc6a2282.yml,a9d542dc0d20596b21368f82bc6a2282.pdf,E:\byrdocs\a9d542dc0d20596b21368f82bc6a2282.pdf,190973,E:\byrdocs\a9d542dc0d20596b21368f82bc6a2282.jpg,E:\byrdocs\a9d542dc0d20596b21368f82bc6a2282.webp,,,https://byrdocs.org/files/a9d542dc0d20596b21368f82bc6a2282.pdf
a9f888544171a632cb9e304501f3c20c,ready,include_after_storage_upload,test,数学分析（上）,E:\byrdocs-archive\metadata\a9f888544171a632cb9e304501f3c20c.yml,a9f888544171a632cb9e304501f3c20c.pdf,E:\byrdocs\a9f888544171a632cb9e304501f3c20c.pdf,375134,E:\byrdocs\a9f888544171a632cb9e304501f3c20c.jpg,E:\byrdocs\a9f888544171a632cb9e304501f3c20c.webp,,,https://byrdocs.org/files/a9f888544171a632cb9e304501f3c20c.pdf
aa2c06c92dd5aefa786335ebb4bb2b91,ready,include_after_storage_upload,test,概率论与数理统计,E:\byrdocs-archive\metadata\aa2c06c92dd5aefa786335ebb4bb2b91.yml,aa2c06c92dd5aefa786335ebb4bb2b91.pdf,E:\byrdocs\aa2c06c92dd5aefa786335ebb4bb2b91.pdf,217215,E:\byrdocs\aa2c06c92dd5aefa786335ebb4bb2b91.jpg,E:\byrdocs\aa2c06c92dd5aefa786335ebb4bb2b91.webp,,,https://byrdocs.org/files/aa2c06c92dd5aefa786335ebb4bb2b91.pdf
aa7e1292e78d57fbc43ac1c5fa417774,ready,include_after_storage_upload,book,数字电路与逻辑设计,E:\byrdocs-archive\metadata\aa7e1292e78d57fbc43ac1c5fa417774.yml,aa7e1292e78d57fbc43ac1c5fa417774.pdf,E:\byrdocs\aa7e1292e78d57fbc43ac1c5fa417774.pdf,130214044,E:\byrdocs\aa7e1292e78d57fbc43ac1c5fa417774.jpg,E:\byrdocs\aa7e1292e78d57fbc43ac1c5fa417774.webp,,,https://byrdocs.org/files/aa7e1292e78d57fbc43ac1c5fa417774.pdf
aa9e3acac26664c8f44bd88e769d630c,ready,include_after_storage_upload,test,python编程与实践,E:\byrdocs-archive\metadata\aa9e3acac26664c8f44bd88e769d630c.yml,aa9e3acac26664c8f44bd88e769d630c.pdf,E:\byrdocs\aa9e3acac26664c8f44bd88e769d630c.pdf,443924,E:\byrdocs\aa9e3acac26664c8f44bd88e769d630c.jpg,E:\byrdocs\aa9e3acac26664c8f44bd88e769d630c.webp,,,https://byrdocs.org/files/aa9e3acac26664c8f44bd88e769d630c.pdf
aaa5f2209065f3551df8a800a84725df,ready,include_after_storage_upload,test,高等数学A（上）,E:\byrdocs-archive\metadata\aaa5f2209065f3551df8a800a84725df.yml,aaa5f2209065f3551df8a800a84725df.pdf,E:\byrdocs\aaa5f2209065f3551df8a800a84725df.pdf,4469981,E:\byrdocs\aaa5f2209065f3551df8a800a84725df.jpg,E:\byrdocs\aaa5f2209065f3551df8a800a84725df.webp,,,https://byrdocs.org/files/aaa5f2209065f3551df8a800a84725df.pdf
aba3fe568ae8ba438347fd713dd80bab,ready,include_after_storage_upload,book,计算机程序的构造和解释（原书第2版）,E:\byrdocs-archive\metadata\aba3fe568ae8ba438347fd713dd80bab.yml,aba3fe568ae8ba438347fd713dd80bab.pdf,E:\byrdocs\aba3fe568ae8ba438347fd713dd80bab.pdf,26902544,E:\byrdocs\aba3fe568ae8ba438347fd713dd80bab.jpg,E:\byrdocs\aba3fe568ae8ba438347fd713dd80bab.webp,,,https://byrdocs.org/files/aba3fe568ae8ba438347fd713dd80bab.pdf
abaf349176a58385e0b73fbe76a585f3,ready,include_after_storage_upload,test,电磁场与电磁波,E:\byrdocs-archive\metadata\abaf349176a58385e0b73fbe76a585f3.yml,abaf349176a58385e0b73fbe76a585f3.pdf,E:\byrdocs\abaf349176a58385e0b73fbe76a585f3.pdf,371425,E:\byrdocs\abaf349176a58385e0b73fbe76a585f3.jpg,E:\byrdocs\abaf349176a58385e0b73fbe76a585f3.webp,,,https://byrdocs.org/files/abaf349176a58385e0b73fbe76a585f3.pdf
abbca304e38fa2da7a618a9c0b97be6c,ready,include_after_storage_upload,test,计算机导论,E:\byrdocs-archive\metadata\abbca304e38fa2da7a618a9c0b97be6c.yml,abbca304e38fa2da7a618a9c0b97be6c.pdf,E:\byrdocs\abbca304e38fa2da7a618a9c0b97be6c.pdf,3593475,E:\byrdocs\abbca304e38fa2da7a618a9c0b97be6c.jpg,E:\byrdocs\abbca304e38fa2da7a618a9c0b97be6c.webp,,,https://byrdocs.org/files/abbca304e38fa2da7a618a9c0b97be6c.pdf
abfc2cf7a88488c8cc474c26de5c957e,ready,include_after_storage_upload,test,数学分析（下）,E:\byrdocs-archive\metadata\abfc2cf7a88488c8cc474c26de5c957e.yml,abfc2cf7a88488c8cc474c26de5c957e.pdf,E:\byrdocs\abfc2cf7a88488c8cc474c26de5c957e.pdf,249819,E:\byrdocs\abfc2cf7a88488c8cc474c26de5c957e.jpg,E:\byrdocs\abfc2cf7a88488c8cc474c26de5c957e.webp,,,https://byrdocs.org/files/abfc2cf7a88488c8cc474c26de5c957e.pdf
ac125eb2cebaba49bf3d78672d915a0b,ready,include_after_storage_upload,book,复分析 可视化方法,E:\byrdocs-archive\metadata\ac125eb2cebaba49bf3d78672d915a0b.yml,ac125eb2cebaba49bf3d78672d915a0b.pdf,E:\byrdocs\ac125eb2cebaba49bf3d78672d915a0b.pdf,48518211,E:\byrdocs\ac125eb2cebaba49bf3d78672d915a0b.jpg,E:\byrdocs\ac125eb2cebaba49bf3d78672d915a0b.webp,,,https://byrdocs.org/files/ac125eb2cebaba49bf3d78672d915a0b.pdf
ac14f08c4821f738a45b467558196387,ready,include_after_storage_upload,book,理论物理学教程 第8卷 连续介质电动力学 第4版,E:\byrdocs-archive\metadata\ac14f08c4821f738a45b467558196387.yml,ac14f08c4821f738a45b467558196387.pdf,E:\byrdocs\ac14f08c4821f738a45b467558196387.pdf,32922868,E:\byrdocs\ac14f08c4821f738a45b467558196387.jpg,E:\byrdocs\ac14f08c4821f738a45b467558196387.webp,,,https://byrdocs.org/files/ac14f08c4821f738a45b467558196387.pdf
ac3ed96db796aa04ac56c486573df72f,ready,include_after_storage_upload,book,马克思主义基本原理：2023年版,E:\byrdocs-archive\metadata\ac3ed96db796aa04ac56c486573df72f.yml,ac3ed96db796aa04ac56c486573df72f.pdf,E:\byrdocs\ac3ed96db796aa04ac56c486573df72f.pdf,21321484,E:\byrdocs\ac3ed96db796aa04ac56c486573df72f.jpg,E:\byrdocs\ac3ed96db796aa04ac56c486573df72f.webp,,,https://byrdocs.org/files/ac3ed96db796aa04ac56c486573df72f.pdf
ac4ef91d0d8f9b9b840a413d86994594,ready,include_after_storage_upload,book,复变函数论,E:\byrdocs-archive\metadata\ac4ef91d0d8f9b9b840a413d86994594.yml,ac4ef91d0d8f9b9b840a413d86994594.pdf,E:\byrdocs\ac4ef91d0d8f9b9b840a413d86994594.pdf,82250372,E:\byrdocs\ac4ef91d0d8f9b9b840a413d86994594.jpg,E:\byrdocs\ac4ef91d0d8f9b9b840a413d86994594.webp,,,https://byrdocs.org/files/ac4ef91d0d8f9b9b840a413d86994594.pdf
aca7d97687a23dfe00b815d44b2e2daf,ready,include_after_storage_upload,book,计算几何：算法与应用,E:\byrdocs-archive\metadata\aca7d97687a23dfe00b815d44b2e2daf.yml,aca7d97687a23dfe00b815d44b2e2daf.pdf,E:\byrdocs\aca7d97687a23dfe00b815d44b2e2daf.pdf,5723716,E:\byrdocs\aca7d97687a23dfe00b815d44b2e2daf.jpg,E:\byrdocs\aca7d97687a23dfe00b815d44b2e2daf.webp,,,https://byrdocs.org/files/aca7d97687a23dfe00b815d44b2e2daf.pdf
acaa28a9381ab134352f2d499eab39db,ready,include_after_storage_upload,doc,电路分析基础俎云霄 课后答案,E:\byrdocs-archive\metadata\acaa28a9381ab134352f2d499eab39db.yml,acaa28a9381ab134352f2d499eab39db.pdf,E:\byrdocs\acaa28a9381ab134352f2d499eab39db.pdf,4429472,E:\byrdocs\acaa28a9381ab134352f2d499eab39db.jpg,E:\byrdocs\acaa28a9381ab134352f2d499eab39db.webp,,,https://byrdocs.org/files/acaa28a9381ab134352f2d499eab39db.pdf
acb674edeea9e45d58c94016b13351a5,ready,include_after_storage_upload,doc,《微波工程基础》实验教学手册,E:\byrdocs-archive\metadata\acb674edeea9e45d58c94016b13351a5.yml,acb674edeea9e45d58c94016b13351a5.pdf,E:\byrdocs\acb674edeea9e45d58c94016b13351a5.pdf,4589642,E:\byrdocs\acb674edeea9e45d58c94016b13351a5.jpg,E:\byrdocs\acb674edeea9e45d58c94016b13351a5.webp,,,https://byrdocs.org/files/acb674edeea9e45d58c94016b13351a5.pdf
acbeab0ceaf07c0fa36a24c8a7093713,ready,include_after_storage_upload,book,计算机系统结构实践教程,E:\byrdocs-archive\metadata\acbeab0ceaf07c0fa36a24c8a7093713.yml,acbeab0ceaf07c0fa36a24c8a7093713.pdf,E:\byrdocs\acbeab0ceaf07c0fa36a24c8a7093713.pdf,26020985,E:\byrdocs\acbeab0ceaf07c0fa36a24c8a7093713.jpg,E:\byrdocs\acbeab0ceaf07c0fa36a24c8a7093713.webp,,,https://byrdocs.org/files/acbeab0ceaf07c0fa36a24c8a7093713.pdf
ad4d3ada914782f60c0293008d1ce996,ready,include_after_storage_upload,doc,毛概笔记,E:\byrdocs-archive\metadata\ad4d3ada914782f60c0293008d1ce996.yml,ad4d3ada914782f60c0293008d1ce996.zip,E:\byrdocs\ad4d3ada914782f60c0293008d1ce996.zip,43580838,E:\byrdocs\ad4d3ada914782f60c0293008d1ce996.jpg,E:\byrdocs\ad4d3ada914782f60c0293008d1ce996.webp,,,https://byrdocs.org/files/ad4d3ada914782f60c0293008d1ce996.zip
adb827ed398cf93b11aa228267a484ff,ready,include_after_storage_upload,doc,新版各章书后习题答案,E:\byrdocs-archive\metadata\adb827ed398cf93b11aa228267a484ff.yml,adb827ed398cf93b11aa228267a484ff.zip,E:\byrdocs\adb827ed398cf93b11aa228267a484ff.zip,258065,E:\byrdocs\adb827ed398cf93b11aa228267a484ff.jpg,E:\byrdocs\adb827ed398cf93b11aa228267a484ff.webp,,,https://byrdocs.org/files/adb827ed398cf93b11aa228267a484ff.zip
ae27566e3d3bb6bd72122715aee62b5b,ready,include_after_storage_upload,book,现代密码学教程,E:\byrdocs-archive\metadata\ae27566e3d3bb6bd72122715aee62b5b.yml,ae27566e3d3bb6bd72122715aee62b5b.pdf,E:\byrdocs\ae27566e3d3bb6bd72122715aee62b5b.pdf,177230849,E:\byrdocs\ae27566e3d3bb6bd72122715aee62b5b.jpg,E:\byrdocs\ae27566e3d3bb6bd72122715aee62b5b.webp,,,https://byrdocs.org/files/ae27566e3d3bb6bd72122715aee62b5b.pdf
ae5829ab322376d741c86369e6f3bc33,ready,include_after_storage_upload,test,形式语言与自动机,E:\byrdocs-archive\metadata\ae5829ab322376d741c86369e6f3bc33.yml,ae5829ab322376d741c86369e6f3bc33.pdf,E:\byrdocs\ae5829ab322376d741c86369e6f3bc33.pdf,388673,E:\byrdocs\ae5829ab322376d741c86369e6f3bc33.jpg,E:\byrdocs\ae5829ab322376d741c86369e6f3bc33.webp,,,https://byrdocs.org/files/ae5829ab322376d741c86369e6f3bc33.pdf
ae5bfd346a394d81aec5cd07d5f82afb,ready,include_after_storage_upload,test,信号与系统,E:\byrdocs-archive\metadata\ae5bfd346a394d81aec5cd07d5f82afb.yml,ae5bfd346a394d81aec5cd07d5f82afb.pdf,E:\byrdocs\ae5bfd346a394d81aec5cd07d5f82afb.pdf,1515484,E:\byrdocs\ae5bfd346a394d81aec5cd07d5f82afb.jpg,E:\byrdocs\ae5bfd346a394d81aec5cd07d5f82afb.webp,,,https://byrdocs.org/files/ae5bfd346a394d81aec5cd07d5f82afb.pdf
ae68425b5c0e62962b2a03ac644b0d19,ready,include_after_storage_upload,test,线性代数,E:\byrdocs-archive\metadata\ae68425b5c0e62962b2a03ac644b0d19.yml,ae68425b5c0e62962b2a03ac644b0d19.pdf,E:\byrdocs\ae68425b5c0e62962b2a03ac644b0d19.pdf,2385172,E:\byrdocs\ae68425b5c0e62962b2a03ac644b0d19.jpg,E:\byrdocs\ae68425b5c0e62962b2a03ac644b0d19.webp,,,https://byrdocs.org/files/ae68425b5c0e62962b2a03ac644b0d19.pdf
aefd9e1e13c98090575d8f4cd8b6a2af,ready,include_after_storage_upload,test,算法设计与分析,E:\byrdocs-archive\metadata\aefd9e1e13c98090575d8f4cd8b6a2af.yml,aefd9e1e13c98090575d8f4cd8b6a2af.pdf,E:\byrdocs\aefd9e1e13c98090575d8f4cd8b6a2af.pdf,308950,E:\byrdocs\aefd9e1e13c98090575d8f4cd8b6a2af.jpg,E:\byrdocs\aefd9e1e13c98090575d8f4cd8b6a2af.webp,,,https://byrdocs.org/files/aefd9e1e13c98090575d8f4cd8b6a2af.pdf
af3954f8a27425257b14c1326cc082a3,ready,include_after_storage_upload,book,软件工程与安全,E:\byrdocs-archive\metadata\af3954f8a27425257b14c1326cc082a3.yml,af3954f8a27425257b14c1326cc082a3.pdf,E:\byrdocs\af3954f8a27425257b14c1326cc082a3.pdf,394384740,E:\byrdocs\af3954f8a27425257b14c1326cc082a3.jpg,E:\byrdocs\af3954f8a27425257b14c1326cc082a3.webp,,,https://byrdocs.org/files/af3954f8a27425257b14c1326cc082a3.pdf
afa5424b23e2a1ed614ac3cca4dfdc7b,ready,include_after_storage_upload,test,编译原理与技术,E:\byrdocs-archive\metadata\afa5424b23e2a1ed614ac3cca4dfdc7b.yml,afa5424b23e2a1ed614ac3cca4dfdc7b.pdf,E:\byrdocs\afa5424b23e2a1ed614ac3cca4dfdc7b.pdf,302067,E:\byrdocs\afa5424b23e2a1ed614ac3cca4dfdc7b.jpg,E:\byrdocs\afa5424b23e2a1ed614ac3cca4dfdc7b.webp,,,https://byrdocs.org/files/afa5424b23e2a1ed614ac3cca4dfdc7b.pdf
afd7172379c2bf6e2e3cee16f072c9dc,ready,include_after_storage_upload,doc,信号与系统期末串讲,E:\byrdocs-archive\metadata\afd7172379c2bf6e2e3cee16f072c9dc.yml,afd7172379c2bf6e2e3cee16f072c9dc.pdf,E:\byrdocs\afd7172379c2bf6e2e3cee16f072c9dc.pdf,19139308,E:\byrdocs\afd7172379c2bf6e2e3cee16f072c9dc.jpg,E:\byrdocs\afd7172379c2bf6e2e3cee16f072c9dc.webp,,,https://byrdocs.org/files/afd7172379c2bf6e2e3cee16f072c9dc.pdf
b0bb0477e6bb5dbca9520c3bf0222cb4,ready,include_after_storage_upload,test,计算机网络,E:\byrdocs-archive\metadata\b0bb0477e6bb5dbca9520c3bf0222cb4.yml,b0bb0477e6bb5dbca9520c3bf0222cb4.pdf,E:\byrdocs\b0bb0477e6bb5dbca9520c3bf0222cb4.pdf,3731378,E:\byrdocs\b0bb0477e6bb5dbca9520c3bf0222cb4.jpg,E:\byrdocs\b0bb0477e6bb5dbca9520c3bf0222cb4.webp,,,https://byrdocs.org/files/b0bb0477e6bb5dbca9520c3bf0222cb4.pdf
b12db1258282aa42b5357bfbc0a48624,ready,include_after_storage_upload,test,电磁场与电磁波,E:\byrdocs-archive\metadata\b12db1258282aa42b5357bfbc0a48624.yml,b12db1258282aa42b5357bfbc0a48624.pdf,E:\byrdocs\b12db1258282aa42b5357bfbc0a48624.pdf,401539,E:\byrdocs\b12db1258282aa42b5357bfbc0a48624.jpg,E:\byrdocs\b12db1258282aa42b5357bfbc0a48624.webp,,,https://byrdocs.org/files/b12db1258282aa42b5357bfbc0a48624.pdf
b13fb7384a17d2ed5db46ee98e201a21,ready,include_after_storage_upload,test,离散数学,E:\byrdocs-archive\metadata\b13fb7384a17d2ed5db46ee98e201a21.yml,b13fb7384a17d2ed5db46ee98e201a21.pdf,E:\byrdocs\b13fb7384a17d2ed5db46ee98e201a21.pdf,7084240,E:\byrdocs\b13fb7384a17d2ed5db46ee98e201a21.jpg,E:\byrdocs\b13fb7384a17d2ed5db46ee98e201a21.webp,,,https://byrdocs.org/files/b13fb7384a17d2ed5db46ee98e201a21.pdf
b1b225cd917581dafb2714cf48b99dc5,ready,include_after_storage_upload,test,概率论与数理统计,E:\byrdocs-archive\metadata\b1b225cd917581dafb2714cf48b99dc5.yml,b1b225cd917581dafb2714cf48b99dc5.pdf,E:\byrdocs\b1b225cd917581dafb2714cf48b99dc5.pdf,421898,E:\byrdocs\b1b225cd917581dafb2714cf48b99dc5.jpg,E:\byrdocs\b1b225cd917581dafb2714cf48b99dc5.webp,,,https://byrdocs.org/files/b1b225cd917581dafb2714cf48b99dc5.pdf
b2b1c0278a27833abe09343a9c5fa254,ready,include_after_storage_upload,test,形式语言与自动机,E:\byrdocs-archive\metadata\b2b1c0278a27833abe09343a9c5fa254.yml,b2b1c0278a27833abe09343a9c5fa254.pdf,E:\byrdocs\b2b1c0278a27833abe09343a9c5fa254.pdf,189101,E:\byrdocs\b2b1c0278a27833abe09343a9c5fa254.jpg,E:\byrdocs\b2b1c0278a27833abe09343a9c5fa254.webp,,,https://byrdocs.org/files/b2b1c0278a27833abe09343a9c5fa254.pdf
b3239ec53b125ca748f4fc7034b6ec88,ready,include_after_storage_upload,test,高频电子线路,E:\byrdocs-archive\metadata\b3239ec53b125ca748f4fc7034b6ec88.yml,b3239ec53b125ca748f4fc7034b6ec88.pdf,E:\byrdocs\b3239ec53b125ca748f4fc7034b6ec88.pdf,369948,E:\byrdocs\b3239ec53b125ca748f4fc7034b6ec88.jpg,E:\byrdocs\b3239ec53b125ca748f4fc7034b6ec88.webp,,,https://byrdocs.org/files/b3239ec53b125ca748f4fc7034b6ec88.pdf
b34cf727428995f6cfaf7f98ed147abe,ready,include_after_storage_upload,test,概率论与随机过程,E:\byrdocs-archive\metadata\b34cf727428995f6cfaf7f98ed147abe.yml,b34cf727428995f6cfaf7f98ed147abe.pdf,E:\byrdocs\b34cf727428995f6cfaf7f98ed147abe.pdf,5856826,E:\byrdocs\b34cf727428995f6cfaf7f98ed147abe.jpg,E:\byrdocs\b34cf727428995f6cfaf7f98ed147abe.webp,,,https://byrdocs.org/files/b34cf727428995f6cfaf7f98ed147abe.pdf
b39de807ea75fc083b7b7ea31aeb8519,ready,include_after_storage_upload,doc,期末复习讲义,E:\byrdocs-archive\metadata\b39de807ea75fc083b7b7ea31aeb8519.yml,b39de807ea75fc083b7b7ea31aeb8519.pdf,E:\byrdocs\b39de807ea75fc083b7b7ea31aeb8519.pdf,9123775,E:\byrdocs\b39de807ea75fc083b7b7ea31aeb8519.jpg,E:\byrdocs\b39de807ea75fc083b7b7ea31aeb8519.webp,,,https://byrdocs.org/files/b39de807ea75fc083b7b7ea31aeb8519.pdf
b3c2e8ed864220d210d2c55fcef81be6,ready,include_after_storage_upload,book,程序设计（C语言）实验指导,E:\byrdocs-archive\metadata\b3c2e8ed864220d210d2c55fcef81be6.yml,b3c2e8ed864220d210d2c55fcef81be6.pdf,E:\byrdocs\b3c2e8ed864220d210d2c55fcef81be6.pdf,28776491,E:\byrdocs\b3c2e8ed864220d210d2c55fcef81be6.jpg,E:\byrdocs\b3c2e8ed864220d210d2c55fcef81be6.webp,,,https://byrdocs.org/files/b3c2e8ed864220d210d2c55fcef81be6.pdf
b3d01c220ba05359a301752a9725fe88,ready,include_after_storage_upload,test,高阶综合英语,E:\byrdocs-archive\metadata\b3d01c220ba05359a301752a9725fe88.yml,b3d01c220ba05359a301752a9725fe88.pdf,E:\byrdocs\b3d01c220ba05359a301752a9725fe88.pdf,8437928,E:\byrdocs\b3d01c220ba05359a301752a9725fe88.jpg,E:\byrdocs\b3d01c220ba05359a301752a9725fe88.webp,,,https://byrdocs.org/files/b3d01c220ba05359a301752a9725fe88.pdf
b403b018451bd6a254283c25b125b3c1,ready,include_after_storage_upload,test,大学物理B（上）,E:\byrdocs-archive\metadata\b403b018451bd6a254283c25b125b3c1.yml,b403b018451bd6a254283c25b125b3c1.pdf,E:\byrdocs\b403b018451bd6a254283c25b125b3c1.pdf,1295808,E:\byrdocs\b403b018451bd6a254283c25b125b3c1.jpg,E:\byrdocs\b403b018451bd6a254283c25b125b3c1.webp,,,https://byrdocs.org/files/b403b018451bd6a254283c25b125b3c1.pdf
b4514bddee861cb5707a764b3c766a6e,ready,include_after_storage_upload,book,概率极限理论基础,E:\byrdocs-archive\metadata\b4514bddee861cb5707a764b3c766a6e.yml,b4514bddee861cb5707a764b3c766a6e.pdf,E:\byrdocs\b4514bddee861cb5707a764b3c766a6e.pdf,2948195,E:\byrdocs\b4514bddee861cb5707a764b3c766a6e.jpg,E:\byrdocs\b4514bddee861cb5707a764b3c766a6e.webp,,,https://byrdocs.org/files/b4514bddee861cb5707a764b3c766a6e.pdf
b464f2c0becdce1d24d22b4fe9154fef,ready,include_after_storage_upload,doc,大学计算机基础练习题,E:\byrdocs-archive\metadata\b464f2c0becdce1d24d22b4fe9154fef.yml,b464f2c0becdce1d24d22b4fe9154fef.zip,E:\byrdocs\b464f2c0becdce1d24d22b4fe9154fef.zip,6402024,E:\byrdocs\b464f2c0becdce1d24d22b4fe9154fef.jpg,E:\byrdocs\b464f2c0becdce1d24d22b4fe9154fef.webp,,,https://byrdocs.org/files/b464f2c0becdce1d24d22b4fe9154fef.zip
b4a7b8c2975dc22d6ef9292c9fe5486c,ready,include_after_storage_upload,book,算法图解,E:\byrdocs-archive\metadata\b4a7b8c2975dc22d6ef9292c9fe5486c.yml,b4a7b8c2975dc22d6ef9292c9fe5486c.pdf,E:\byrdocs\b4a7b8c2975dc22d6ef9292c9fe5486c.pdf,17918292,E:\byrdocs\b4a7b8c2975dc22d6ef9292c9fe5486c.jpg,E:\byrdocs\b4a7b8c2975dc22d6ef9292c9fe5486c.webp,,,https://byrdocs.org/files/b4a7b8c2975dc22d6ef9292c9fe5486c.pdf
b4df47c6c76b1d3a51d8fba6f5b48e5c,ready,include_after_storage_upload,test,形式语言与自动机,E:\byrdocs-archive\metadata\b4df47c6c76b1d3a51d8fba6f5b48e5c.yml,b4df47c6c76b1d3a51d8fba6f5b48e5c.pdf,E:\byrdocs\b4df47c6c76b1d3a51d8fba6f5b48e5c.pdf,156449,E:\byrdocs\b4df47c6c76b1d3a51d8fba6f5b48e5c.jpg,E:\byrdocs\b4df47c6c76b1d3a51d8fba6f5b48e5c.webp,,,https://byrdocs.org/files/b4df47c6c76b1d3a51d8fba6f5b48e5c.pdf
b4e2114f4fa50282fe33485907706e5b,ready,include_after_storage_upload,doc,计算机基础知识,E:\byrdocs-archive\metadata\b4e2114f4fa50282fe33485907706e5b.yml,b4e2114f4fa50282fe33485907706e5b.pdf,E:\byrdocs\b4e2114f4fa50282fe33485907706e5b.pdf,17993931,E:\byrdocs\b4e2114f4fa50282fe33485907706e5b.jpg,E:\byrdocs\b4e2114f4fa50282fe33485907706e5b.webp,,,https://byrdocs.org/files/b4e2114f4fa50282fe33485907706e5b.pdf
b50a29cedf4c0e6c07ac2b680912e698,ready,include_after_storage_upload,doc,研究生移动通信原理课件,E:\byrdocs-archive\metadata\b50a29cedf4c0e6c07ac2b680912e698.yml,b50a29cedf4c0e6c07ac2b680912e698.zip,E:\byrdocs\b50a29cedf4c0e6c07ac2b680912e698.zip,13319192,E:\byrdocs\b50a29cedf4c0e6c07ac2b680912e698.jpg,E:\byrdocs\b50a29cedf4c0e6c07ac2b680912e698.webp,,,https://byrdocs.org/files/b50a29cedf4c0e6c07ac2b680912e698.zip
b57bed8d8a682fc7cbf1e629358aacda,ready,include_after_storage_upload,test,线性代数,E:\byrdocs-archive\metadata\b57bed8d8a682fc7cbf1e629358aacda.yml,b57bed8d8a682fc7cbf1e629358aacda.pdf,E:\byrdocs\b57bed8d8a682fc7cbf1e629358aacda.pdf,14900874,E:\byrdocs\b57bed8d8a682fc7cbf1e629358aacda.jpg,E:\byrdocs\b57bed8d8a682fc7cbf1e629358aacda.webp,,,https://byrdocs.org/files/b57bed8d8a682fc7cbf1e629358aacda.pdf
b5862be9d03558378f4ebcc00ab9f68c,ready,include_after_storage_upload,test,数学物理方法,E:\byrdocs-archive\metadata\b5862be9d03558378f4ebcc00ab9f68c.yml,b5862be9d03558378f4ebcc00ab9f68c.pdf,E:\byrdocs\b5862be9d03558378f4ebcc00ab9f68c.pdf,1197744,E:\byrdocs\b5862be9d03558378f4ebcc00ab9f68c.jpg,E:\byrdocs\b5862be9d03558378f4ebcc00ab9f68c.webp,,,https://byrdocs.org/files/b5862be9d03558378f4ebcc00ab9f68c.pdf
b58930d99693760294a36b7de095360b,ready,include_after_storage_upload,test,多媒体系统建模与仿真,E:\byrdocs-archive\metadata\b58930d99693760294a36b7de095360b.yml,b58930d99693760294a36b7de095360b.pdf,E:\byrdocs\b58930d99693760294a36b7de095360b.pdf,123901,E:\byrdocs\b58930d99693760294a36b7de095360b.jpg,E:\byrdocs\b58930d99693760294a36b7de095360b.webp,,,https://byrdocs.org/files/b58930d99693760294a36b7de095360b.pdf
b58a150027858fb0bc686a426d6613d3,ready,include_after_storage_upload,test,电路与电子学基础,E:\byrdocs-archive\metadata\b58a150027858fb0bc686a426d6613d3.yml,b58a150027858fb0bc686a426d6613d3.pdf,E:\byrdocs\b58a150027858fb0bc686a426d6613d3.pdf,455258,E:\byrdocs\b58a150027858fb0bc686a426d6613d3.jpg,E:\byrdocs\b58a150027858fb0bc686a426d6613d3.webp,,,https://byrdocs.org/files/b58a150027858fb0bc686a426d6613d3.pdf
b5b7ff56b6eb6a59a39f49e888302619,ready,include_after_storage_upload,book,The Linux Command Line: A Complete Introduction,E:\byrdocs-archive\metadata\b5b7ff56b6eb6a59a39f49e888302619.yml,b5b7ff56b6eb6a59a39f49e888302619.pdf,E:\byrdocs\b5b7ff56b6eb6a59a39f49e888302619.pdf,7404930,E:\byrdocs\b5b7ff56b6eb6a59a39f49e888302619.jpg,E:\byrdocs\b5b7ff56b6eb6a59a39f49e888302619.webp,,,https://byrdocs.org/files/b5b7ff56b6eb6a59a39f49e888302619.pdf
b5da01a182814c5fe8975711b56eed76,ready,include_after_storage_upload,doc,2020 编译原理与技术期中模拟,E:\byrdocs-archive\metadata\b5da01a182814c5fe8975711b56eed76.yml,b5da01a182814c5fe8975711b56eed76.pdf,E:\byrdocs\b5da01a182814c5fe8975711b56eed76.pdf,497819,E:\byrdocs\b5da01a182814c5fe8975711b56eed76.jpg,E:\byrdocs\b5da01a182814c5fe8975711b56eed76.webp,,,https://byrdocs.org/files/b5da01a182814c5fe8975711b56eed76.pdf
b5e7e11323a9eef91d615f3999074185,ready,include_after_storage_upload,test,大学物理E（上）,E:\byrdocs-archive\metadata\b5e7e11323a9eef91d615f3999074185.yml,b5e7e11323a9eef91d615f3999074185.pdf,E:\byrdocs\b5e7e11323a9eef91d615f3999074185.pdf,925455,E:\byrdocs\b5e7e11323a9eef91d615f3999074185.jpg,E:\byrdocs\b5e7e11323a9eef91d615f3999074185.webp,,,https://byrdocs.org/files/b5e7e11323a9eef91d615f3999074185.pdf
b61785cc032eb2eca3bedabea93621b6,ready,include_after_storage_upload,doc,计算机网络第五版答案,E:\byrdocs-archive\metadata\b61785cc032eb2eca3bedabea93621b6.yml,b61785cc032eb2eca3bedabea93621b6.pdf,E:\byrdocs\b61785cc032eb2eca3bedabea93621b6.pdf,1104384,E:\byrdocs\b61785cc032eb2eca3bedabea93621b6.jpg,E:\byrdocs\b61785cc032eb2eca3bedabea93621b6.webp,,,https://byrdocs.org/files/b61785cc032eb2eca3bedabea93621b6.pdf
b624cb81305d085c690a408693945595,ready,include_after_storage_upload,doc,时间轴,E:\byrdocs-archive\metadata\b624cb81305d085c690a408693945595.yml,b624cb81305d085c690a408693945595.pdf,E:\byrdocs\b624cb81305d085c690a408693945595.pdf,123528,E:\byrdocs\b624cb81305d085c690a408693945595.jpg,E:\byrdocs\b624cb81305d085c690a408693945595.webp,,,https://byrdocs.org/files/b624cb81305d085c690a408693945595.pdf
b6534ffccbb6c45d991463aa9cf5e99c,ready,include_after_storage_upload,test,数字电路与逻辑设计,E:\byrdocs-archive\metadata\b6534ffccbb6c45d991463aa9cf5e99c.yml,b6534ffccbb6c45d991463aa9cf5e99c.pdf,E:\byrdocs\b6534ffccbb6c45d991463aa9cf5e99c.pdf,1589223,E:\byrdocs\b6534ffccbb6c45d991463aa9cf5e99c.jpg,E:\byrdocs\b6534ffccbb6c45d991463aa9cf5e99c.webp,,,https://byrdocs.org/files/b6534ffccbb6c45d991463aa9cf5e99c.pdf
b6b5a9b7ab7520b058f3917705d92540,ready,include_after_storage_upload,test,数学分析（上）,E:\byrdocs-archive\metadata\b6b5a9b7ab7520b058f3917705d92540.yml,b6b5a9b7ab7520b058f3917705d92540.pdf,E:\byrdocs\b6b5a9b7ab7520b058f3917705d92540.pdf,391280,E:\byrdocs\b6b5a9b7ab7520b058f3917705d92540.jpg,E:\byrdocs\b6b5a9b7ab7520b058f3917705d92540.webp,,,https://byrdocs.org/files/b6b5a9b7ab7520b058f3917705d92540.pdf
b789040b390b200a9eaf8f6e69c276ce,ready,include_after_storage_upload,test,电路与电子学基础,E:\byrdocs-archive\metadata\b789040b390b200a9eaf8f6e69c276ce.yml,b789040b390b200a9eaf8f6e69c276ce.pdf,E:\byrdocs\b789040b390b200a9eaf8f6e69c276ce.pdf,338962,E:\byrdocs\b789040b390b200a9eaf8f6e69c276ce.jpg,E:\byrdocs\b789040b390b200a9eaf8f6e69c276ce.webp,,,https://byrdocs.org/files/b789040b390b200a9eaf8f6e69c276ce.pdf
b7be6e81b9ca4285b571dc8d0a9826e8,ready,include_after_storage_upload,test,量子力学,E:\byrdocs-archive\metadata\b7be6e81b9ca4285b571dc8d0a9826e8.yml,b7be6e81b9ca4285b571dc8d0a9826e8.pdf,E:\byrdocs\b7be6e81b9ca4285b571dc8d0a9826e8.pdf,892260,E:\byrdocs\b7be6e81b9ca4285b571dc8d0a9826e8.jpg,E:\byrdocs\b7be6e81b9ca4285b571dc8d0a9826e8.webp,,,https://byrdocs.org/files/b7be6e81b9ca4285b571dc8d0a9826e8.pdf
b7f5ffe93a7a64697d0cd2055a4b6b69,ready,include_after_storage_upload,book,电路分析基础,E:\byrdocs-archive\metadata\b7f5ffe93a7a64697d0cd2055a4b6b69.yml,b7f5ffe93a7a64697d0cd2055a4b6b69.pdf,E:\byrdocs\b7f5ffe93a7a64697d0cd2055a4b6b69.pdf,39661045,E:\byrdocs\b7f5ffe93a7a64697d0cd2055a4b6b69.jpg,E:\byrdocs\b7f5ffe93a7a64697d0cd2055a4b6b69.webp,,,https://byrdocs.org/files/b7f5ffe93a7a64697d0cd2055a4b6b69.pdf
b8dae3181c178b09a8ad9309ca375dfc,ready,include_after_storage_upload,test,信号与系统,E:\byrdocs-archive\metadata\b8dae3181c178b09a8ad9309ca375dfc.yml,b8dae3181c178b09a8ad9309ca375dfc.pdf,E:\byrdocs\b8dae3181c178b09a8ad9309ca375dfc.pdf,1557139,E:\byrdocs\b8dae3181c178b09a8ad9309ca375dfc.jpg,E:\byrdocs\b8dae3181c178b09a8ad9309ca375dfc.webp,,,https://byrdocs.org/files/b8dae3181c178b09a8ad9309ca375dfc.pdf
b8e7406e24db82a4c3b2e8a82154cd55,ready,include_after_storage_upload,book,电路分析基础,E:\byrdocs-archive\metadata\b8e7406e24db82a4c3b2e8a82154cd55.yml,b8e7406e24db82a4c3b2e8a82154cd55.pdf,E:\byrdocs\b8e7406e24db82a4c3b2e8a82154cd55.pdf,73703272,E:\byrdocs\b8e7406e24db82a4c3b2e8a82154cd55.jpg,E:\byrdocs\b8e7406e24db82a4c3b2e8a82154cd55.webp,,,https://byrdocs.org/files/b8e7406e24db82a4c3b2e8a82154cd55.pdf
b93dce2e650213bfec55fa8b6fd5161e,ready,include_after_storage_upload,book,Nonlinear Programming Theory and Algorithms,E:\byrdocs-archive\metadata\b93dce2e650213bfec55fa8b6fd5161e.yml,b93dce2e650213bfec55fa8b6fd5161e.pdf,E:\byrdocs\b93dce2e650213bfec55fa8b6fd5161e.pdf,37567697,E:\byrdocs\b93dce2e650213bfec55fa8b6fd5161e.jpg,E:\byrdocs\b93dce2e650213bfec55fa8b6fd5161e.webp,,,https://byrdocs.org/files/b93dce2e650213bfec55fa8b6fd5161e.pdf
b93e9776e8fca87d5817dee916925f73,ready,include_after_storage_upload,test,矩阵分析与应用,E:\byrdocs-archive\metadata\b93e9776e8fca87d5817dee916925f73.yml,b93e9776e8fca87d5817dee916925f73.pdf,E:\byrdocs\b93e9776e8fca87d5817dee916925f73.pdf,392746,E:\byrdocs\b93e9776e8fca87d5817dee916925f73.jpg,E:\byrdocs\b93e9776e8fca87d5817dee916925f73.webp,,,https://byrdocs.org/files/b93e9776e8fca87d5817dee916925f73.pdf
b972a85813717b1a9c4637c71b80acb8,ready,include_after_storage_upload,doc,《数字信号处理》试题库,E:\byrdocs-archive\metadata\b972a85813717b1a9c4637c71b80acb8.yml,b972a85813717b1a9c4637c71b80acb8.pdf,E:\byrdocs\b972a85813717b1a9c4637c71b80acb8.pdf,2199205,E:\byrdocs\b972a85813717b1a9c4637c71b80acb8.jpg,E:\byrdocs\b972a85813717b1a9c4637c71b80acb8.webp,,,https://byrdocs.org/files/b972a85813717b1a9c4637c71b80acb8.pdf
b990e2b2b026fc49762526284d0559fb,ready,include_after_storage_upload,book,初等数论及其应用（原书第5版）,E:\byrdocs-archive\metadata\b990e2b2b026fc49762526284d0559fb.yml,b990e2b2b026fc49762526284d0559fb.pdf,E:\byrdocs\b990e2b2b026fc49762526284d0559fb.pdf,28371457,E:\byrdocs\b990e2b2b026fc49762526284d0559fb.jpg,E:\byrdocs\b990e2b2b026fc49762526284d0559fb.webp,,,https://byrdocs.org/files/b990e2b2b026fc49762526284d0559fb.pdf
b9c34d5bcfbc9522525f630bd7ba1803,ready,include_after_storage_upload,test,计算机网络,E:\byrdocs-archive\metadata\b9c34d5bcfbc9522525f630bd7ba1803.yml,b9c34d5bcfbc9522525f630bd7ba1803.pdf,E:\byrdocs\b9c34d5bcfbc9522525f630bd7ba1803.pdf,649481,E:\byrdocs\b9c34d5bcfbc9522525f630bd7ba1803.jpg,E:\byrdocs\b9c34d5bcfbc9522525f630bd7ba1803.webp,,,https://byrdocs.org/files/b9c34d5bcfbc9522525f630bd7ba1803.pdf
b9e6052395ba047bd154ea45130026fc,ready,include_after_storage_upload,book,All of Statistics: A Concise Course in Statistical Inference (Springer Texts in Statistics),E:\byrdocs-archive\metadata\b9e6052395ba047bd154ea45130026fc.yml,b9e6052395ba047bd154ea45130026fc.pdf,E:\byrdocs\b9e6052395ba047bd154ea45130026fc.pdf,9139957,E:\byrdocs\b9e6052395ba047bd154ea45130026fc.jpg,E:\byrdocs\b9e6052395ba047bd154ea45130026fc.webp,,,https://byrdocs.org/files/b9e6052395ba047bd154ea45130026fc.pdf
b9fa0a5313a94b4033ecde5c9ba4511b,ready,include_after_storage_upload,book,高等数学（经管类） 下册,E:\byrdocs-archive\metadata\b9fa0a5313a94b4033ecde5c9ba4511b.yml,b9fa0a5313a94b4033ecde5c9ba4511b.pdf,E:\byrdocs\b9fa0a5313a94b4033ecde5c9ba4511b.pdf,111827145,E:\byrdocs\b9fa0a5313a94b4033ecde5c9ba4511b.jpg,E:\byrdocs\b9fa0a5313a94b4033ecde5c9ba4511b.webp,,,https://byrdocs.org/files/b9fa0a5313a94b4033ecde5c9ba4511b.pdf
ba23aa445555a3e19be43a792baae081,ready,include_after_storage_upload,book,数学分析 下册,E:\byrdocs-archive\metadata\ba23aa445555a3e19be43a792baae081.yml,ba23aa445555a3e19be43a792baae081.pdf,E:\byrdocs\ba23aa445555a3e19be43a792baae081.pdf,107956781,E:\byrdocs\ba23aa445555a3e19be43a792baae081.jpg,E:\byrdocs\ba23aa445555a3e19be43a792baae081.webp,,,https://byrdocs.org/files/ba23aa445555a3e19be43a792baae081.pdf
ba296e718e5bbfd498d9d582e05963d2,ready,include_after_storage_upload,doc,计算机网络 自顶向下方法 8版答案,E:\byrdocs-archive\metadata\ba296e718e5bbfd498d9d582e05963d2.yml,ba296e718e5bbfd498d9d582e05963d2.pdf,E:\byrdocs\ba296e718e5bbfd498d9d582e05963d2.pdf,3125827,E:\byrdocs\ba296e718e5bbfd498d9d582e05963d2.jpg,E:\byrdocs\ba296e718e5bbfd498d9d582e05963d2.webp,,,https://byrdocs.org/files/ba296e718e5bbfd498d9d582e05963d2.pdf
bae784718e131c7e7b87f13c685db65f,ready,include_after_storage_upload,test,大学物理E（下）,E:\byrdocs-archive\metadata\bae784718e131c7e7b87f13c685db65f.yml,bae784718e131c7e7b87f13c685db65f.pdf,E:\byrdocs\bae784718e131c7e7b87f13c685db65f.pdf,399798,E:\byrdocs\bae784718e131c7e7b87f13c685db65f.jpg,E:\byrdocs\bae784718e131c7e7b87f13c685db65f.webp,,,https://byrdocs.org/files/bae784718e131c7e7b87f13c685db65f.pdf
bb0d7a94a62958e27cbe6d4e122ae9a3,ready,include_after_storage_upload,test,系统辨识与建模,E:\byrdocs-archive\metadata\bb0d7a94a62958e27cbe6d4e122ae9a3.yml,bb0d7a94a62958e27cbe6d4e122ae9a3.pdf,E:\byrdocs\bb0d7a94a62958e27cbe6d4e122ae9a3.pdf,53382,E:\byrdocs\bb0d7a94a62958e27cbe6d4e122ae9a3.jpg,E:\byrdocs\bb0d7a94a62958e27cbe6d4e122ae9a3.webp,,,https://byrdocs.org/files/bb0d7a94a62958e27cbe6d4e122ae9a3.pdf
bb3abe41e408bc1dede47f66412ff8fe,ready,include_after_storage_upload,book,智能无线通信,E:\byrdocs-archive\metadata\bb3abe41e408bc1dede47f66412ff8fe.yml,bb3abe41e408bc1dede47f66412ff8fe.pdf,E:\byrdocs\bb3abe41e408bc1dede47f66412ff8fe.pdf,132449432,E:\byrdocs\bb3abe41e408bc1dede47f66412ff8fe.jpg,E:\byrdocs\bb3abe41e408bc1dede47f66412ff8fe.webp,,,https://byrdocs.org/files/bb3abe41e408bc1dede47f66412ff8fe.pdf
bb63ce4438764bbb2b74a878a4212e47,ready,include_after_storage_upload,test,离散数学（下）,E:\byrdocs-archive\metadata\bb63ce4438764bbb2b74a878a4212e47.yml,bb63ce4438764bbb2b74a878a4212e47.pdf,E:\byrdocs\bb63ce4438764bbb2b74a878a4212e47.pdf,673242,E:\byrdocs\bb63ce4438764bbb2b74a878a4212e47.jpg,E:\byrdocs\bb63ce4438764bbb2b74a878a4212e47.webp,,,https://byrdocs.org/files/bb63ce4438764bbb2b74a878a4212e47.pdf
bbae58d55692d5efec8f01906b358743,ready,include_after_storage_upload,doc,固体物理-笔记,E:\byrdocs-archive\metadata\bbae58d55692d5efec8f01906b358743.yml,bbae58d55692d5efec8f01906b358743.pdf,E:\byrdocs\bbae58d55692d5efec8f01906b358743.pdf,7159271,E:\byrdocs\bbae58d55692d5efec8f01906b358743.jpg,E:\byrdocs\bbae58d55692d5efec8f01906b358743.webp,,,https://byrdocs.org/files/bbae58d55692d5efec8f01906b358743.pdf
bbd667677aa758295f4dda426719deee,ready,include_after_storage_upload,test,通信原理,E:\byrdocs-archive\metadata\bbd667677aa758295f4dda426719deee.yml,bbd667677aa758295f4dda426719deee.pdf,E:\byrdocs\bbd667677aa758295f4dda426719deee.pdf,669584,E:\byrdocs\bbd667677aa758295f4dda426719deee.jpg,E:\byrdocs\bbd667677aa758295f4dda426719deee.webp,,,https://byrdocs.org/files/bbd667677aa758295f4dda426719deee.pdf
bbd6bd3414f1ce89bec8ee8acafef0d3,ready,include_after_storage_upload,book,线性代数,E:\byrdocs-archive\metadata\bbd6bd3414f1ce89bec8ee8acafef0d3.yml,bbd6bd3414f1ce89bec8ee8acafef0d3.pdf,E:\byrdocs\bbd6bd3414f1ce89bec8ee8acafef0d3.pdf,28672974,E:\byrdocs\bbd6bd3414f1ce89bec8ee8acafef0d3.jpg,E:\byrdocs\bbd6bd3414f1ce89bec8ee8acafef0d3.webp,,,https://byrdocs.org/files/bbd6bd3414f1ce89bec8ee8acafef0d3.pdf
bc924f9ca8ace537aca5219129fe4cbc,ready,include_after_storage_upload,book,模块化机器人创新教学与实践,E:\byrdocs-archive\metadata\bc924f9ca8ace537aca5219129fe4cbc.yml,bc924f9ca8ace537aca5219129fe4cbc.pdf,E:\byrdocs\bc924f9ca8ace537aca5219129fe4cbc.pdf,41929958,E:\byrdocs\bc924f9ca8ace537aca5219129fe4cbc.jpg,E:\byrdocs\bc924f9ca8ace537aca5219129fe4cbc.webp,,,https://byrdocs.org/files/bc924f9ca8ace537aca5219129fe4cbc.pdf
bcad0bf59113d9f57bbb486807018e38,ready,include_after_storage_upload,test,大学物理C（下）,E:\byrdocs-archive\metadata\bcad0bf59113d9f57bbb486807018e38.yml,bcad0bf59113d9f57bbb486807018e38.pdf,E:\byrdocs\bcad0bf59113d9f57bbb486807018e38.pdf,123802,E:\byrdocs\bcad0bf59113d9f57bbb486807018e38.jpg,E:\byrdocs\bcad0bf59113d9f57bbb486807018e38.webp,,,https://byrdocs.org/files/bcad0bf59113d9f57bbb486807018e38.pdf
bd34881f9f6a917a05a9b85ea3a31665,ready,include_after_storage_upload,test,线性代数,E:\byrdocs-archive\metadata\bd34881f9f6a917a05a9b85ea3a31665.yml,bd34881f9f6a917a05a9b85ea3a31665.pdf,E:\byrdocs\bd34881f9f6a917a05a9b85ea3a31665.pdf,1331348,E:\byrdocs\bd34881f9f6a917a05a9b85ea3a31665.jpg,E:\byrdocs\bd34881f9f6a917a05a9b85ea3a31665.webp,,,https://byrdocs.org/files/bd34881f9f6a917a05a9b85ea3a31665.pdf
bd5450ea00a7844950b8f6b2579b4f06,ready,include_after_storage_upload,book,概率论与随机过程,E:\byrdocs-archive\metadata\bd5450ea00a7844950b8f6b2579b4f06.yml,bd5450ea00a7844950b8f6b2579b4f06.pdf,E:\byrdocs\bd5450ea00a7844950b8f6b2579b4f06.pdf,44811989,E:\byrdocs\bd5450ea00a7844950b8f6b2579b4f06.jpg,E:\byrdocs\bd5450ea00a7844950b8f6b2579b4f06.webp,,,https://byrdocs.org/files/bd5450ea00a7844950b8f6b2579b4f06.pdf
bd9d10ec01facedbd7103878b4ef2102,ready,include_after_storage_upload,test,离散数学,E:\byrdocs-archive\metadata\bd9d10ec01facedbd7103878b4ef2102.yml,bd9d10ec01facedbd7103878b4ef2102.pdf,E:\byrdocs\bd9d10ec01facedbd7103878b4ef2102.pdf,277416,E:\byrdocs\bd9d10ec01facedbd7103878b4ef2102.jpg,E:\byrdocs\bd9d10ec01facedbd7103878b4ef2102.webp,,,https://byrdocs.org/files/bd9d10ec01facedbd7103878b4ef2102.pdf
bdb1fc3eb895400d8fd7e6f2ad57a9dc,ready,include_after_storage_upload,book,微机原理与接口技术：基于ARM Cortex-M4,E:\byrdocs-archive\metadata\bdb1fc3eb895400d8fd7e6f2ad57a9dc.yml,bdb1fc3eb895400d8fd7e6f2ad57a9dc.pdf,E:\byrdocs\bdb1fc3eb895400d8fd7e6f2ad57a9dc.pdf,25610429,E:\byrdocs\bdb1fc3eb895400d8fd7e6f2ad57a9dc.jpg,E:\byrdocs\bdb1fc3eb895400d8fd7e6f2ad57a9dc.webp,,,https://byrdocs.org/files/bdb1fc3eb895400d8fd7e6f2ad57a9dc.pdf
bdf4418eb87621556f5288b505dab1f8,ready,include_after_storage_upload,test,马克思主义基本原理,E:\byrdocs-archive\metadata\bdf4418eb87621556f5288b505dab1f8.yml,bdf4418eb87621556f5288b505dab1f8.pdf,E:\byrdocs\bdf4418eb87621556f5288b505dab1f8.pdf,2193499,E:\byrdocs\bdf4418eb87621556f5288b505dab1f8.jpg,E:\byrdocs\bdf4418eb87621556f5288b505dab1f8.webp,,,https://byrdocs.org/files/bdf4418eb87621556f5288b505dab1f8.pdf
be10e83fe557073cbfe158737729a9d4,ready,include_after_storage_upload,doc,知识框架,E:\byrdocs-archive\metadata\be10e83fe557073cbfe158737729a9d4.yml,be10e83fe557073cbfe158737729a9d4.pdf,E:\byrdocs\be10e83fe557073cbfe158737729a9d4.pdf,4241996,E:\byrdocs\be10e83fe557073cbfe158737729a9d4.jpg,E:\byrdocs\be10e83fe557073cbfe158737729a9d4.webp,,,https://byrdocs.org/files/be10e83fe557073cbfe158737729a9d4.pdf
be2ab3aa7478fc4681261c187b434459,ready,include_after_storage_upload,doc,网安计算机组成原理与系统结构第五版答案,E:\byrdocs-archive\metadata\be2ab3aa7478fc4681261c187b434459.yml,be2ab3aa7478fc4681261c187b434459.pdf,E:\byrdocs\be2ab3aa7478fc4681261c187b434459.pdf,4118195,E:\byrdocs\be2ab3aa7478fc4681261c187b434459.jpg,E:\byrdocs\be2ab3aa7478fc4681261c187b434459.webp,,,https://byrdocs.org/files/be2ab3aa7478fc4681261c187b434459.pdf
be5019e3c9f813463acb6e2b7b74b99d,ready,include_after_storage_upload,test,电磁场与电磁波,E:\byrdocs-archive\metadata\be5019e3c9f813463acb6e2b7b74b99d.yml,be5019e3c9f813463acb6e2b7b74b99d.pdf,E:\byrdocs\be5019e3c9f813463acb6e2b7b74b99d.pdf,247522,E:\byrdocs\be5019e3c9f813463acb6e2b7b74b99d.jpg,E:\byrdocs\be5019e3c9f813463acb6e2b7b74b99d.webp,,,https://byrdocs.org/files/be5019e3c9f813463acb6e2b7b74b99d.pdf
be6a876bff4b1d19d39d0b3893fc62a8,ready,include_after_storage_upload,test,概率论与随机过程,E:\byrdocs-archive\metadata\be6a876bff4b1d19d39d0b3893fc62a8.yml,be6a876bff4b1d19d39d0b3893fc62a8.pdf,E:\byrdocs\be6a876bff4b1d19d39d0b3893fc62a8.pdf,2383444,E:\byrdocs\be6a876bff4b1d19d39d0b3893fc62a8.jpg,E:\byrdocs\be6a876bff4b1d19d39d0b3893fc62a8.webp,,,https://byrdocs.org/files/be6a876bff4b1d19d39d0b3893fc62a8.pdf
be7aa0e8852bd3494304d94ade003aa0,ready,include_after_storage_upload,test,信号与系统,E:\byrdocs-archive\metadata\be7aa0e8852bd3494304d94ade003aa0.yml,be7aa0e8852bd3494304d94ade003aa0.pdf,E:\byrdocs\be7aa0e8852bd3494304d94ade003aa0.pdf,610276,E:\byrdocs\be7aa0e8852bd3494304d94ade003aa0.jpg,E:\byrdocs\be7aa0e8852bd3494304d94ade003aa0.webp,,,https://byrdocs.org/files/be7aa0e8852bd3494304d94ade003aa0.pdf
bebacbc346967ad35ed551bce8a08a7e,ready,include_after_storage_upload,test,通信原理I,E:\byrdocs-archive\metadata\bebacbc346967ad35ed551bce8a08a7e.yml,bebacbc346967ad35ed551bce8a08a7e.pdf,E:\byrdocs\bebacbc346967ad35ed551bce8a08a7e.pdf,1872230,E:\byrdocs\bebacbc346967ad35ed551bce8a08a7e.jpg,E:\byrdocs\bebacbc346967ad35ed551bce8a08a7e.webp,,,https://byrdocs.org/files/bebacbc346967ad35ed551bce8a08a7e.pdf
bf0d8c6af1a304520386ef295817eb8f,ready,include_after_storage_upload,doc,计算机组成原理-易秋萍PPT,E:\byrdocs-archive\metadata\bf0d8c6af1a304520386ef295817eb8f.yml,bf0d8c6af1a304520386ef295817eb8f.zip,E:\byrdocs\bf0d8c6af1a304520386ef295817eb8f.zip,39506023,E:\byrdocs\bf0d8c6af1a304520386ef295817eb8f.jpg,E:\byrdocs\bf0d8c6af1a304520386ef295817eb8f.webp,,,https://byrdocs.org/files/bf0d8c6af1a304520386ef295817eb8f.zip
bf8cefe21581a60a509571a0225b370a,ready,include_after_storage_upload,test,随机信号分析,E:\byrdocs-archive\metadata\bf8cefe21581a60a509571a0225b370a.yml,bf8cefe21581a60a509571a0225b370a.pdf,E:\byrdocs\bf8cefe21581a60a509571a0225b370a.pdf,449414,E:\byrdocs\bf8cefe21581a60a509571a0225b370a.jpg,E:\byrdocs\bf8cefe21581a60a509571a0225b370a.webp,,,https://byrdocs.org/files/bf8cefe21581a60a509571a0225b370a.pdf
bfbeb927bc88b0fb73c6ba5dfe16be81,ready,include_after_storage_upload,test,理工通用学术英语一,E:\byrdocs-archive\metadata\bfbeb927bc88b0fb73c6ba5dfe16be81.yml,bfbeb927bc88b0fb73c6ba5dfe16be81.pdf,E:\byrdocs\bfbeb927bc88b0fb73c6ba5dfe16be81.pdf,432518,E:\byrdocs\bfbeb927bc88b0fb73c6ba5dfe16be81.jpg,E:\byrdocs\bfbeb927bc88b0fb73c6ba5dfe16be81.webp,,,https://byrdocs.org/files/bfbeb927bc88b0fb73c6ba5dfe16be81.pdf
bfe7791f4578e7129fc0624c84c5708d,ready,include_after_storage_upload,test,概率论与随机过程,E:\byrdocs-archive\metadata\bfe7791f4578e7129fc0624c84c5708d.yml,bfe7791f4578e7129fc0624c84c5708d.pdf,E:\byrdocs\bfe7791f4578e7129fc0624c84c5708d.pdf,681495,E:\byrdocs\bfe7791f4578e7129fc0624c84c5708d.jpg,E:\byrdocs\bfe7791f4578e7129fc0624c84c5708d.webp,,,https://byrdocs.org/files/bfe7791f4578e7129fc0624c84c5708d.pdf
bfed5b5572c6249cb91668051a1f1b0d,ready,include_after_storage_upload,book,新未来大学英语综合教程. 3B,E:\byrdocs-archive\metadata\bfed5b5572c6249cb91668051a1f1b0d.yml,bfed5b5572c6249cb91668051a1f1b0d.pdf,E:\byrdocs\bfed5b5572c6249cb91668051a1f1b0d.pdf,123259635,E:\byrdocs\bfed5b5572c6249cb91668051a1f1b0d.jpg,E:\byrdocs\bfed5b5572c6249cb91668051a1f1b0d.webp,,,https://byrdocs.org/files/bfed5b5572c6249cb91668051a1f1b0d.pdf
c00600fc9eb489fae835fa79c5ae90eb,ready,include_after_storage_upload,test,电磁场与电磁波,E:\byrdocs-archive\metadata\c00600fc9eb489fae835fa79c5ae90eb.yml,c00600fc9eb489fae835fa79c5ae90eb.pdf,E:\byrdocs\c00600fc9eb489fae835fa79c5ae90eb.pdf,359363,E:\byrdocs\c00600fc9eb489fae835fa79c5ae90eb.jpg,E:\byrdocs\c00600fc9eb489fae835fa79c5ae90eb.webp,,,https://byrdocs.org/files/c00600fc9eb489fae835fa79c5ae90eb.pdf
c09b7a767ffee58972e52f35d9ad5566,ready,include_after_storage_upload,test,高等数学（上）,E:\byrdocs-archive\metadata\c09b7a767ffee58972e52f35d9ad5566.yml,c09b7a767ffee58972e52f35d9ad5566.pdf,E:\byrdocs\c09b7a767ffee58972e52f35d9ad5566.pdf,346203,E:\byrdocs\c09b7a767ffee58972e52f35d9ad5566.jpg,E:\byrdocs\c09b7a767ffee58972e52f35d9ad5566.webp,,,https://byrdocs.org/files/c09b7a767ffee58972e52f35d9ad5566.pdf
c0ac1091389561671b1e671ecc5cedfa,ready,include_after_storage_upload,doc,电路分析基础课后答案,E:\byrdocs-archive\metadata\c0ac1091389561671b1e671ecc5cedfa.yml,c0ac1091389561671b1e671ecc5cedfa.pdf,E:\byrdocs\c0ac1091389561671b1e671ecc5cedfa.pdf,34378885,E:\byrdocs\c0ac1091389561671b1e671ecc5cedfa.jpg,E:\byrdocs\c0ac1091389561671b1e671ecc5cedfa.webp,,,https://byrdocs.org/files/c0ac1091389561671b1e671ecc5cedfa.pdf
c0ec4c89f8fc408169fdcb463c90c05a,ready,include_after_storage_upload,test,电磁场与电磁波,E:\byrdocs-archive\metadata\c0ec4c89f8fc408169fdcb463c90c05a.yml,c0ec4c89f8fc408169fdcb463c90c05a.pdf,E:\byrdocs\c0ec4c89f8fc408169fdcb463c90c05a.pdf,207376,E:\byrdocs\c0ec4c89f8fc408169fdcb463c90c05a.jpg,E:\byrdocs\c0ec4c89f8fc408169fdcb463c90c05a.webp,,,https://byrdocs.org/files/c0ec4c89f8fc408169fdcb463c90c05a.pdf
c1251c907eaf56d6b07ce635371fcf95,ready,include_after_storage_upload,test,电磁场与电磁波,E:\byrdocs-archive\metadata\c1251c907eaf56d6b07ce635371fcf95.yml,c1251c907eaf56d6b07ce635371fcf95.pdf,E:\byrdocs\c1251c907eaf56d6b07ce635371fcf95.pdf,288816,E:\byrdocs\c1251c907eaf56d6b07ce635371fcf95.jpg,E:\byrdocs\c1251c907eaf56d6b07ce635371fcf95.webp,,,https://byrdocs.org/files/c1251c907eaf56d6b07ce635371fcf95.pdf
c1c02c53ee13c0350af48736043bd2ce,ready,include_after_storage_upload,test,计算机网络,E:\byrdocs-archive\metadata\c1c02c53ee13c0350af48736043bd2ce.yml,c1c02c53ee13c0350af48736043bd2ce.pdf,E:\byrdocs\c1c02c53ee13c0350af48736043bd2ce.pdf,1497553,E:\byrdocs\c1c02c53ee13c0350af48736043bd2ce.jpg,E:\byrdocs\c1c02c53ee13c0350af48736043bd2ce.webp,,,https://byrdocs.org/files/c1c02c53ee13c0350af48736043bd2ce.pdf
c1d109d32f16c715573b90dc6e9a9721,ready,include_after_storage_upload,test,线性代数,E:\byrdocs-archive\metadata\c1d109d32f16c715573b90dc6e9a9721.yml,c1d109d32f16c715573b90dc6e9a9721.pdf,E:\byrdocs\c1d109d32f16c715573b90dc6e9a9721.pdf,1604573,E:\byrdocs\c1d109d32f16c715573b90dc6e9a9721.jpg,E:\byrdocs\c1d109d32f16c715573b90dc6e9a9721.webp,,,https://byrdocs.org/files/c1d109d32f16c715573b90dc6e9a9721.pdf
c28516c721c6cf7a4233873171bd1df0,ready,include_after_storage_upload,book,物理学（第七版）习题分析与解答,E:\byrdocs-archive\metadata\c28516c721c6cf7a4233873171bd1df0.yml,c28516c721c6cf7a4233873171bd1df0.pdf,E:\byrdocs\c28516c721c6cf7a4233873171bd1df0.pdf,155374052,E:\byrdocs\c28516c721c6cf7a4233873171bd1df0.jpg,E:\byrdocs\c28516c721c6cf7a4233873171bd1df0.webp,,,https://byrdocs.org/files/c28516c721c6cf7a4233873171bd1df0.pdf
c287fe784ad09b9476ee90d9f5948bbf,ready,include_after_storage_upload,book,高等代数辅导与习题解答（北大·第四版）,E:\byrdocs-archive\metadata\c287fe784ad09b9476ee90d9f5948bbf.yml,c287fe784ad09b9476ee90d9f5948bbf.pdf,E:\byrdocs\c287fe784ad09b9476ee90d9f5948bbf.pdf,102231766,E:\byrdocs\c287fe784ad09b9476ee90d9f5948bbf.jpg,E:\byrdocs\c287fe784ad09b9476ee90d9f5948bbf.webp,,,https://byrdocs.org/files/c287fe784ad09b9476ee90d9f5948bbf.pdf
c28a67a40ba4f5ba8cac663fc8c6becf,ready,include_after_storage_upload,book,概率论与数理统计习题全解指南（浙大·五版）,E:\byrdocs-archive\metadata\c28a67a40ba4f5ba8cac663fc8c6becf.yml,c28a67a40ba4f5ba8cac663fc8c6becf.pdf,E:\byrdocs\c28a67a40ba4f5ba8cac663fc8c6becf.pdf,49407260,E:\byrdocs\c28a67a40ba4f5ba8cac663fc8c6becf.jpg,E:\byrdocs\c28a67a40ba4f5ba8cac663fc8c6becf.webp,,,https://byrdocs.org/files/c28a67a40ba4f5ba8cac663fc8c6becf.pdf
c2bbb58aaa754ad6e6dfa956c8459406,ready,include_after_storage_upload,doc,新目标大学英语（第二版 第3册）视听说教程参考答案,E:\byrdocs-archive\metadata\c2bbb58aaa754ad6e6dfa956c8459406.yml,c2bbb58aaa754ad6e6dfa956c8459406.pdf,E:\byrdocs\c2bbb58aaa754ad6e6dfa956c8459406.pdf,17436598,E:\byrdocs\c2bbb58aaa754ad6e6dfa956c8459406.jpg,E:\byrdocs\c2bbb58aaa754ad6e6dfa956c8459406.webp,,,https://byrdocs.org/files/c2bbb58aaa754ad6e6dfa956c8459406.pdf
c2efbca199b91cfc2ef667cd20201fbd,ready,include_after_storage_upload,test,概率论与数理统计,E:\byrdocs-archive\metadata\c2efbca199b91cfc2ef667cd20201fbd.yml,c2efbca199b91cfc2ef667cd20201fbd.pdf,E:\byrdocs\c2efbca199b91cfc2ef667cd20201fbd.pdf,3594403,E:\byrdocs\c2efbca199b91cfc2ef667cd20201fbd.jpg,E:\byrdocs\c2efbca199b91cfc2ef667cd20201fbd.webp,,,https://byrdocs.org/files/c2efbca199b91cfc2ef667cd20201fbd.pdf
c375804ce7b1fe32aa1e1e676b4a221d,ready,include_after_storage_upload,book,电子电路基础及通信电子电路学习指导书,E:\byrdocs-archive\metadata\c375804ce7b1fe32aa1e1e676b4a221d.yml,c375804ce7b1fe32aa1e1e676b4a221d.pdf,E:\byrdocs\c375804ce7b1fe32aa1e1e676b4a221d.pdf,102854061,E:\byrdocs\c375804ce7b1fe32aa1e1e676b4a221d.jpg,E:\byrdocs\c375804ce7b1fe32aa1e1e676b4a221d.webp,,,https://byrdocs.org/files/c375804ce7b1fe32aa1e1e676b4a221d.pdf
c3ebb5477cf5cd636b86a68c0ef9d48d,ready,include_after_storage_upload,book,最优化理论与算法（第2版）,E:\byrdocs-archive\metadata\c3ebb5477cf5cd636b86a68c0ef9d48d.yml,c3ebb5477cf5cd636b86a68c0ef9d48d.pdf,E:\byrdocs\c3ebb5477cf5cd636b86a68c0ef9d48d.pdf,5496459,E:\byrdocs\c3ebb5477cf5cd636b86a68c0ef9d48d.jpg,E:\byrdocs\c3ebb5477cf5cd636b86a68c0ef9d48d.webp,,,https://byrdocs.org/files/c3ebb5477cf5cd636b86a68c0ef9d48d.pdf
c40de72eb466f8b19af6a6b8a33cc7f1,ready,include_after_storage_upload,test,马克思主义基本原理,E:\byrdocs-archive\metadata\c40de72eb466f8b19af6a6b8a33cc7f1.yml,c40de72eb466f8b19af6a6b8a33cc7f1.pdf,E:\byrdocs\c40de72eb466f8b19af6a6b8a33cc7f1.pdf,400588,E:\byrdocs\c40de72eb466f8b19af6a6b8a33cc7f1.jpg,E:\byrdocs\c40de72eb466f8b19af6a6b8a33cc7f1.webp,,,https://byrdocs.org/files/c40de72eb466f8b19af6a6b8a33cc7f1.pdf
c4776ec2efe4e25ceab46283d032fe7f,ready,include_after_storage_upload,doc,现代密码学-开卷考资料,E:\byrdocs-archive\metadata\c4776ec2efe4e25ceab46283d032fe7f.yml,c4776ec2efe4e25ceab46283d032fe7f.pdf,E:\byrdocs\c4776ec2efe4e25ceab46283d032fe7f.pdf,26428965,E:\byrdocs\c4776ec2efe4e25ceab46283d032fe7f.jpg,E:\byrdocs\c4776ec2efe4e25ceab46283d032fe7f.webp,,,https://byrdocs.org/files/c4776ec2efe4e25ceab46283d032fe7f.pdf
c50d28a6f506ef0914c09b2c5bd1d18a,ready,include_after_storage_upload,book,电路分析基础,E:\byrdocs-archive\metadata\c50d28a6f506ef0914c09b2c5bd1d18a.yml,c50d28a6f506ef0914c09b2c5bd1d18a.pdf,E:\byrdocs\c50d28a6f506ef0914c09b2c5bd1d18a.pdf,151639299,E:\byrdocs\c50d28a6f506ef0914c09b2c5bd1d18a.jpg,E:\byrdocs\c50d28a6f506ef0914c09b2c5bd1d18a.webp,,,https://byrdocs.org/files/c50d28a6f506ef0914c09b2c5bd1d18a.pdf
c53716eb4768321464b2eb1a830ee0ad,ready,include_after_storage_upload,test,基础物理学,E:\byrdocs-archive\metadata\c53716eb4768321464b2eb1a830ee0ad.yml,c53716eb4768321464b2eb1a830ee0ad.pdf,E:\byrdocs\c53716eb4768321464b2eb1a830ee0ad.pdf,1522616,E:\byrdocs\c53716eb4768321464b2eb1a830ee0ad.jpg,E:\byrdocs\c53716eb4768321464b2eb1a830ee0ad.webp,,,https://byrdocs.org/files/c53716eb4768321464b2eb1a830ee0ad.pdf
c593471723a6694a21736c692c0b454e,ready,include_after_storage_upload,test,机器学习,E:\byrdocs-archive\metadata\c593471723a6694a21736c692c0b454e.yml,c593471723a6694a21736c692c0b454e.pdf,E:\byrdocs\c593471723a6694a21736c692c0b454e.pdf,680240,E:\byrdocs\c593471723a6694a21736c692c0b454e.jpg,E:\byrdocs\c593471723a6694a21736c692c0b454e.webp,,,https://byrdocs.org/files/c593471723a6694a21736c692c0b454e.pdf
c5b8df80724f60c1ac23a4dbf72ae862,ready,include_after_storage_upload,doc,知识梳理（导论~第三章）,E:\byrdocs-archive\metadata\c5b8df80724f60c1ac23a4dbf72ae862.yml,c5b8df80724f60c1ac23a4dbf72ae862.pdf,E:\byrdocs\c5b8df80724f60c1ac23a4dbf72ae862.pdf,17796691,E:\byrdocs\c5b8df80724f60c1ac23a4dbf72ae862.jpg,E:\byrdocs\c5b8df80724f60c1ac23a4dbf72ae862.webp,,,https://byrdocs.org/files/c5b8df80724f60c1ac23a4dbf72ae862.pdf
c66ebbb39d2eaa5977e86684d47f373b,ready,include_after_storage_upload,test,概率论与数理统计,E:\byrdocs-archive\metadata\c66ebbb39d2eaa5977e86684d47f373b.yml,c66ebbb39d2eaa5977e86684d47f373b.pdf,E:\byrdocs\c66ebbb39d2eaa5977e86684d47f373b.pdf,2703061,E:\byrdocs\c66ebbb39d2eaa5977e86684d47f373b.jpg,E:\byrdocs\c66ebbb39d2eaa5977e86684d47f373b.webp,,,https://byrdocs.org/files/c66ebbb39d2eaa5977e86684d47f373b.pdf
c6b060a4cc5f1b41614f562fae864a3d,ready,include_after_storage_upload,book,复变函数论(第五版）学习指导书,E:\byrdocs-archive\metadata\c6b060a4cc5f1b41614f562fae864a3d.yml,c6b060a4cc5f1b41614f562fae864a3d.pdf,E:\byrdocs\c6b060a4cc5f1b41614f562fae864a3d.pdf,91232451,E:\byrdocs\c6b060a4cc5f1b41614f562fae864a3d.jpg,E:\byrdocs\c6b060a4cc5f1b41614f562fae864a3d.webp,,,https://byrdocs.org/files/c6b060a4cc5f1b41614f562fae864a3d.pdf
c6cd6634322f3279285f4c2bbf906399,ready,include_after_storage_upload,test,计算机系统结构,E:\byrdocs-archive\metadata\c6cd6634322f3279285f4c2bbf906399.yml,c6cd6634322f3279285f4c2bbf906399.pdf,E:\byrdocs\c6cd6634322f3279285f4c2bbf906399.pdf,1344112,E:\byrdocs\c6cd6634322f3279285f4c2bbf906399.jpg,E:\byrdocs\c6cd6634322f3279285f4c2bbf906399.webp,,,https://byrdocs.org/files/c6cd6634322f3279285f4c2bbf906399.pdf
c73dc52bf566d0b3f2b277f32406b4b9,ready,include_after_storage_upload,test,电路与电子学基础,E:\byrdocs-archive\metadata\c73dc52bf566d0b3f2b277f32406b4b9.yml,c73dc52bf566d0b3f2b277f32406b4b9.pdf,E:\byrdocs\c73dc52bf566d0b3f2b277f32406b4b9.pdf,533502,E:\byrdocs\c73dc52bf566d0b3f2b277f32406b4b9.jpg,E:\byrdocs\c73dc52bf566d0b3f2b277f32406b4b9.webp,,,https://byrdocs.org/files/c73dc52bf566d0b3f2b277f32406b4b9.pdf
c79336f53a916d999319aded55abd78b,ready,include_after_storage_upload,book,C++语言程序设计,E:\byrdocs-archive\metadata\c79336f53a916d999319aded55abd78b.yml,c79336f53a916d999319aded55abd78b.pdf,E:\byrdocs\c79336f53a916d999319aded55abd78b.pdf,132466545,E:\byrdocs\c79336f53a916d999319aded55abd78b.jpg,E:\byrdocs\c79336f53a916d999319aded55abd78b.webp,,,https://byrdocs.org/files/c79336f53a916d999319aded55abd78b.pdf
c83bedbfbf780f64ea459e8b5bb8682d,ready,include_after_storage_upload,book,通信原理,E:\byrdocs-archive\metadata\c83bedbfbf780f64ea459e8b5bb8682d.yml,c83bedbfbf780f64ea459e8b5bb8682d.pdf,E:\byrdocs\c83bedbfbf780f64ea459e8b5bb8682d.pdf,167382956,E:\byrdocs\c83bedbfbf780f64ea459e8b5bb8682d.jpg,E:\byrdocs\c83bedbfbf780f64ea459e8b5bb8682d.webp,,,https://byrdocs.org/files/c83bedbfbf780f64ea459e8b5bb8682d.pdf
c876b9c4ba06f4537533ddce3db361c6,ready,include_after_storage_upload,book,数字信号处理,E:\byrdocs-archive\metadata\c876b9c4ba06f4537533ddce3db361c6.yml,c876b9c4ba06f4537533ddce3db361c6.pdf,E:\byrdocs\c876b9c4ba06f4537533ddce3db361c6.pdf,22468244,E:\byrdocs\c876b9c4ba06f4537533ddce3db361c6.jpg,E:\byrdocs\c876b9c4ba06f4537533ddce3db361c6.webp,,,https://byrdocs.org/files/c876b9c4ba06f4537533ddce3db361c6.pdf
c8d8cd96b1ffd57f991c5a33734341b1,ready,include_after_storage_upload,test,大数据安全,E:\byrdocs-archive\metadata\c8d8cd96b1ffd57f991c5a33734341b1.yml,c8d8cd96b1ffd57f991c5a33734341b1.pdf,E:\byrdocs\c8d8cd96b1ffd57f991c5a33734341b1.pdf,3223992,E:\byrdocs\c8d8cd96b1ffd57f991c5a33734341b1.jpg,E:\byrdocs\c8d8cd96b1ffd57f991c5a33734341b1.webp,,,https://byrdocs.org/files/c8d8cd96b1ffd57f991c5a33734341b1.pdf
c8e8f9960aa2e223aeeba3a42efbaff5,ready,include_after_storage_upload,test,软件工程经济学,E:\byrdocs-archive\metadata\c8e8f9960aa2e223aeeba3a42efbaff5.yml,c8e8f9960aa2e223aeeba3a42efbaff5.pdf,E:\byrdocs\c8e8f9960aa2e223aeeba3a42efbaff5.pdf,3714370,E:\byrdocs\c8e8f9960aa2e223aeeba3a42efbaff5.jpg,E:\byrdocs\c8e8f9960aa2e223aeeba3a42efbaff5.webp,,,https://byrdocs.org/files/c8e8f9960aa2e223aeeba3a42efbaff5.pdf
c8e97b1d423103e1693c6a33eb5669a2,ready,include_after_storage_upload,doc,廖承恩《微波技术基础》习题解答,E:\byrdocs-archive\metadata\c8e97b1d423103e1693c6a33eb5669a2.yml,c8e97b1d423103e1693c6a33eb5669a2.pdf,E:\byrdocs\c8e97b1d423103e1693c6a33eb5669a2.pdf,774427,E:\byrdocs\c8e97b1d423103e1693c6a33eb5669a2.jpg,E:\byrdocs\c8e97b1d423103e1693c6a33eb5669a2.webp,,,https://byrdocs.org/files/c8e97b1d423103e1693c6a33eb5669a2.pdf
c8f6a9c7e6a787afb79c1d598e08b0d8,ready,include_after_storage_upload,test,电磁场与电磁波,E:\byrdocs-archive\metadata\c8f6a9c7e6a787afb79c1d598e08b0d8.yml,c8f6a9c7e6a787afb79c1d598e08b0d8.pdf,E:\byrdocs\c8f6a9c7e6a787afb79c1d598e08b0d8.pdf,217616,E:\byrdocs\c8f6a9c7e6a787afb79c1d598e08b0d8.jpg,E:\byrdocs\c8f6a9c7e6a787afb79c1d598e08b0d8.webp,,,https://byrdocs.org/files/c8f6a9c7e6a787afb79c1d598e08b0d8.pdf
c93cd3f32fdcdacf20b59129e3796b47,ready,include_after_storage_upload,doc,知识点,E:\byrdocs-archive\metadata\c93cd3f32fdcdacf20b59129e3796b47.yml,c93cd3f32fdcdacf20b59129e3796b47.pdf,E:\byrdocs\c93cd3f32fdcdacf20b59129e3796b47.pdf,7403938,E:\byrdocs\c93cd3f32fdcdacf20b59129e3796b47.jpg,E:\byrdocs\c93cd3f32fdcdacf20b59129e3796b47.webp,,,https://byrdocs.org/files/c93cd3f32fdcdacf20b59129e3796b47.pdf
c99d0ea28615e3deb23930d7b036596e,ready,include_after_storage_upload,book,工程数学：复变函数、矢量分析与场论、数学物理方法,E:\byrdocs-archive\metadata\c99d0ea28615e3deb23930d7b036596e.yml,c99d0ea28615e3deb23930d7b036596e.pdf,E:\byrdocs\c99d0ea28615e3deb23930d7b036596e.pdf,47334932,E:\byrdocs\c99d0ea28615e3deb23930d7b036596e.jpg,E:\byrdocs\c99d0ea28615e3deb23930d7b036596e.webp,,,https://byrdocs.org/files/c99d0ea28615e3deb23930d7b036596e.pdf
c9b61a9905db4bfcf56906b72df6fe9f,ready,include_after_storage_upload,test,Linux 编程环境,E:\byrdocs-archive\metadata\c9b61a9905db4bfcf56906b72df6fe9f.yml,c9b61a9905db4bfcf56906b72df6fe9f.pdf,E:\byrdocs\c9b61a9905db4bfcf56906b72df6fe9f.pdf,2008932,E:\byrdocs\c9b61a9905db4bfcf56906b72df6fe9f.jpg,E:\byrdocs\c9b61a9905db4bfcf56906b72df6fe9f.webp,,,https://byrdocs.org/files/c9b61a9905db4bfcf56906b72df6fe9f.pdf
c9c7e4833388a8b53e112938ac1df847,ready,include_after_storage_upload,test,进阶综合英语（上）,E:\byrdocs-archive\metadata\c9c7e4833388a8b53e112938ac1df847.yml,c9c7e4833388a8b53e112938ac1df847.pdf,E:\byrdocs\c9c7e4833388a8b53e112938ac1df847.pdf,1485768,E:\byrdocs\c9c7e4833388a8b53e112938ac1df847.jpg,E:\byrdocs\c9c7e4833388a8b53e112938ac1df847.webp,,,https://byrdocs.org/files/c9c7e4833388a8b53e112938ac1df847.pdf
c9c855cf4ac2c771ac98734246847656,ready,include_after_storage_upload,book,Database System Concepts,E:\byrdocs-archive\metadata\c9c855cf4ac2c771ac98734246847656.yml,c9c855cf4ac2c771ac98734246847656.pdf,E:\byrdocs\c9c855cf4ac2c771ac98734246847656.pdf,15664467,E:\byrdocs\c9c855cf4ac2c771ac98734246847656.jpg,E:\byrdocs\c9c855cf4ac2c771ac98734246847656.webp,,,https://byrdocs.org/files/c9c855cf4ac2c771ac98734246847656.pdf
ca6032af237b26b30331030fd94549a0,ready,include_after_storage_upload,book,电磁场与电磁波,E:\byrdocs-archive\metadata\ca6032af237b26b30331030fd94549a0.yml,ca6032af237b26b30331030fd94549a0.pdf,E:\byrdocs\ca6032af237b26b30331030fd94549a0.pdf,348196225,E:\byrdocs\ca6032af237b26b30331030fd94549a0.jpg,E:\byrdocs\ca6032af237b26b30331030fd94549a0.webp,,,https://byrdocs.org/files/ca6032af237b26b30331030fd94549a0.pdf
cabae899bc16dea5ef813e802ca92809,ready,include_after_storage_upload,test,通信原理,E:\byrdocs-archive\metadata\cabae899bc16dea5ef813e802ca92809.yml,cabae899bc16dea5ef813e802ca92809.pdf,E:\byrdocs\cabae899bc16dea5ef813e802ca92809.pdf,636052,E:\byrdocs\cabae899bc16dea5ef813e802ca92809.jpg,E:\byrdocs\cabae899bc16dea5ef813e802ca92809.webp,,,https://byrdocs.org/files/cabae899bc16dea5ef813e802ca92809.pdf
cac409c1878ac487af3a39687c924ffc,ready,include_after_storage_upload,book,"Introduction to Automata Theory, Languages, and Computations",E:\byrdocs-archive\metadata\cac409c1878ac487af3a39687c924ffc.yml,cac409c1878ac487af3a39687c924ffc.pdf,E:\byrdocs\cac409c1878ac487af3a39687c924ffc.pdf,5944147,E:\byrdocs\cac409c1878ac487af3a39687c924ffc.jpg,E:\byrdocs\cac409c1878ac487af3a39687c924ffc.webp,,,https://byrdocs.org/files/cac409c1878ac487af3a39687c924ffc.pdf
cb1ebca2dd24f56a81edfb5a9bbe265e,ready,include_after_storage_upload,doc,模拟集成电路设计-韩可-PPT,E:\byrdocs-archive\metadata\cb1ebca2dd24f56a81edfb5a9bbe265e.yml,cb1ebca2dd24f56a81edfb5a9bbe265e.pdf,E:\byrdocs\cb1ebca2dd24f56a81edfb5a9bbe265e.pdf,14871053,E:\byrdocs\cb1ebca2dd24f56a81edfb5a9bbe265e.jpg,E:\byrdocs\cb1ebca2dd24f56a81edfb5a9bbe265e.webp,,,https://byrdocs.org/files/cb1ebca2dd24f56a81edfb5a9bbe265e.pdf
cb33720df78192c621645612d49b36f8,ready,include_after_storage_upload,doc,2020 计算机网络期末考试样题,E:\byrdocs-archive\metadata\cb33720df78192c621645612d49b36f8.yml,cb33720df78192c621645612d49b36f8.pdf,E:\byrdocs\cb33720df78192c621645612d49b36f8.pdf,1449012,E:\byrdocs\cb33720df78192c621645612d49b36f8.jpg,E:\byrdocs\cb33720df78192c621645612d49b36f8.webp,,,https://byrdocs.org/files/cb33720df78192c621645612d49b36f8.pdf
cb353d52b0b1dfe069038faab273efe7,ready,include_after_storage_upload,doc,2020 操作系统期末模拟试题,E:\byrdocs-archive\metadata\cb353d52b0b1dfe069038faab273efe7.yml,cb353d52b0b1dfe069038faab273efe7.pdf,E:\byrdocs\cb353d52b0b1dfe069038faab273efe7.pdf,403233,E:\byrdocs\cb353d52b0b1dfe069038faab273efe7.jpg,E:\byrdocs\cb353d52b0b1dfe069038faab273efe7.webp,,,https://byrdocs.org/files/cb353d52b0b1dfe069038faab273efe7.pdf
cb579b6a18e28dcca3c226fd08a81362,ready,include_after_storage_upload,doc,大物实验报告,E:\byrdocs-archive\metadata\cb579b6a18e28dcca3c226fd08a81362.yml,cb579b6a18e28dcca3c226fd08a81362.zip,E:\byrdocs\cb579b6a18e28dcca3c226fd08a81362.zip,133928325,E:\byrdocs\cb579b6a18e28dcca3c226fd08a81362.jpg,E:\byrdocs\cb579b6a18e28dcca3c226fd08a81362.webp,,,https://byrdocs.org/files/cb579b6a18e28dcca3c226fd08a81362.zip
cb969c1ad8fed47a63a19eb16a3368d4,ready,include_after_storage_upload,book,离散数学及其应用（原书第8版）,E:\byrdocs-archive\metadata\cb969c1ad8fed47a63a19eb16a3368d4.yml,cb969c1ad8fed47a63a19eb16a3368d4.pdf,E:\byrdocs\cb969c1ad8fed47a63a19eb16a3368d4.pdf,279281253,E:\byrdocs\cb969c1ad8fed47a63a19eb16a3368d4.jpg,E:\byrdocs\cb969c1ad8fed47a63a19eb16a3368d4.webp,,,https://byrdocs.org/files/cb969c1ad8fed47a63a19eb16a3368d4.pdf
cbba62422061ea8eaf1ca8f1b68ce281,ready,include_after_storage_upload,test,概率论与数理统计,E:\byrdocs-archive\metadata\cbba62422061ea8eaf1ca8f1b68ce281.yml,cbba62422061ea8eaf1ca8f1b68ce281.pdf,E:\byrdocs\cbba62422061ea8eaf1ca8f1b68ce281.pdf,223247,E:\byrdocs\cbba62422061ea8eaf1ca8f1b68ce281.jpg,E:\byrdocs\cbba62422061ea8eaf1ca8f1b68ce281.webp,,,https://byrdocs.org/files/cbba62422061ea8eaf1ca8f1b68ce281.pdf
cbdf08cbbecffb096c220bc15f477d53,ready,include_after_storage_upload,doc,网安C++高级语言程序设计代码,E:\byrdocs-archive\metadata\cbdf08cbbecffb096c220bc15f477d53.yml,cbdf08cbbecffb096c220bc15f477d53.zip,E:\byrdocs\cbdf08cbbecffb096c220bc15f477d53.zip,54124,E:\byrdocs\cbdf08cbbecffb096c220bc15f477d53.jpg,E:\byrdocs\cbdf08cbbecffb096c220bc15f477d53.webp,,,https://byrdocs.org/files/cbdf08cbbecffb096c220bc15f477d53.zip
cc8e160a156df4304ef2ecaf900bf46b,ready,include_after_storage_upload,book,汇编语言,E:\byrdocs-archive\metadata\cc8e160a156df4304ef2ecaf900bf46b.yml,cc8e160a156df4304ef2ecaf900bf46b.pdf,E:\byrdocs\cc8e160a156df4304ef2ecaf900bf46b.pdf,47918305,E:\byrdocs\cc8e160a156df4304ef2ecaf900bf46b.jpg,E:\byrdocs\cc8e160a156df4304ef2ecaf900bf46b.webp,,,https://byrdocs.org/files/cc8e160a156df4304ef2ecaf900bf46b.pdf
cce62ff0ce195c494ca9c14947bcfe98,ready,include_after_storage_upload,doc,计算机系统结构练习题讲解20170527,E:\byrdocs-archive\metadata\cce62ff0ce195c494ca9c14947bcfe98.yml,cce62ff0ce195c494ca9c14947bcfe98.pdf,E:\byrdocs\cce62ff0ce195c494ca9c14947bcfe98.pdf,1301363,E:\byrdocs\cce62ff0ce195c494ca9c14947bcfe98.jpg,E:\byrdocs\cce62ff0ce195c494ca9c14947bcfe98.webp,,,https://byrdocs.org/files/cce62ff0ce195c494ca9c14947bcfe98.pdf
cd38a4ea748f8c4bad0ed951c854285e,ready,include_after_storage_upload,test,大学物理D（上）,E:\byrdocs-archive\metadata\cd38a4ea748f8c4bad0ed951c854285e.yml,cd38a4ea748f8c4bad0ed951c854285e.pdf,E:\byrdocs\cd38a4ea748f8c4bad0ed951c854285e.pdf,6944019,E:\byrdocs\cd38a4ea748f8c4bad0ed951c854285e.jpg,E:\byrdocs\cd38a4ea748f8c4bad0ed951c854285e.webp,,,https://byrdocs.org/files/cd38a4ea748f8c4bad0ed951c854285e.pdf
cd5236541336f5ebbc0fbaedf4392629,ready,include_after_storage_upload,book,大学物理学（第三版）/Physics for Scientists and Engineers with Modern Physics,E:\byrdocs-archive\metadata\cd5236541336f5ebbc0fbaedf4392629.yml,cd5236541336f5ebbc0fbaedf4392629.pdf,E:\byrdocs\cd5236541336f5ebbc0fbaedf4392629.pdf,257275041,E:\byrdocs\cd5236541336f5ebbc0fbaedf4392629.jpg,E:\byrdocs\cd5236541336f5ebbc0fbaedf4392629.webp,,,https://byrdocs.org/files/cd5236541336f5ebbc0fbaedf4392629.pdf
cd585a316792bc2215ab145074ee1bc0,ready,include_after_storage_upload,test,大学物理A（下）,E:\byrdocs-archive\metadata\cd585a316792bc2215ab145074ee1bc0.yml,cd585a316792bc2215ab145074ee1bc0.pdf,E:\byrdocs\cd585a316792bc2215ab145074ee1bc0.pdf,1183157,E:\byrdocs\cd585a316792bc2215ab145074ee1bc0.jpg,E:\byrdocs\cd585a316792bc2215ab145074ee1bc0.webp,,,https://byrdocs.org/files/cd585a316792bc2215ab145074ee1bc0.pdf
cd7b59dda6f2c56652c88459dee6f524,ready,include_after_storage_upload,test,电磁场与电磁波,E:\byrdocs-archive\metadata\cd7b59dda6f2c56652c88459dee6f524.yml,cd7b59dda6f2c56652c88459dee6f524.pdf,E:\byrdocs\cd7b59dda6f2c56652c88459dee6f524.pdf,870832,E:\byrdocs\cd7b59dda6f2c56652c88459dee6f524.jpg,E:\byrdocs\cd7b59dda6f2c56652c88459dee6f524.webp,,,https://byrdocs.org/files/cd7b59dda6f2c56652c88459dee6f524.pdf
cd7e5942ce4103e93e2cdb63ba4a93c6,ready,include_after_storage_upload,test,电磁场与电磁波,E:\byrdocs-archive\metadata\cd7e5942ce4103e93e2cdb63ba4a93c6.yml,cd7e5942ce4103e93e2cdb63ba4a93c6.pdf,E:\byrdocs\cd7e5942ce4103e93e2cdb63ba4a93c6.pdf,916074,E:\byrdocs\cd7e5942ce4103e93e2cdb63ba4a93c6.jpg,E:\byrdocs\cd7e5942ce4103e93e2cdb63ba4a93c6.webp,,,https://byrdocs.org/files/cd7e5942ce4103e93e2cdb63ba4a93c6.pdf
cdff1b50cad1186d9fd6b822a5b00f86,ready,include_after_storage_upload,doc,计算机系统基础PPT,E:\byrdocs-archive\metadata\cdff1b50cad1186d9fd6b822a5b00f86.yml,cdff1b50cad1186d9fd6b822a5b00f86.zip,E:\byrdocs\cdff1b50cad1186d9fd6b822a5b00f86.zip,20189826,E:\byrdocs\cdff1b50cad1186d9fd6b822a5b00f86.jpg,E:\byrdocs\cdff1b50cad1186d9fd6b822a5b00f86.webp,,,https://byrdocs.org/files/cdff1b50cad1186d9fd6b822a5b00f86.zip
ce3c183f24860ef819f2cec738d14c05,ready,include_after_storage_upload,book,数学分析 上册,E:\byrdocs-archive\metadata\ce3c183f24860ef819f2cec738d14c05.yml,ce3c183f24860ef819f2cec738d14c05.pdf,E:\byrdocs\ce3c183f24860ef819f2cec738d14c05.pdf,110498518,E:\byrdocs\ce3c183f24860ef819f2cec738d14c05.jpg,E:\byrdocs\ce3c183f24860ef819f2cec738d14c05.webp,,,https://byrdocs.org/files/ce3c183f24860ef819f2cec738d14c05.pdf
ce97c823196212c1cb6998710da384fb,ready,include_after_storage_upload,book,The C Programming Language,E:\byrdocs-archive\metadata\ce97c823196212c1cb6998710da384fb.yml,ce97c823196212c1cb6998710da384fb.pdf,E:\byrdocs\ce97c823196212c1cb6998710da384fb.pdf,23941783,E:\byrdocs\ce97c823196212c1cb6998710da384fb.jpg,E:\byrdocs\ce97c823196212c1cb6998710da384fb.webp,,,https://byrdocs.org/files/ce97c823196212c1cb6998710da384fb.pdf
cea6f356655a3c870392f19d8b0720fb,ready,include_after_storage_upload,book,线性代数与几何学习辅导,E:\byrdocs-archive\metadata\cea6f356655a3c870392f19d8b0720fb.yml,cea6f356655a3c870392f19d8b0720fb.pdf,E:\byrdocs\cea6f356655a3c870392f19d8b0720fb.pdf,52289808,E:\byrdocs\cea6f356655a3c870392f19d8b0720fb.jpg,E:\byrdocs\cea6f356655a3c870392f19d8b0720fb.webp,,,https://byrdocs.org/files/cea6f356655a3c870392f19d8b0720fb.pdf
cea8d3fbbd654a034177eac609fdb01e,ready,include_after_storage_upload,doc,思维导图,E:\byrdocs-archive\metadata\cea8d3fbbd654a034177eac609fdb01e.yml,cea8d3fbbd654a034177eac609fdb01e.pdf,E:\byrdocs\cea8d3fbbd654a034177eac609fdb01e.pdf,3726538,E:\byrdocs\cea8d3fbbd654a034177eac609fdb01e.jpg,E:\byrdocs\cea8d3fbbd654a034177eac609fdb01e.webp,,,https://byrdocs.org/files/cea8d3fbbd654a034177eac609fdb01e.pdf
ceae2a1d49909087f5051e33dbd9ad74,ready,include_after_storage_upload,test,数学分析（上）,E:\byrdocs-archive\metadata\ceae2a1d49909087f5051e33dbd9ad74.yml,ceae2a1d49909087f5051e33dbd9ad74.pdf,E:\byrdocs\ceae2a1d49909087f5051e33dbd9ad74.pdf,1398745,E:\byrdocs\ceae2a1d49909087f5051e33dbd9ad74.jpg,E:\byrdocs\ceae2a1d49909087f5051e33dbd9ad74.webp,,,https://byrdocs.org/files/ceae2a1d49909087f5051e33dbd9ad74.pdf
cebe2f8471281bc7e2a202bfbbad2d6e,ready,include_after_storage_upload,test,电磁场与电磁波,E:\byrdocs-archive\metadata\cebe2f8471281bc7e2a202bfbbad2d6e.yml,cebe2f8471281bc7e2a202bfbbad2d6e.pdf,E:\byrdocs\cebe2f8471281bc7e2a202bfbbad2d6e.pdf,221078,E:\byrdocs\cebe2f8471281bc7e2a202bfbbad2d6e.jpg,E:\byrdocs\cebe2f8471281bc7e2a202bfbbad2d6e.webp,,,https://byrdocs.org/files/cebe2f8471281bc7e2a202bfbbad2d6e.pdf
cf1f087504dcab57d0a4c84b46d433b1,ready,include_after_storage_upload,test,通信原理,E:\byrdocs-archive\metadata\cf1f087504dcab57d0a4c84b46d433b1.yml,cf1f087504dcab57d0a4c84b46d433b1.pdf,E:\byrdocs\cf1f087504dcab57d0a4c84b46d433b1.pdf,725288,E:\byrdocs\cf1f087504dcab57d0a4c84b46d433b1.jpg,E:\byrdocs\cf1f087504dcab57d0a4c84b46d433b1.webp,,,https://byrdocs.org/files/cf1f087504dcab57d0a4c84b46d433b1.pdf
cfde3b41fbb0f45df5d1ea0c9389b2ec,ready,include_after_storage_upload,test,操作系统,E:\byrdocs-archive\metadata\cfde3b41fbb0f45df5d1ea0c9389b2ec.yml,cfde3b41fbb0f45df5d1ea0c9389b2ec.pdf,E:\byrdocs\cfde3b41fbb0f45df5d1ea0c9389b2ec.pdf,806014,E:\byrdocs\cfde3b41fbb0f45df5d1ea0c9389b2ec.jpg,E:\byrdocs\cfde3b41fbb0f45df5d1ea0c9389b2ec.webp,,,https://byrdocs.org/files/cfde3b41fbb0f45df5d1ea0c9389b2ec.pdf
cff2fb2ee5eba8180781836ab9a268c4,ready,include_after_storage_upload,doc,军事理论大题库,E:\byrdocs-archive\metadata\cff2fb2ee5eba8180781836ab9a268c4.yml,cff2fb2ee5eba8180781836ab9a268c4.pdf,E:\byrdocs\cff2fb2ee5eba8180781836ab9a268c4.pdf,1976320,E:\byrdocs\cff2fb2ee5eba8180781836ab9a268c4.jpg,E:\byrdocs\cff2fb2ee5eba8180781836ab9a268c4.webp,,,https://byrdocs.org/files/cff2fb2ee5eba8180781836ab9a268c4.pdf
d06302955a999caf9846690fa2964b92,ready,include_after_storage_upload,doc,量子计算导论-高飞PPT,E:\byrdocs-archive\metadata\d06302955a999caf9846690fa2964b92.yml,d06302955a999caf9846690fa2964b92.zip,E:\byrdocs\d06302955a999caf9846690fa2964b92.zip,17740181,E:\byrdocs\d06302955a999caf9846690fa2964b92.jpg,E:\byrdocs\d06302955a999caf9846690fa2964b92.webp,,,https://byrdocs.org/files/d06302955a999caf9846690fa2964b92.zip
d0677a76df07c0a7e2ab76cc64a1c18d,ready,include_after_storage_upload,book,Signals and Systems (信号与系统 英文版),E:\byrdocs-archive\metadata\d0677a76df07c0a7e2ab76cc64a1c18d.yml,d0677a76df07c0a7e2ab76cc64a1c18d.pdf,E:\byrdocs\d0677a76df07c0a7e2ab76cc64a1c18d.pdf,129624496,E:\byrdocs\d0677a76df07c0a7e2ab76cc64a1c18d.jpg,E:\byrdocs\d0677a76df07c0a7e2ab76cc64a1c18d.webp,,,https://byrdocs.org/files/d0677a76df07c0a7e2ab76cc64a1c18d.pdf
d067b4aa14a05457162906222eab2dc1,ready,include_after_storage_upload,doc,23年毛概-大纲,E:\byrdocs-archive\metadata\d067b4aa14a05457162906222eab2dc1.yml,d067b4aa14a05457162906222eab2dc1.pdf,E:\byrdocs\d067b4aa14a05457162906222eab2dc1.pdf,1168630,E:\byrdocs\d067b4aa14a05457162906222eab2dc1.jpg,E:\byrdocs\d067b4aa14a05457162906222eab2dc1.webp,,,https://byrdocs.org/files/d067b4aa14a05457162906222eab2dc1.pdf
d0741d59183c727ee64529eba045ad5d,ready,include_after_storage_upload,book,通信原理,E:\byrdocs-archive\metadata\d0741d59183c727ee64529eba045ad5d.yml,d0741d59183c727ee64529eba045ad5d.pdf,E:\byrdocs\d0741d59183c727ee64529eba045ad5d.pdf,212544051,E:\byrdocs\d0741d59183c727ee64529eba045ad5d.jpg,E:\byrdocs\d0741d59183c727ee64529eba045ad5d.webp,,,https://byrdocs.org/files/d0741d59183c727ee64529eba045ad5d.pdf
d084ca00aa6a0d5c97f81c63ac93abe1,ready,include_after_storage_upload,book,理论物理学教程 第2卷 场论 第8版,E:\byrdocs-archive\metadata\d084ca00aa6a0d5c97f81c63ac93abe1.yml,d084ca00aa6a0d5c97f81c63ac93abe1.pdf,E:\byrdocs\d084ca00aa6a0d5c97f81c63ac93abe1.pdf,54489170,E:\byrdocs\d084ca00aa6a0d5c97f81c63ac93abe1.jpg,E:\byrdocs\d084ca00aa6a0d5c97f81c63ac93abe1.webp,,,https://byrdocs.org/files/d084ca00aa6a0d5c97f81c63ac93abe1.pdf
d0853b6e2ce355f12b4f119dea47567a,ready,include_after_storage_upload,book,计算机系统要素：从零开始构建现代计算机,E:\byrdocs-archive\metadata\d0853b6e2ce355f12b4f119dea47567a.yml,d0853b6e2ce355f12b4f119dea47567a.pdf,E:\byrdocs\d0853b6e2ce355f12b4f119dea47567a.pdf,45223426,E:\byrdocs\d0853b6e2ce355f12b4f119dea47567a.jpg,E:\byrdocs\d0853b6e2ce355f12b4f119dea47567a.webp,,,https://byrdocs.org/files/d0853b6e2ce355f12b4f119dea47567a.pdf
d0a4279569b9fe79de8d00dfa0827392,ready,include_after_storage_upload,doc,知识点,E:\byrdocs-archive\metadata\d0a4279569b9fe79de8d00dfa0827392.yml,d0a4279569b9fe79de8d00dfa0827392.pdf,E:\byrdocs\d0a4279569b9fe79de8d00dfa0827392.pdf,1703309,E:\byrdocs\d0a4279569b9fe79de8d00dfa0827392.jpg,E:\byrdocs\d0a4279569b9fe79de8d00dfa0827392.webp,,,https://byrdocs.org/files/d0a4279569b9fe79de8d00dfa0827392.pdf
d1eb80f498b81137c90e9e52bb824f84,ready,include_after_storage_upload,book,大话数据结构,E:\byrdocs-archive\metadata\d1eb80f498b81137c90e9e52bb824f84.yml,d1eb80f498b81137c90e9e52bb824f84.pdf,E:\byrdocs\d1eb80f498b81137c90e9e52bb824f84.pdf,51521335,E:\byrdocs\d1eb80f498b81137c90e9e52bb824f84.jpg,E:\byrdocs\d1eb80f498b81137c90e9e52bb824f84.webp,,,https://byrdocs.org/files/d1eb80f498b81137c90e9e52bb824f84.pdf
d1ecd9887b3b93e2da4915d6dca1940f,ready,include_after_storage_upload,test,线性代数,E:\byrdocs-archive\metadata\d1ecd9887b3b93e2da4915d6dca1940f.yml,d1ecd9887b3b93e2da4915d6dca1940f.pdf,E:\byrdocs\d1ecd9887b3b93e2da4915d6dca1940f.pdf,1287689,E:\byrdocs\d1ecd9887b3b93e2da4915d6dca1940f.jpg,E:\byrdocs\d1ecd9887b3b93e2da4915d6dca1940f.webp,,,https://byrdocs.org/files/d1ecd9887b3b93e2da4915d6dca1940f.pdf
d23966bc5bd8bc4042ca5318e32311b0,ready,include_after_storage_upload,book,C程序设计导引,E:\byrdocs-archive\metadata\d23966bc5bd8bc4042ca5318e32311b0.yml,d23966bc5bd8bc4042ca5318e32311b0.pdf,E:\byrdocs\d23966bc5bd8bc4042ca5318e32311b0.pdf,12718186,E:\byrdocs\d23966bc5bd8bc4042ca5318e32311b0.jpg,E:\byrdocs\d23966bc5bd8bc4042ca5318e32311b0.webp,,,https://byrdocs.org/files/d23966bc5bd8bc4042ca5318e32311b0.pdf
d26d12213f3883ddea4fe15b683a0676,ready,include_after_storage_upload,book,多元统计分析,E:\byrdocs-archive\metadata\d26d12213f3883ddea4fe15b683a0676.yml,d26d12213f3883ddea4fe15b683a0676.pdf,E:\byrdocs\d26d12213f3883ddea4fe15b683a0676.pdf,101858286,E:\byrdocs\d26d12213f3883ddea4fe15b683a0676.jpg,E:\byrdocs\d26d12213f3883ddea4fe15b683a0676.webp,,,https://byrdocs.org/files/d26d12213f3883ddea4fe15b683a0676.pdf
d2a5c7f1cbb598fc257731b2e3bf42c6,ready,include_after_storage_upload,test,随机信号分析,E:\byrdocs-archive\metadata\d2a5c7f1cbb598fc257731b2e3bf42c6.yml,d2a5c7f1cbb598fc257731b2e3bf42c6.pdf,E:\byrdocs\d2a5c7f1cbb598fc257731b2e3bf42c6.pdf,367745,E:\byrdocs\d2a5c7f1cbb598fc257731b2e3bf42c6.jpg,E:\byrdocs\d2a5c7f1cbb598fc257731b2e3bf42c6.webp,,,https://byrdocs.org/files/d2a5c7f1cbb598fc257731b2e3bf42c6.pdf
d2b4051bcb3693b21d406690567ce192,ready,include_after_storage_upload,test,高等数学（下）,E:\byrdocs-archive\metadata\d2b4051bcb3693b21d406690567ce192.yml,d2b4051bcb3693b21d406690567ce192.pdf,E:\byrdocs\d2b4051bcb3693b21d406690567ce192.pdf,279275,E:\byrdocs\d2b4051bcb3693b21d406690567ce192.jpg,E:\byrdocs\d2b4051bcb3693b21d406690567ce192.webp,,,https://byrdocs.org/files/d2b4051bcb3693b21d406690567ce192.pdf
d2c7dba3c16005c19603778664e584ab,ready,include_after_storage_upload,test,大学计算机,E:\byrdocs-archive\metadata\d2c7dba3c16005c19603778664e584ab.yml,d2c7dba3c16005c19603778664e584ab.pdf,E:\byrdocs\d2c7dba3c16005c19603778664e584ab.pdf,337961,E:\byrdocs\d2c7dba3c16005c19603778664e584ab.jpg,E:\byrdocs\d2c7dba3c16005c19603778664e584ab.webp,,,https://byrdocs.org/files/d2c7dba3c16005c19603778664e584ab.pdf
d2f1c75a9110dc1f13f61edec7150999,ready,include_after_storage_upload,test,形式语言与自动机,E:\byrdocs-archive\metadata\d2f1c75a9110dc1f13f61edec7150999.yml,d2f1c75a9110dc1f13f61edec7150999.pdf,E:\byrdocs\d2f1c75a9110dc1f13f61edec7150999.pdf,182571,E:\byrdocs\d2f1c75a9110dc1f13f61edec7150999.jpg,E:\byrdocs\d2f1c75a9110dc1f13f61edec7150999.webp,,,https://byrdocs.org/files/d2f1c75a9110dc1f13f61edec7150999.pdf
d3a7b2593126e5646dd470dba681c996,ready,include_after_storage_upload,doc,马克思主义基本原理复习资料,E:\byrdocs-archive\metadata\d3a7b2593126e5646dd470dba681c996.yml,d3a7b2593126e5646dd470dba681c996.pdf,E:\byrdocs\d3a7b2593126e5646dd470dba681c996.pdf,521258,E:\byrdocs\d3a7b2593126e5646dd470dba681c996.jpg,E:\byrdocs\d3a7b2593126e5646dd470dba681c996.webp,,,https://byrdocs.org/files/d3a7b2593126e5646dd470dba681c996.pdf
d4008144c934abfd4a0d85610254e4fb,ready,include_after_storage_upload,test,计算机组成与系统结构,E:\byrdocs-archive\metadata\d4008144c934abfd4a0d85610254e4fb.yml,d4008144c934abfd4a0d85610254e4fb.pdf,E:\byrdocs\d4008144c934abfd4a0d85610254e4fb.pdf,538255,E:\byrdocs\d4008144c934abfd4a0d85610254e4fb.jpg,E:\byrdocs\d4008144c934abfd4a0d85610254e4fb.webp,,,https://byrdocs.org/files/d4008144c934abfd4a0d85610254e4fb.pdf
d4082875ceb29f91df11117b70bffae0,ready,include_after_storage_upload,test,微机原理与接口技术,E:\byrdocs-archive\metadata\d4082875ceb29f91df11117b70bffae0.yml,d4082875ceb29f91df11117b70bffae0.pdf,E:\byrdocs\d4082875ceb29f91df11117b70bffae0.pdf,1279643,E:\byrdocs\d4082875ceb29f91df11117b70bffae0.jpg,E:\byrdocs\d4082875ceb29f91df11117b70bffae0.webp,,,https://byrdocs.org/files/d4082875ceb29f91df11117b70bffae0.pdf
d42ffa323388de30d9988553e1bf3dda,ready,include_after_storage_upload,test,高等代数（下）,E:\byrdocs-archive\metadata\d42ffa323388de30d9988553e1bf3dda.yml,d42ffa323388de30d9988553e1bf3dda.pdf,E:\byrdocs\d42ffa323388de30d9988553e1bf3dda.pdf,349536,E:\byrdocs\d42ffa323388de30d9988553e1bf3dda.jpg,E:\byrdocs\d42ffa323388de30d9988553e1bf3dda.webp,,,https://byrdocs.org/files/d42ffa323388de30d9988553e1bf3dda.pdf
d435a8af6248ac2141c14987ab4ed0ed,ready,include_after_storage_upload,book,操作系统概念（原书第9版）,E:\byrdocs-archive\metadata\d435a8af6248ac2141c14987ab4ed0ed.yml,d435a8af6248ac2141c14987ab4ed0ed.pdf,E:\byrdocs\d435a8af6248ac2141c14987ab4ed0ed.pdf,143438091,E:\byrdocs\d435a8af6248ac2141c14987ab4ed0ed.jpg,E:\byrdocs\d435a8af6248ac2141c14987ab4ed0ed.webp,,,https://byrdocs.org/files/d435a8af6248ac2141c14987ab4ed0ed.pdf
d46546a569f366a13acd50ac57d5e812,ready,include_after_storage_upload,book,信号的统计检测与估计理论,E:\byrdocs-archive\metadata\d46546a569f366a13acd50ac57d5e812.yml,d46546a569f366a13acd50ac57d5e812.pdf,E:\byrdocs\d46546a569f366a13acd50ac57d5e812.pdf,10292674,E:\byrdocs\d46546a569f366a13acd50ac57d5e812.jpg,E:\byrdocs\d46546a569f366a13acd50ac57d5e812.webp,,,https://byrdocs.org/files/d46546a569f366a13acd50ac57d5e812.pdf
d48875497d31f88735659851ebde24fe,ready,include_after_storage_upload,test,大学物理B（上）,E:\byrdocs-archive\metadata\d48875497d31f88735659851ebde24fe.yml,d48875497d31f88735659851ebde24fe.pdf,E:\byrdocs\d48875497d31f88735659851ebde24fe.pdf,725128,E:\byrdocs\d48875497d31f88735659851ebde24fe.jpg,E:\byrdocs\d48875497d31f88735659851ebde24fe.webp,,,https://byrdocs.org/files/d48875497d31f88735659851ebde24fe.pdf
d4b6ef078ac4d425c3ac4f0c41977b51,ready,include_after_storage_upload,test,信息通信概论,E:\byrdocs-archive\metadata\d4b6ef078ac4d425c3ac4f0c41977b51.yml,d4b6ef078ac4d425c3ac4f0c41977b51.pdf,E:\byrdocs\d4b6ef078ac4d425c3ac4f0c41977b51.pdf,347227,E:\byrdocs\d4b6ef078ac4d425c3ac4f0c41977b51.jpg,E:\byrdocs\d4b6ef078ac4d425c3ac4f0c41977b51.webp,,,https://byrdocs.org/files/d4b6ef078ac4d425c3ac4f0c41977b51.pdf
d512efa092f8183d64c14842525fe0d5,ready,include_after_storage_upload,doc,马克思主义基本原理练习题,E:\byrdocs-archive\metadata\d512efa092f8183d64c14842525fe0d5.yml,d512efa092f8183d64c14842525fe0d5.pdf,E:\byrdocs\d512efa092f8183d64c14842525fe0d5.pdf,1512837,E:\byrdocs\d512efa092f8183d64c14842525fe0d5.jpg,E:\byrdocs\d512efa092f8183d64c14842525fe0d5.webp,,,https://byrdocs.org/files/d512efa092f8183d64c14842525fe0d5.pdf
d56331fcadf8520bd38bb2d1da918417,ready,include_after_storage_upload,test,通信原理,E:\byrdocs-archive\metadata\d56331fcadf8520bd38bb2d1da918417.yml,d56331fcadf8520bd38bb2d1da918417.pdf,E:\byrdocs\d56331fcadf8520bd38bb2d1da918417.pdf,537893,E:\byrdocs\d56331fcadf8520bd38bb2d1da918417.jpg,E:\byrdocs\d56331fcadf8520bd38bb2d1da918417.webp,,,https://byrdocs.org/files/d56331fcadf8520bd38bb2d1da918417.pdf
d5876c57b5f31c83fa738dd6d9694c50,ready,include_after_storage_upload,book,高等代数,E:\byrdocs-archive\metadata\d5876c57b5f31c83fa738dd6d9694c50.yml,d5876c57b5f31c83fa738dd6d9694c50.pdf,E:\byrdocs\d5876c57b5f31c83fa738dd6d9694c50.pdf,97693140,E:\byrdocs\d5876c57b5f31c83fa738dd6d9694c50.jpg,E:\byrdocs\d5876c57b5f31c83fa738dd6d9694c50.webp,,,https://byrdocs.org/files/d5876c57b5f31c83fa738dd6d9694c50.pdf
d6173b46b30e109b9e488fb9180edce7,ready,include_after_storage_upload,test,计算机网络,E:\byrdocs-archive\metadata\d6173b46b30e109b9e488fb9180edce7.yml,d6173b46b30e109b9e488fb9180edce7.pdf,E:\byrdocs\d6173b46b30e109b9e488fb9180edce7.pdf,595006,E:\byrdocs\d6173b46b30e109b9e488fb9180edce7.jpg,E:\byrdocs\d6173b46b30e109b9e488fb9180edce7.webp,,,https://byrdocs.org/files/d6173b46b30e109b9e488fb9180edce7.pdf
d63fb218f2001082dbce08a7a3172498,ready,include_after_storage_upload,test,概率论与随机过程,E:\byrdocs-archive\metadata\d63fb218f2001082dbce08a7a3172498.yml,d63fb218f2001082dbce08a7a3172498.pdf,E:\byrdocs\d63fb218f2001082dbce08a7a3172498.pdf,196725,E:\byrdocs\d63fb218f2001082dbce08a7a3172498.jpg,E:\byrdocs\d63fb218f2001082dbce08a7a3172498.webp,,,https://byrdocs.org/files/d63fb218f2001082dbce08a7a3172498.pdf
d64869f8dcd0c908a871334d14b247f8,ready,include_after_storage_upload,test,高等数学A（下）,E:\byrdocs-archive\metadata\d64869f8dcd0c908a871334d14b247f8.yml,d64869f8dcd0c908a871334d14b247f8.pdf,E:\byrdocs\d64869f8dcd0c908a871334d14b247f8.pdf,284291,E:\byrdocs\d64869f8dcd0c908a871334d14b247f8.jpg,E:\byrdocs\d64869f8dcd0c908a871334d14b247f8.webp,,,https://byrdocs.org/files/d64869f8dcd0c908a871334d14b247f8.pdf
d6518bfa7ce38149fce9e7dcff22874a,ready,include_after_storage_upload,book,数据结构：C++语言版,E:\byrdocs-archive\metadata\d6518bfa7ce38149fce9e7dcff22874a.yml,d6518bfa7ce38149fce9e7dcff22874a.pdf,E:\byrdocs\d6518bfa7ce38149fce9e7dcff22874a.pdf,24529885,E:\byrdocs\d6518bfa7ce38149fce9e7dcff22874a.jpg,E:\byrdocs\d6518bfa7ce38149fce9e7dcff22874a.webp,,,https://byrdocs.org/files/d6518bfa7ce38149fce9e7dcff22874a.pdf
d6ba0b8fefebb74ac6d13f806d752618,ready,include_after_storage_upload,book,数学分析习题课讲义 上册,E:\byrdocs-archive\metadata\d6ba0b8fefebb74ac6d13f806d752618.yml,d6ba0b8fefebb74ac6d13f806d752618.pdf,E:\byrdocs\d6ba0b8fefebb74ac6d13f806d752618.pdf,11886968,E:\byrdocs\d6ba0b8fefebb74ac6d13f806d752618.jpg,E:\byrdocs\d6ba0b8fefebb74ac6d13f806d752618.webp,,,https://byrdocs.org/files/d6ba0b8fefebb74ac6d13f806d752618.pdf
d6e30ed70f74dd20bb53381a5d1e185a,ready,include_after_storage_upload,test,线性代数,E:\byrdocs-archive\metadata\d6e30ed70f74dd20bb53381a5d1e185a.yml,d6e30ed70f74dd20bb53381a5d1e185a.pdf,E:\byrdocs\d6e30ed70f74dd20bb53381a5d1e185a.pdf,362456,E:\byrdocs\d6e30ed70f74dd20bb53381a5d1e185a.jpg,E:\byrdocs\d6e30ed70f74dd20bb53381a5d1e185a.webp,,,https://byrdocs.org/files/d6e30ed70f74dd20bb53381a5d1e185a.pdf
d7236fb2af83586e7b73087a15a4ae7a,ready,include_after_storage_upload,test,计算机系统基础,E:\byrdocs-archive\metadata\d7236fb2af83586e7b73087a15a4ae7a.yml,d7236fb2af83586e7b73087a15a4ae7a.pdf,E:\byrdocs\d7236fb2af83586e7b73087a15a4ae7a.pdf,897382,E:\byrdocs\d7236fb2af83586e7b73087a15a4ae7a.jpg,E:\byrdocs\d7236fb2af83586e7b73087a15a4ae7a.webp,,,https://byrdocs.org/files/d7236fb2af83586e7b73087a15a4ae7a.pdf
d7cef4d73777668e460e563cefe6e940,ready,include_after_storage_upload,test,大学物理D,E:\byrdocs-archive\metadata\d7cef4d73777668e460e563cefe6e940.yml,d7cef4d73777668e460e563cefe6e940.pdf,E:\byrdocs\d7cef4d73777668e460e563cefe6e940.pdf,503402,E:\byrdocs\d7cef4d73777668e460e563cefe6e940.jpg,E:\byrdocs\d7cef4d73777668e460e563cefe6e940.webp,,,https://byrdocs.org/files/d7cef4d73777668e460e563cefe6e940.pdf
d7e6f27b3caee0443d119a6804d93fb4,ready,include_after_storage_upload,test,高等数学（下）,E:\byrdocs-archive\metadata\d7e6f27b3caee0443d119a6804d93fb4.yml,d7e6f27b3caee0443d119a6804d93fb4.pdf,E:\byrdocs\d7e6f27b3caee0443d119a6804d93fb4.pdf,266585,E:\byrdocs\d7e6f27b3caee0443d119a6804d93fb4.jpg,E:\byrdocs\d7e6f27b3caee0443d119a6804d93fb4.webp,,,https://byrdocs.org/files/d7e6f27b3caee0443d119a6804d93fb4.pdf
d90c3c5665ae897fe9110e5a9ecbc0c0,ready,include_after_storage_upload,doc,《离散数学及其应用》偶数题答案,E:\byrdocs-archive\metadata\d90c3c5665ae897fe9110e5a9ecbc0c0.yml,d90c3c5665ae897fe9110e5a9ecbc0c0.pdf,E:\byrdocs\d90c3c5665ae897fe9110e5a9ecbc0c0.pdf,4656326,E:\byrdocs\d90c3c5665ae897fe9110e5a9ecbc0c0.jpg,E:\byrdocs\d90c3c5665ae897fe9110e5a9ecbc0c0.webp,,,https://byrdocs.org/files/d90c3c5665ae897fe9110e5a9ecbc0c0.pdf
da392d7f0fd527f67bd10d72a91317ce,ready,include_after_storage_upload,book,大学物理学（下册）,E:\byrdocs-archive\metadata\da392d7f0fd527f67bd10d72a91317ce.yml,da392d7f0fd527f67bd10d72a91317ce.pdf,E:\byrdocs\da392d7f0fd527f67bd10d72a91317ce.pdf,285880673,E:\byrdocs\da392d7f0fd527f67bd10d72a91317ce.jpg,E:\byrdocs\da392d7f0fd527f67bd10d72a91317ce.webp,,,https://byrdocs.org/files/da392d7f0fd527f67bd10d72a91317ce.pdf
da457d9b12ecb5e50f4a26e54dd482d6,ready,include_after_storage_upload,test,数学物理方法,E:\byrdocs-archive\metadata\da457d9b12ecb5e50f4a26e54dd482d6.yml,da457d9b12ecb5e50f4a26e54dd482d6.pdf,E:\byrdocs\da457d9b12ecb5e50f4a26e54dd482d6.pdf,1951069,E:\byrdocs\da457d9b12ecb5e50f4a26e54dd482d6.jpg,E:\byrdocs\da457d9b12ecb5e50f4a26e54dd482d6.webp,,,https://byrdocs.org/files/da457d9b12ecb5e50f4a26e54dd482d6.pdf
da83335d9211ed08b587f6477df9fb99,ready,include_after_storage_upload,book,复变函数及应用（原书第7版）,E:\byrdocs-archive\metadata\da83335d9211ed08b587f6477df9fb99.yml,da83335d9211ed08b587f6477df9fb99.pdf,E:\byrdocs\da83335d9211ed08b587f6477df9fb99.pdf,15258540,E:\byrdocs\da83335d9211ed08b587f6477df9fb99.jpg,E:\byrdocs\da83335d9211ed08b587f6477df9fb99.webp,,,https://byrdocs.org/files/da83335d9211ed08b587f6477df9fb99.pdf
db1d0153d20bc177c614f06981850a34,ready,include_after_storage_upload,doc,罗鹏飞习题解答,E:\byrdocs-archive\metadata\db1d0153d20bc177c614f06981850a34.yml,db1d0153d20bc177c614f06981850a34.pdf,E:\byrdocs\db1d0153d20bc177c614f06981850a34.pdf,8479137,E:\byrdocs\db1d0153d20bc177c614f06981850a34.jpg,E:\byrdocs\db1d0153d20bc177c614f06981850a34.webp,,,https://byrdocs.org/files/db1d0153d20bc177c614f06981850a34.pdf
db1ee21d9dd21ab8828c1e87af45d0f2,ready,include_after_storage_upload,test,通信原理,E:\byrdocs-archive\metadata\db1ee21d9dd21ab8828c1e87af45d0f2.yml,db1ee21d9dd21ab8828c1e87af45d0f2.pdf,E:\byrdocs\db1ee21d9dd21ab8828c1e87af45d0f2.pdf,354251,E:\byrdocs\db1ee21d9dd21ab8828c1e87af45d0f2.jpg,E:\byrdocs\db1ee21d9dd21ab8828c1e87af45d0f2.webp,,,https://byrdocs.org/files/db1ee21d9dd21ab8828c1e87af45d0f2.pdf
db75fd2c04b490e6c11e55a913d12b76,ready,include_after_storage_upload,doc,Operating System Concepts 7 Edi Answers,E:\byrdocs-archive\metadata\db75fd2c04b490e6c11e55a913d12b76.yml,db75fd2c04b490e6c11e55a913d12b76.pdf,E:\byrdocs\db75fd2c04b490e6c11e55a913d12b76.pdf,1079189,E:\byrdocs\db75fd2c04b490e6c11e55a913d12b76.jpg,E:\byrdocs\db75fd2c04b490e6c11e55a913d12b76.webp,,,https://byrdocs.org/files/db75fd2c04b490e6c11e55a913d12b76.pdf
db88b5202d55128296d337ab7c2da1f2,ready,include_after_storage_upload,book,数据结构与算法分析：Java语言描述（原书第2版）,E:\byrdocs-archive\metadata\db88b5202d55128296d337ab7c2da1f2.yml,db88b5202d55128296d337ab7c2da1f2.pdf,E:\byrdocs\db88b5202d55128296d337ab7c2da1f2.pdf,42322492,E:\byrdocs\db88b5202d55128296d337ab7c2da1f2.jpg,E:\byrdocs\db88b5202d55128296d337ab7c2da1f2.webp,,,https://byrdocs.org/files/db88b5202d55128296d337ab7c2da1f2.pdf
dbdca64a172e5351a3207a9744bce7f2,ready,include_after_storage_upload,test,电磁场与电磁波,E:\byrdocs-archive\metadata\dbdca64a172e5351a3207a9744bce7f2.yml,dbdca64a172e5351a3207a9744bce7f2.pdf,E:\byrdocs\dbdca64a172e5351a3207a9744bce7f2.pdf,862724,E:\byrdocs\dbdca64a172e5351a3207a9744bce7f2.jpg,E:\byrdocs\dbdca64a172e5351a3207a9744bce7f2.webp,,,https://byrdocs.org/files/dbdca64a172e5351a3207a9744bce7f2.pdf
dcdeab990b625c35efb4bb928912b648,ready,include_after_storage_upload,test,通信原理,E:\byrdocs-archive\metadata\dcdeab990b625c35efb4bb928912b648.yml,dcdeab990b625c35efb4bb928912b648.pdf,E:\byrdocs\dcdeab990b625c35efb4bb928912b648.pdf,890904,E:\byrdocs\dcdeab990b625c35efb4bb928912b648.jpg,E:\byrdocs\dcdeab990b625c35efb4bb928912b648.webp,,,https://byrdocs.org/files/dcdeab990b625c35efb4bb928912b648.pdf
dd57c1cad8aabe9be1216e1906fdcb8f,ready,include_after_storage_upload,test,软件工程,E:\byrdocs-archive\metadata\dd57c1cad8aabe9be1216e1906fdcb8f.yml,dd57c1cad8aabe9be1216e1906fdcb8f.pdf,E:\byrdocs\dd57c1cad8aabe9be1216e1906fdcb8f.pdf,2603336,E:\byrdocs\dd57c1cad8aabe9be1216e1906fdcb8f.jpg,E:\byrdocs\dd57c1cad8aabe9be1216e1906fdcb8f.webp,,,https://byrdocs.org/files/dd57c1cad8aabe9be1216e1906fdcb8f.pdf
dd6388976e48a6ce2f8a30355acfcba0,ready,include_after_storage_upload,book,物联网基础与应用,E:\byrdocs-archive\metadata\dd6388976e48a6ce2f8a30355acfcba0.yml,dd6388976e48a6ce2f8a30355acfcba0.pdf,E:\byrdocs\dd6388976e48a6ce2f8a30355acfcba0.pdf,235111858,E:\byrdocs\dd6388976e48a6ce2f8a30355acfcba0.jpg,E:\byrdocs\dd6388976e48a6ce2f8a30355acfcba0.webp,,,https://byrdocs.org/files/dd6388976e48a6ce2f8a30355acfcba0.pdf
ddc5290e160f4433f27665753a40ce62,ready,include_after_storage_upload,book,全国大学生数学竞赛参赛指南,E:\byrdocs-archive\metadata\ddc5290e160f4433f27665753a40ce62.yml,ddc5290e160f4433f27665753a40ce62.pdf,E:\byrdocs\ddc5290e160f4433f27665753a40ce62.pdf,94743130,E:\byrdocs\ddc5290e160f4433f27665753a40ce62.jpg,E:\byrdocs\ddc5290e160f4433f27665753a40ce62.webp,,,https://byrdocs.org/files/ddc5290e160f4433f27665753a40ce62.pdf
de68b153bfe8f8e8ee2df0e077545533,ready,include_after_storage_upload,book,数据库系统概论,E:\byrdocs-archive\metadata\de68b153bfe8f8e8ee2df0e077545533.yml,de68b153bfe8f8e8ee2df0e077545533.pdf,E:\byrdocs\de68b153bfe8f8e8ee2df0e077545533.pdf,70802955,E:\byrdocs\de68b153bfe8f8e8ee2df0e077545533.jpg,E:\byrdocs\de68b153bfe8f8e8ee2df0e077545533.webp,,,https://byrdocs.org/files/de68b153bfe8f8e8ee2df0e077545533.pdf
de70c14f746855ea0f2ef024ad22c3eb,ready,include_after_storage_upload,test,高等代数（下）,E:\byrdocs-archive\metadata\de70c14f746855ea0f2ef024ad22c3eb.yml,de70c14f746855ea0f2ef024ad22c3eb.pdf,E:\byrdocs\de70c14f746855ea0f2ef024ad22c3eb.pdf,639042,E:\byrdocs\de70c14f746855ea0f2ef024ad22c3eb.jpg,E:\byrdocs\de70c14f746855ea0f2ef024ad22c3eb.webp,,,https://byrdocs.org/files/de70c14f746855ea0f2ef024ad22c3eb.pdf
dea2f4822df9b5802803a3b3875100ba,ready,include_after_storage_upload,book,高等数学（上）/Advanced Mathematics,E:\byrdocs-archive\metadata\dea2f4822df9b5802803a3b3875100ba.yml,dea2f4822df9b5802803a3b3875100ba.pdf,E:\byrdocs\dea2f4822df9b5802803a3b3875100ba.pdf,7058882,E:\byrdocs\dea2f4822df9b5802803a3b3875100ba.jpg,E:\byrdocs\dea2f4822df9b5802803a3b3875100ba.webp,,,https://byrdocs.org/files/dea2f4822df9b5802803a3b3875100ba.pdf
deb0eba26c9445ff997c1daebd5ded18,ready,include_after_storage_upload,doc,计算机组成原理-戴志涛PPT,E:\byrdocs-archive\metadata\deb0eba26c9445ff997c1daebd5ded18.yml,deb0eba26c9445ff997c1daebd5ded18.zip,E:\byrdocs\deb0eba26c9445ff997c1daebd5ded18.zip,43013223,E:\byrdocs\deb0eba26c9445ff997c1daebd5ded18.jpg,E:\byrdocs\deb0eba26c9445ff997c1daebd5ded18.webp,,,https://byrdocs.org/files/deb0eba26c9445ff997c1daebd5ded18.zip
deb79ed7293b143cf5735bba34c6c39c,ready,include_after_storage_upload,test,大数据安全,E:\byrdocs-archive\metadata\deb79ed7293b143cf5735bba34c6c39c.yml,deb79ed7293b143cf5735bba34c6c39c.pdf,E:\byrdocs\deb79ed7293b143cf5735bba34c6c39c.pdf,3157260,E:\byrdocs\deb79ed7293b143cf5735bba34c6c39c.jpg,E:\byrdocs\deb79ed7293b143cf5735bba34c6c39c.webp,,,https://byrdocs.org/files/deb79ed7293b143cf5735bba34c6c39c.pdf
debb2a13def8c76d61f98cc0afde7e65,ready,include_after_storage_upload,book,数学模型,E:\byrdocs-archive\metadata\debb2a13def8c76d61f98cc0afde7e65.yml,debb2a13def8c76d61f98cc0afde7e65.pdf,E:\byrdocs\debb2a13def8c76d61f98cc0afde7e65.pdf,24653889,E:\byrdocs\debb2a13def8c76d61f98cc0afde7e65.jpg,E:\byrdocs\debb2a13def8c76d61f98cc0afde7e65.webp,,,https://byrdocs.org/files/debb2a13def8c76d61f98cc0afde7e65.pdf
dee3ec0cac74c2dedb303c58a1a3a7cc,ready,include_after_storage_upload,doc,信通导论期末复习,E:\byrdocs-archive\metadata\dee3ec0cac74c2dedb303c58a1a3a7cc.yml,dee3ec0cac74c2dedb303c58a1a3a7cc.pdf,E:\byrdocs\dee3ec0cac74c2dedb303c58a1a3a7cc.pdf,380123,E:\byrdocs\dee3ec0cac74c2dedb303c58a1a3a7cc.jpg,E:\byrdocs\dee3ec0cac74c2dedb303c58a1a3a7cc.webp,,,https://byrdocs.org/files/dee3ec0cac74c2dedb303c58a1a3a7cc.pdf
df309d84172a5198559c56f74122f842,ready,include_after_storage_upload,test,电路与电子学基础,E:\byrdocs-archive\metadata\df309d84172a5198559c56f74122f842.yml,df309d84172a5198559c56f74122f842.pdf,E:\byrdocs\df309d84172a5198559c56f74122f842.pdf,1356807,E:\byrdocs\df309d84172a5198559c56f74122f842.jpg,E:\byrdocs\df309d84172a5198559c56f74122f842.webp,,,https://byrdocs.org/files/df309d84172a5198559c56f74122f842.pdf
df7733fd40c247cba5aeea385bac2125,ready,include_after_storage_upload,book,Б. П. 吉米多维奇数学分析习题集题解 5,E:\byrdocs-archive\metadata\df7733fd40c247cba5aeea385bac2125.yml,df7733fd40c247cba5aeea385bac2125.pdf,E:\byrdocs\df7733fd40c247cba5aeea385bac2125.pdf,9377053,E:\byrdocs\df7733fd40c247cba5aeea385bac2125.jpg,E:\byrdocs\df7733fd40c247cba5aeea385bac2125.webp,,,https://byrdocs.org/files/df7733fd40c247cba5aeea385bac2125.pdf
df9249c8f7c181ba28ea65d783f5327e,ready,include_after_storage_upload,test,概率论与数理统计,E:\byrdocs-archive\metadata\df9249c8f7c181ba28ea65d783f5327e.yml,df9249c8f7c181ba28ea65d783f5327e.pdf,E:\byrdocs\df9249c8f7c181ba28ea65d783f5327e.pdf,439767,E:\byrdocs\df9249c8f7c181ba28ea65d783f5327e.jpg,E:\byrdocs\df9249c8f7c181ba28ea65d783f5327e.webp,,,https://byrdocs.org/files/df9249c8f7c181ba28ea65d783f5327e.pdf
e03103b4e075f619532000ae311c270d,ready,include_after_storage_upload,book,物理学 下册,E:\byrdocs-archive\metadata\e03103b4e075f619532000ae311c270d.yml,e03103b4e075f619532000ae311c270d.pdf,E:\byrdocs\e03103b4e075f619532000ae311c270d.pdf,167150503,E:\byrdocs\e03103b4e075f619532000ae311c270d.jpg,E:\byrdocs\e03103b4e075f619532000ae311c270d.webp,,,https://byrdocs.org/files/e03103b4e075f619532000ae311c270d.pdf
e05c2742e1e844d6b0513a4b60be6368,ready,include_after_storage_upload,test,高等数学A（下）,E:\byrdocs-archive\metadata\e05c2742e1e844d6b0513a4b60be6368.yml,e05c2742e1e844d6b0513a4b60be6368.pdf,E:\byrdocs\e05c2742e1e844d6b0513a4b60be6368.pdf,9070929,E:\byrdocs\e05c2742e1e844d6b0513a4b60be6368.jpg,E:\byrdocs\e05c2742e1e844d6b0513a4b60be6368.webp,,,https://byrdocs.org/files/e05c2742e1e844d6b0513a4b60be6368.pdf
e0b88ab538dcd3180ba892247baf7760,ready,include_after_storage_upload,book,Python编程快速上手——让繁琐工作自动化（第二版）,E:\byrdocs-archive\metadata\e0b88ab538dcd3180ba892247baf7760.yml,e0b88ab538dcd3180ba892247baf7760.pdf,E:\byrdocs\e0b88ab538dcd3180ba892247baf7760.pdf,24938951,E:\byrdocs\e0b88ab538dcd3180ba892247baf7760.jpg,E:\byrdocs\e0b88ab538dcd3180ba892247baf7760.webp,,,https://byrdocs.org/files/e0b88ab538dcd3180ba892247baf7760.pdf
e0e39993ef241336b4ece1031a97c132,ready,include_after_storage_upload,test,编译原理与技术,E:\byrdocs-archive\metadata\e0e39993ef241336b4ece1031a97c132.yml,e0e39993ef241336b4ece1031a97c132.pdf,E:\byrdocs\e0e39993ef241336b4ece1031a97c132.pdf,74938,E:\byrdocs\e0e39993ef241336b4ece1031a97c132.jpg,E:\byrdocs\e0e39993ef241336b4ece1031a97c132.webp,,,https://byrdocs.org/files/e0e39993ef241336b4ece1031a97c132.pdf
e154859d4f48893ec7653e6ac0836ad8,ready,include_after_storage_upload,test,数据库系统原理,E:\byrdocs-archive\metadata\e154859d4f48893ec7653e6ac0836ad8.yml,e154859d4f48893ec7653e6ac0836ad8.pdf,E:\byrdocs\e154859d4f48893ec7653e6ac0836ad8.pdf,554005,E:\byrdocs\e154859d4f48893ec7653e6ac0836ad8.jpg,E:\byrdocs\e154859d4f48893ec7653e6ac0836ad8.webp,,,https://byrdocs.org/files/e154859d4f48893ec7653e6ac0836ad8.pdf
e17571c192d5fbf4a37bd7e56c57e473,ready,include_after_storage_upload,book,C语言程序设计：现代方法（第2版）,E:\byrdocs-archive\metadata\e17571c192d5fbf4a37bd7e56c57e473.yml,e17571c192d5fbf4a37bd7e56c57e473.pdf,E:\byrdocs\e17571c192d5fbf4a37bd7e56c57e473.pdf,231292169,E:\byrdocs\e17571c192d5fbf4a37bd7e56c57e473.jpg,E:\byrdocs\e17571c192d5fbf4a37bd7e56c57e473.webp,,,https://byrdocs.org/files/e17571c192d5fbf4a37bd7e56c57e473.pdf
e1b1ece685e096a39ff3056378603800,ready,include_after_storage_upload,test,思想道德与法治,E:\byrdocs-archive\metadata\e1b1ece685e096a39ff3056378603800.yml,e1b1ece685e096a39ff3056378603800.pdf,E:\byrdocs\e1b1ece685e096a39ff3056378603800.pdf,2234412,E:\byrdocs\e1b1ece685e096a39ff3056378603800.jpg,E:\byrdocs\e1b1ece685e096a39ff3056378603800.webp,,,https://byrdocs.org/files/e1b1ece685e096a39ff3056378603800.pdf
e1cbad4deb7f30d89bf6f4555ab3c0c8,ready,include_after_storage_upload,doc,微波复习题合集(打印店),E:\byrdocs-archive\metadata\e1cbad4deb7f30d89bf6f4555ab3c0c8.yml,e1cbad4deb7f30d89bf6f4555ab3c0c8.pdf,E:\byrdocs\e1cbad4deb7f30d89bf6f4555ab3c0c8.pdf,29382576,E:\byrdocs\e1cbad4deb7f30d89bf6f4555ab3c0c8.jpg,E:\byrdocs\e1cbad4deb7f30d89bf6f4555ab3c0c8.webp,,,https://byrdocs.org/files/e1cbad4deb7f30d89bf6f4555ab3c0c8.pdf
e1f567be668c4f214187981651b06f7c,ready,include_after_storage_upload,test,操作系统,E:\byrdocs-archive\metadata\e1f567be668c4f214187981651b06f7c.yml,e1f567be668c4f214187981651b06f7c.pdf,E:\byrdocs\e1f567be668c4f214187981651b06f7c.pdf,289503,E:\byrdocs\e1f567be668c4f214187981651b06f7c.jpg,E:\byrdocs\e1f567be668c4f214187981651b06f7c.webp,,,https://byrdocs.org/files/e1f567be668c4f214187981651b06f7c.pdf
e265d188d900a53c7328a32029ed1a2b,ready,include_after_storage_upload,book,英语视听说教程,E:\byrdocs-archive\metadata\e265d188d900a53c7328a32029ed1a2b.yml,e265d188d900a53c7328a32029ed1a2b.pdf,E:\byrdocs\e265d188d900a53c7328a32029ed1a2b.pdf,56589764,E:\byrdocs\e265d188d900a53c7328a32029ed1a2b.jpg,E:\byrdocs\e265d188d900a53c7328a32029ed1a2b.webp,,,https://byrdocs.org/files/e265d188d900a53c7328a32029ed1a2b.pdf
e26a2b763b469808870a2dcae231fbf7,ready,include_after_storage_upload,test,信号与系统,E:\byrdocs-archive\metadata\e26a2b763b469808870a2dcae231fbf7.yml,e26a2b763b469808870a2dcae231fbf7.pdf,E:\byrdocs\e26a2b763b469808870a2dcae231fbf7.pdf,5538241,E:\byrdocs\e26a2b763b469808870a2dcae231fbf7.jpg,E:\byrdocs\e26a2b763b469808870a2dcae231fbf7.webp,,,https://byrdocs.org/files/e26a2b763b469808870a2dcae231fbf7.pdf
e28b97fad4825ebb86c1bedffffcc9dc,ready,include_after_storage_upload,test,概率论,E:\byrdocs-archive\metadata\e28b97fad4825ebb86c1bedffffcc9dc.yml,e28b97fad4825ebb86c1bedffffcc9dc.pdf,E:\byrdocs\e28b97fad4825ebb86c1bedffffcc9dc.pdf,2588584,E:\byrdocs\e28b97fad4825ebb86c1bedffffcc9dc.jpg,E:\byrdocs\e28b97fad4825ebb86c1bedffffcc9dc.webp,,,https://byrdocs.org/files/e28b97fad4825ebb86c1bedffffcc9dc.pdf
e2d138008f2b50a6819deddee48bd745,ready,include_after_storage_upload,book,全新版大学英语综合教程学生用书2,E:\byrdocs-archive\metadata\e2d138008f2b50a6819deddee48bd745.yml,e2d138008f2b50a6819deddee48bd745.pdf,E:\byrdocs\e2d138008f2b50a6819deddee48bd745.pdf,99084438,E:\byrdocs\e2d138008f2b50a6819deddee48bd745.jpg,E:\byrdocs\e2d138008f2b50a6819deddee48bd745.webp,,,https://byrdocs.org/files/e2d138008f2b50a6819deddee48bd745.pdf
e2f02b883633c1ca94dde89873a73a6b,ready,include_after_storage_upload,doc,Python 程序设计课件,E:\byrdocs-archive\metadata\e2f02b883633c1ca94dde89873a73a6b.yml,e2f02b883633c1ca94dde89873a73a6b.zip,E:\byrdocs\e2f02b883633c1ca94dde89873a73a6b.zip,13580757,E:\byrdocs\e2f02b883633c1ca94dde89873a73a6b.jpg,E:\byrdocs\e2f02b883633c1ca94dde89873a73a6b.webp,,,https://byrdocs.org/files/e2f02b883633c1ca94dde89873a73a6b.zip
e34bebb9a0ae503b094de7bbff83877e,ready,include_after_storage_upload,book,Operating System Concepts,E:\byrdocs-archive\metadata\e34bebb9a0ae503b094de7bbff83877e.yml,e34bebb9a0ae503b094de7bbff83877e.pdf,E:\byrdocs\e34bebb9a0ae503b094de7bbff83877e.pdf,15135255,E:\byrdocs\e34bebb9a0ae503b094de7bbff83877e.jpg,E:\byrdocs\e34bebb9a0ae503b094de7bbff83877e.webp,,,https://byrdocs.org/files/e34bebb9a0ae503b094de7bbff83877e.pdf
e39711f6650499e06f12a45d8b2c9522,ready,include_after_storage_upload,test,计算机原理与应用,E:\byrdocs-archive\metadata\e39711f6650499e06f12a45d8b2c9522.yml,e39711f6650499e06f12a45d8b2c9522.pdf,E:\byrdocs\e39711f6650499e06f12a45d8b2c9522.pdf,499488,E:\byrdocs\e39711f6650499e06f12a45d8b2c9522.jpg,E:\byrdocs\e39711f6650499e06f12a45d8b2c9522.webp,,,https://byrdocs.org/files/e39711f6650499e06f12a45d8b2c9522.pdf
e39c2f0f4e8aee249c95dd8874249eef,ready,include_after_storage_upload,test,计算机原理与应用,E:\byrdocs-archive\metadata\e39c2f0f4e8aee249c95dd8874249eef.yml,e39c2f0f4e8aee249c95dd8874249eef.pdf,E:\byrdocs\e39c2f0f4e8aee249c95dd8874249eef.pdf,604170,E:\byrdocs\e39c2f0f4e8aee249c95dd8874249eef.jpg,E:\byrdocs\e39c2f0f4e8aee249c95dd8874249eef.webp,,,https://byrdocs.org/files/e39c2f0f4e8aee249c95dd8874249eef.pdf
e3c36c8ede7fa95198867cb91db35cfd,ready,include_after_storage_upload,test,高等数学（下）,E:\byrdocs-archive\metadata\e3c36c8ede7fa95198867cb91db35cfd.yml,e3c36c8ede7fa95198867cb91db35cfd.pdf,E:\byrdocs\e3c36c8ede7fa95198867cb91db35cfd.pdf,208580,E:\byrdocs\e3c36c8ede7fa95198867cb91db35cfd.jpg,E:\byrdocs\e3c36c8ede7fa95198867cb91db35cfd.webp,,,https://byrdocs.org/files/e3c36c8ede7fa95198867cb91db35cfd.pdf
e3c523e673314ecd9e797d43e97f0006,ready,include_after_storage_upload,test,操作系统,E:\byrdocs-archive\metadata\e3c523e673314ecd9e797d43e97f0006.yml,e3c523e673314ecd9e797d43e97f0006.pdf,E:\byrdocs\e3c523e673314ecd9e797d43e97f0006.pdf,795941,E:\byrdocs\e3c523e673314ecd9e797d43e97f0006.jpg,E:\byrdocs\e3c523e673314ecd9e797d43e97f0006.webp,,,https://byrdocs.org/files/e3c523e673314ecd9e797d43e97f0006.pdf
e3cc31bd3895e142b2de0b46170852b4,ready,include_after_storage_upload,book,计算机组成与系统结构：立体化教材,E:\byrdocs-archive\metadata\e3cc31bd3895e142b2de0b46170852b4.yml,e3cc31bd3895e142b2de0b46170852b4.pdf,E:\byrdocs\e3cc31bd3895e142b2de0b46170852b4.pdf,28249232,E:\byrdocs\e3cc31bd3895e142b2de0b46170852b4.jpg,E:\byrdocs\e3cc31bd3895e142b2de0b46170852b4.webp,,,https://byrdocs.org/files/e3cc31bd3895e142b2de0b46170852b4.pdf
e406ec901fd1d3d5b326f5e7d2619758,ready,include_after_storage_upload,test,智能科学数学基础,E:\byrdocs-archive\metadata\e406ec901fd1d3d5b326f5e7d2619758.yml,e406ec901fd1d3d5b326f5e7d2619758.pdf,E:\byrdocs\e406ec901fd1d3d5b326f5e7d2619758.pdf,176785,E:\byrdocs\e406ec901fd1d3d5b326f5e7d2619758.jpg,E:\byrdocs\e406ec901fd1d3d5b326f5e7d2619758.webp,,,https://byrdocs.org/files/e406ec901fd1d3d5b326f5e7d2619758.pdf
e4389641249a0f69ea9e61be1e00855b,ready,include_after_storage_upload,book,Operating System Concepts International Student Version,E:\byrdocs-archive\metadata\e4389641249a0f69ea9e61be1e00855b.yml,e4389641249a0f69ea9e61be1e00855b.pdf,E:\byrdocs\e4389641249a0f69ea9e61be1e00855b.pdf,10240348,E:\byrdocs\e4389641249a0f69ea9e61be1e00855b.jpg,E:\byrdocs\e4389641249a0f69ea9e61be1e00855b.webp,,,https://byrdocs.org/files/e4389641249a0f69ea9e61be1e00855b.pdf
e44c14587796bc7ad276d37c81eefa09,ready,include_after_storage_upload,doc,2022-2023学年第二学期毛概课程学生复习题,E:\byrdocs-archive\metadata\e44c14587796bc7ad276d37c81eefa09.yml,e44c14587796bc7ad276d37c81eefa09.pdf,E:\byrdocs\e44c14587796bc7ad276d37c81eefa09.pdf,343773,E:\byrdocs\e44c14587796bc7ad276d37c81eefa09.jpg,E:\byrdocs\e44c14587796bc7ad276d37c81eefa09.webp,,,https://byrdocs.org/files/e44c14587796bc7ad276d37c81eefa09.pdf
e4c1211b4ac2bef55f43d2d5bed8fc3d,ready,include_after_storage_upload,book,C++语言程序设计案例与实践辅导,E:\byrdocs-archive\metadata\e4c1211b4ac2bef55f43d2d5bed8fc3d.yml,e4c1211b4ac2bef55f43d2d5bed8fc3d.pdf,E:\byrdocs\e4c1211b4ac2bef55f43d2d5bed8fc3d.pdf,49148334,E:\byrdocs\e4c1211b4ac2bef55f43d2d5bed8fc3d.jpg,E:\byrdocs\e4c1211b4ac2bef55f43d2d5bed8fc3d.webp,,,https://byrdocs.org/files/e4c1211b4ac2bef55f43d2d5bed8fc3d.pdf
e4f0a102bad99cacbc17e63eab364221,ready,include_after_storage_upload,doc,《Linux 编程环境》期末考试样题,E:\byrdocs-archive\metadata\e4f0a102bad99cacbc17e63eab364221.yml,e4f0a102bad99cacbc17e63eab364221.pdf,E:\byrdocs\e4f0a102bad99cacbc17e63eab364221.pdf,717456,E:\byrdocs\e4f0a102bad99cacbc17e63eab364221.jpg,E:\byrdocs\e4f0a102bad99cacbc17e63eab364221.webp,,,https://byrdocs.org/files/e4f0a102bad99cacbc17e63eab364221.pdf
e4fd5eaa2dba9358acdfacfa570c7bc2,ready,include_after_storage_upload,test,电磁场与电磁波,E:\byrdocs-archive\metadata\e4fd5eaa2dba9358acdfacfa570c7bc2.yml,e4fd5eaa2dba9358acdfacfa570c7bc2.pdf,E:\byrdocs\e4fd5eaa2dba9358acdfacfa570c7bc2.pdf,738804,E:\byrdocs\e4fd5eaa2dba9358acdfacfa570c7bc2.jpg,E:\byrdocs\e4fd5eaa2dba9358acdfacfa570c7bc2.webp,,,https://byrdocs.org/files/e4fd5eaa2dba9358acdfacfa570c7bc2.pdf
e55055d4af7ecb20dcc6e470e53822e0,ready,include_after_storage_upload,test,高等数学（上）,E:\byrdocs-archive\metadata\e55055d4af7ecb20dcc6e470e53822e0.yml,e55055d4af7ecb20dcc6e470e53822e0.pdf,E:\byrdocs\e55055d4af7ecb20dcc6e470e53822e0.pdf,231871,E:\byrdocs\e55055d4af7ecb20dcc6e470e53822e0.jpg,E:\byrdocs\e55055d4af7ecb20dcc6e470e53822e0.webp,,,https://byrdocs.org/files/e55055d4af7ecb20dcc6e470e53822e0.pdf
e577a4817f5fa4f30dbade000b71a00c,ready,include_after_storage_upload,test,国际公法,E:\byrdocs-archive\metadata\e577a4817f5fa4f30dbade000b71a00c.yml,e577a4817f5fa4f30dbade000b71a00c.pdf,E:\byrdocs\e577a4817f5fa4f30dbade000b71a00c.pdf,438175,E:\byrdocs\e577a4817f5fa4f30dbade000b71a00c.jpg,E:\byrdocs\e577a4817f5fa4f30dbade000b71a00c.webp,,,https://byrdocs.org/files/e577a4817f5fa4f30dbade000b71a00c.pdf
e578fc44b6e3d520456368e8e51d457e,ready,include_after_storage_upload,test,计算机组成原理,E:\byrdocs-archive\metadata\e578fc44b6e3d520456368e8e51d457e.yml,e578fc44b6e3d520456368e8e51d457e.pdf,E:\byrdocs\e578fc44b6e3d520456368e8e51d457e.pdf,1071486,E:\byrdocs\e578fc44b6e3d520456368e8e51d457e.jpg,E:\byrdocs\e578fc44b6e3d520456368e8e51d457e.webp,,,https://byrdocs.org/files/e578fc44b6e3d520456368e8e51d457e.pdf
e5ed4c4e05b2a6a1338eae5e8745bbce,ready,include_after_storage_upload,test,通信原理,E:\byrdocs-archive\metadata\e5ed4c4e05b2a6a1338eae5e8745bbce.yml,e5ed4c4e05b2a6a1338eae5e8745bbce.pdf,E:\byrdocs\e5ed4c4e05b2a6a1338eae5e8745bbce.pdf,1255323,E:\byrdocs\e5ed4c4e05b2a6a1338eae5e8745bbce.jpg,E:\byrdocs\e5ed4c4e05b2a6a1338eae5e8745bbce.webp,,,https://byrdocs.org/files/e5ed4c4e05b2a6a1338eae5e8745bbce.pdf
e66ce7007cd563e6c7e8acc58f27ef90,ready,include_after_storage_upload,doc,嵌入式系统控制与应用 实验指导书（2015年）,E:\byrdocs-archive\metadata\e66ce7007cd563e6c7e8acc58f27ef90.yml,e66ce7007cd563e6c7e8acc58f27ef90.pdf,E:\byrdocs\e66ce7007cd563e6c7e8acc58f27ef90.pdf,5984104,E:\byrdocs\e66ce7007cd563e6c7e8acc58f27ef90.jpg,E:\byrdocs\e66ce7007cd563e6c7e8acc58f27ef90.webp,,,https://byrdocs.org/files/e66ce7007cd563e6c7e8acc58f27ef90.pdf
e6869464777a90d754e3418cecd3bfb3,ready,include_after_storage_upload,doc,《中国近现代史纲要》通关宝典,E:\byrdocs-archive\metadata\e6869464777a90d754e3418cecd3bfb3.yml,e6869464777a90d754e3418cecd3bfb3.pdf,E:\byrdocs\e6869464777a90d754e3418cecd3bfb3.pdf,1442682,E:\byrdocs\e6869464777a90d754e3418cecd3bfb3.jpg,E:\byrdocs\e6869464777a90d754e3418cecd3bfb3.webp,,,https://byrdocs.org/files/e6869464777a90d754e3418cecd3bfb3.pdf
e6c3fc3f26d94e8a9331c39b6092a26f,ready,include_after_storage_upload,test,大学物理,E:\byrdocs-archive\metadata\e6c3fc3f26d94e8a9331c39b6092a26f.yml,e6c3fc3f26d94e8a9331c39b6092a26f.pdf,E:\byrdocs\e6c3fc3f26d94e8a9331c39b6092a26f.pdf,3177900,E:\byrdocs\e6c3fc3f26d94e8a9331c39b6092a26f.jpg,E:\byrdocs\e6c3fc3f26d94e8a9331c39b6092a26f.webp,,,https://byrdocs.org/files/e6c3fc3f26d94e8a9331c39b6092a26f.pdf
e6cd17de3be97c3c626426b5ed063025,ready,include_after_storage_upload,book,常微分方程教程,E:\byrdocs-archive\metadata\e6cd17de3be97c3c626426b5ed063025.yml,e6cd17de3be97c3c626426b5ed063025.pdf,E:\byrdocs\e6cd17de3be97c3c626426b5ed063025.pdf,14071786,E:\byrdocs\e6cd17de3be97c3c626426b5ed063025.jpg,E:\byrdocs\e6cd17de3be97c3c626426b5ed063025.webp,,,https://byrdocs.org/files/e6cd17de3be97c3c626426b5ed063025.pdf
e7677b095ec223d810a92f39f4163f0d,ready,include_after_storage_upload,book,高等代数与解析几何 上册,E:\byrdocs-archive\metadata\e7677b095ec223d810a92f39f4163f0d.yml,e7677b095ec223d810a92f39f4163f0d.pdf,E:\byrdocs\e7677b095ec223d810a92f39f4163f0d.pdf,8970149,E:\byrdocs\e7677b095ec223d810a92f39f4163f0d.jpg,E:\byrdocs\e7677b095ec223d810a92f39f4163f0d.webp,,,https://byrdocs.org/files/e7677b095ec223d810a92f39f4163f0d.pdf
e767cc0311d85c386bc9affc88b59b90,ready,include_after_storage_upload,test,电磁场与电磁波,E:\byrdocs-archive\metadata\e767cc0311d85c386bc9affc88b59b90.yml,e767cc0311d85c386bc9affc88b59b90.pdf,E:\byrdocs\e767cc0311d85c386bc9affc88b59b90.pdf,793572,E:\byrdocs\e767cc0311d85c386bc9affc88b59b90.jpg,E:\byrdocs\e767cc0311d85c386bc9affc88b59b90.webp,,,https://byrdocs.org/files/e767cc0311d85c386bc9affc88b59b90.pdf
e7840cad9fb182213d343f2e2b48ca13,ready,include_after_storage_upload,test,微波工程基础,E:\byrdocs-archive\metadata\e7840cad9fb182213d343f2e2b48ca13.yml,e7840cad9fb182213d343f2e2b48ca13.pdf,E:\byrdocs\e7840cad9fb182213d343f2e2b48ca13.pdf,1001624,E:\byrdocs\e7840cad9fb182213d343f2e2b48ca13.jpg,E:\byrdocs\e7840cad9fb182213d343f2e2b48ca13.webp,,,https://byrdocs.org/files/e7840cad9fb182213d343f2e2b48ca13.pdf
e7ef756eb20fe52424bc84609e330ff1,ready,include_after_storage_upload,test,电磁场与电磁波,E:\byrdocs-archive\metadata\e7ef756eb20fe52424bc84609e330ff1.yml,e7ef756eb20fe52424bc84609e330ff1.pdf,E:\byrdocs\e7ef756eb20fe52424bc84609e330ff1.pdf,590879,E:\byrdocs\e7ef756eb20fe52424bc84609e330ff1.jpg,E:\byrdocs\e7ef756eb20fe52424bc84609e330ff1.webp,,,https://byrdocs.org/files/e7ef756eb20fe52424bc84609e330ff1.pdf
e84370223d918c343d00abcbe05bb684,ready,include_after_storage_upload,test,形式语言与自动机,E:\byrdocs-archive\metadata\e84370223d918c343d00abcbe05bb684.yml,e84370223d918c343d00abcbe05bb684.pdf,E:\byrdocs\e84370223d918c343d00abcbe05bb684.pdf,1335818,E:\byrdocs\e84370223d918c343d00abcbe05bb684.jpg,E:\byrdocs\e84370223d918c343d00abcbe05bb684.webp,,,https://byrdocs.org/files/e84370223d918c343d00abcbe05bb684.pdf
e8856a03d8dcff731802fe3f8c333fc1,ready,include_after_storage_upload,test,电路与电子学基础,E:\byrdocs-archive\metadata\e8856a03d8dcff731802fe3f8c333fc1.yml,e8856a03d8dcff731802fe3f8c333fc1.pdf,E:\byrdocs\e8856a03d8dcff731802fe3f8c333fc1.pdf,387783,E:\byrdocs\e8856a03d8dcff731802fe3f8c333fc1.jpg,E:\byrdocs\e8856a03d8dcff731802fe3f8c333fc1.webp,,,https://byrdocs.org/files/e8856a03d8dcff731802fe3f8c333fc1.pdf
e890393f0304ec5147f0e3813a76eb2c,ready,include_after_storage_upload,book,数学模型,E:\byrdocs-archive\metadata\e890393f0304ec5147f0e3813a76eb2c.yml,e890393f0304ec5147f0e3813a76eb2c.pdf,E:\byrdocs\e890393f0304ec5147f0e3813a76eb2c.pdf,6133728,E:\byrdocs\e890393f0304ec5147f0e3813a76eb2c.jpg,E:\byrdocs\e890393f0304ec5147f0e3813a76eb2c.webp,,,https://byrdocs.org/files/e890393f0304ec5147f0e3813a76eb2c.pdf
e8b06a81649a2c5ce02b214336834a64,ready,include_after_storage_upload,test,组合数学,E:\byrdocs-archive\metadata\e8b06a81649a2c5ce02b214336834a64.yml,e8b06a81649a2c5ce02b214336834a64.pdf,E:\byrdocs\e8b06a81649a2c5ce02b214336834a64.pdf,61409,E:\byrdocs\e8b06a81649a2c5ce02b214336834a64.jpg,E:\byrdocs\e8b06a81649a2c5ce02b214336834a64.webp,,,https://byrdocs.org/files/e8b06a81649a2c5ce02b214336834a64.pdf
e9001b2bbf800581331b16e664e657bd,ready,include_after_storage_upload,book,西方经济学 上册,E:\byrdocs-archive\metadata\e9001b2bbf800581331b16e664e657bd.yml,e9001b2bbf800581331b16e664e657bd.pdf,E:\byrdocs\e9001b2bbf800581331b16e664e657bd.pdf,36822928,E:\byrdocs\e9001b2bbf800581331b16e664e657bd.jpg,E:\byrdocs\e9001b2bbf800581331b16e664e657bd.webp,,,https://byrdocs.org/files/e9001b2bbf800581331b16e664e657bd.pdf
e93b16268899bde4b03d37c26379945a,ready,include_after_storage_upload,book,操作系统原理与实现：微课版,E:\byrdocs-archive\metadata\e93b16268899bde4b03d37c26379945a.yml,e93b16268899bde4b03d37c26379945a.pdf,E:\byrdocs\e93b16268899bde4b03d37c26379945a.pdf,164513361,E:\byrdocs\e93b16268899bde4b03d37c26379945a.jpg,E:\byrdocs\e93b16268899bde4b03d37c26379945a.webp,,,https://byrdocs.org/files/e93b16268899bde4b03d37c26379945a.pdf
e974e6d822ace17423d372dfbf0a696b,ready,include_after_storage_upload,test,大学物理D（上）,E:\byrdocs-archive\metadata\e974e6d822ace17423d372dfbf0a696b.yml,e974e6d822ace17423d372dfbf0a696b.pdf,E:\byrdocs\e974e6d822ace17423d372dfbf0a696b.pdf,336995,E:\byrdocs\e974e6d822ace17423d372dfbf0a696b.jpg,E:\byrdocs\e974e6d822ace17423d372dfbf0a696b.webp,,,https://byrdocs.org/files/e974e6d822ace17423d372dfbf0a696b.pdf
e9a8994aedbb6757ab425b7e379c5519,ready,include_after_storage_upload,doc,计算机系统结构知识点整理,E:\byrdocs-archive\metadata\e9a8994aedbb6757ab425b7e379c5519.yml,e9a8994aedbb6757ab425b7e379c5519.pdf,E:\byrdocs\e9a8994aedbb6757ab425b7e379c5519.pdf,2913764,E:\byrdocs\e9a8994aedbb6757ab425b7e379c5519.jpg,E:\byrdocs\e9a8994aedbb6757ab425b7e379c5519.webp,,,https://byrdocs.org/files/e9a8994aedbb6757ab425b7e379c5519.pdf
e9efe75ec8faf0f5fe344999dc6a61da,ready,include_after_storage_upload,doc,计算机网络-程莉PPT,E:\byrdocs-archive\metadata\e9efe75ec8faf0f5fe344999dc6a61da.yml,e9efe75ec8faf0f5fe344999dc6a61da.zip,E:\byrdocs\e9efe75ec8faf0f5fe344999dc6a61da.zip,104914045,E:\byrdocs\e9efe75ec8faf0f5fe344999dc6a61da.jpg,E:\byrdocs\e9efe75ec8faf0f5fe344999dc6a61da.webp,,,https://byrdocs.org/files/e9efe75ec8faf0f5fe344999dc6a61da.zip
ea3e76bc82602bd146eef2124b820790,ready,include_after_storage_upload,test,数学分析（上）,E:\byrdocs-archive\metadata\ea3e76bc82602bd146eef2124b820790.yml,ea3e76bc82602bd146eef2124b820790.pdf,E:\byrdocs\ea3e76bc82602bd146eef2124b820790.pdf,136428,E:\byrdocs\ea3e76bc82602bd146eef2124b820790.jpg,E:\byrdocs\ea3e76bc82602bd146eef2124b820790.webp,,,https://byrdocs.org/files/ea3e76bc82602bd146eef2124b820790.pdf
ea6ce30c1897865b63873970145e68e3,ready,include_after_storage_upload,doc,李文生PPT,E:\byrdocs-archive\metadata\ea6ce30c1897865b63873970145e68e3.yml,ea6ce30c1897865b63873970145e68e3.zip,E:\byrdocs\ea6ce30c1897865b63873970145e68e3.zip,43853316,E:\byrdocs\ea6ce30c1897865b63873970145e68e3.jpg,E:\byrdocs\ea6ce30c1897865b63873970145e68e3.webp,,,https://byrdocs.org/files/ea6ce30c1897865b63873970145e68e3.zip
ea80087009e8bcf78dbc45f475890fb8,ready,include_after_storage_upload,book,概率论与数理统计,E:\byrdocs-archive\metadata\ea80087009e8bcf78dbc45f475890fb8.yml,ea80087009e8bcf78dbc45f475890fb8.pdf,E:\byrdocs\ea80087009e8bcf78dbc45f475890fb8.pdf,34157265,E:\byrdocs\ea80087009e8bcf78dbc45f475890fb8.jpg,E:\byrdocs\ea80087009e8bcf78dbc45f475890fb8.webp,,,https://byrdocs.org/files/ea80087009e8bcf78dbc45f475890fb8.pdf
eaea67ccc96809b1a8489f2c1cf10b2f,ready,include_after_storage_upload,test,毛泽东思想和中国特色社会主义理论体系概论,E:\byrdocs-archive\metadata\eaea67ccc96809b1a8489f2c1cf10b2f.yml,eaea67ccc96809b1a8489f2c1cf10b2f.pdf,E:\byrdocs\eaea67ccc96809b1a8489f2c1cf10b2f.pdf,205601,E:\byrdocs\eaea67ccc96809b1a8489f2c1cf10b2f.jpg,E:\byrdocs\eaea67ccc96809b1a8489f2c1cf10b2f.webp,,,https://byrdocs.org/files/eaea67ccc96809b1a8489f2c1cf10b2f.pdf
eb30ada79c8df0abd0df64dc9e7be4fd,ready,include_after_storage_upload,doc,数据结构课件与资料-张海旸,E:\byrdocs-archive\metadata\eb30ada79c8df0abd0df64dc9e7be4fd.yml,eb30ada79c8df0abd0df64dc9e7be4fd.zip,E:\byrdocs\eb30ada79c8df0abd0df64dc9e7be4fd.zip,21917645,E:\byrdocs\eb30ada79c8df0abd0df64dc9e7be4fd.jpg,E:\byrdocs\eb30ada79c8df0abd0df64dc9e7be4fd.webp,,,https://byrdocs.org/files/eb30ada79c8df0abd0df64dc9e7be4fd.zip
eb6e89f4d5f1eebebe552eca4ce2258a,ready,include_after_storage_upload,test,概率论与数理统计,E:\byrdocs-archive\metadata\eb6e89f4d5f1eebebe552eca4ce2258a.yml,eb6e89f4d5f1eebebe552eca4ce2258a.pdf,E:\byrdocs\eb6e89f4d5f1eebebe552eca4ce2258a.pdf,4566523,E:\byrdocs\eb6e89f4d5f1eebebe552eca4ce2258a.jpg,E:\byrdocs\eb6e89f4d5f1eebebe552eca4ce2258a.webp,,,https://byrdocs.org/files/eb6e89f4d5f1eebebe552eca4ce2258a.pdf
ebc12de87edeb49759025a4ab3e39145,ready,include_after_storage_upload,test,工科数学分析（下）,E:\byrdocs-archive\metadata\ebc12de87edeb49759025a4ab3e39145.yml,ebc12de87edeb49759025a4ab3e39145.pdf,E:\byrdocs\ebc12de87edeb49759025a4ab3e39145.pdf,580368,E:\byrdocs\ebc12de87edeb49759025a4ab3e39145.jpg,E:\byrdocs\ebc12de87edeb49759025a4ab3e39145.webp,,,https://byrdocs.org/files/ebc12de87edeb49759025a4ab3e39145.pdf
ebd27366e85c9fd24d5460ba8b104d72,ready,include_after_storage_upload,test,通信原理,E:\byrdocs-archive\metadata\ebd27366e85c9fd24d5460ba8b104d72.yml,ebd27366e85c9fd24d5460ba8b104d72.pdf,E:\byrdocs\ebd27366e85c9fd24d5460ba8b104d72.pdf,882869,E:\byrdocs\ebd27366e85c9fd24d5460ba8b104d72.jpg,E:\byrdocs\ebd27366e85c9fd24d5460ba8b104d72.webp,,,https://byrdocs.org/files/ebd27366e85c9fd24d5460ba8b104d72.pdf
ebe4e1b762090fd3b151a039066f5712,ready,include_after_storage_upload,test,大学物理B（上）,E:\byrdocs-archive\metadata\ebe4e1b762090fd3b151a039066f5712.yml,ebe4e1b762090fd3b151a039066f5712.pdf,E:\byrdocs\ebe4e1b762090fd3b151a039066f5712.pdf,644069,E:\byrdocs\ebe4e1b762090fd3b151a039066f5712.jpg,E:\byrdocs\ebe4e1b762090fd3b151a039066f5712.webp,,,https://byrdocs.org/files/ebe4e1b762090fd3b151a039066f5712.pdf
ebf74504a5c50d3b08c804e244e27499,ready,include_after_storage_upload,test,马克思主义基本原理,E:\byrdocs-archive\metadata\ebf74504a5c50d3b08c804e244e27499.yml,ebf74504a5c50d3b08c804e244e27499.pdf,E:\byrdocs\ebf74504a5c50d3b08c804e244e27499.pdf,1468970,E:\byrdocs\ebf74504a5c50d3b08c804e244e27499.jpg,E:\byrdocs\ebf74504a5c50d3b08c804e244e27499.webp,,,https://byrdocs.org/files/ebf74504a5c50d3b08c804e244e27499.pdf
ec06d154fb3ec32eaea65cd1d1fe5618,ready,include_after_storage_upload,test,通信原理,E:\byrdocs-archive\metadata\ec06d154fb3ec32eaea65cd1d1fe5618.yml,ec06d154fb3ec32eaea65cd1d1fe5618.pdf,E:\byrdocs\ec06d154fb3ec32eaea65cd1d1fe5618.pdf,1274427,E:\byrdocs\ec06d154fb3ec32eaea65cd1d1fe5618.jpg,E:\byrdocs\ec06d154fb3ec32eaea65cd1d1fe5618.webp,,,https://byrdocs.org/files/ec06d154fb3ec32eaea65cd1d1fe5618.pdf
ec0bbb2bb68552f535d0220ccf26cf77,ready,include_after_storage_upload,test,网络信息系统基础,E:\byrdocs-archive\metadata\ec0bbb2bb68552f535d0220ccf26cf77.yml,ec0bbb2bb68552f535d0220ccf26cf77.pdf,E:\byrdocs\ec0bbb2bb68552f535d0220ccf26cf77.pdf,541127,E:\byrdocs\ec0bbb2bb68552f535d0220ccf26cf77.jpg,E:\byrdocs\ec0bbb2bb68552f535d0220ccf26cf77.webp,,,https://byrdocs.org/files/ec0bbb2bb68552f535d0220ccf26cf77.pdf
ec177e10b14855c2631707261e4cc0bd,ready,include_after_storage_upload,test,大学物理C,E:\byrdocs-archive\metadata\ec177e10b14855c2631707261e4cc0bd.yml,ec177e10b14855c2631707261e4cc0bd.pdf,E:\byrdocs\ec177e10b14855c2631707261e4cc0bd.pdf,484860,E:\byrdocs\ec177e10b14855c2631707261e4cc0bd.jpg,E:\byrdocs\ec177e10b14855c2631707261e4cc0bd.webp,,,https://byrdocs.org/files/ec177e10b14855c2631707261e4cc0bd.pdf
ec1806c2e35df843f17634980be3594c,ready,include_after_storage_upload,test,信息论,E:\byrdocs-archive\metadata\ec1806c2e35df843f17634980be3594c.yml,ec1806c2e35df843f17634980be3594c.pdf,E:\byrdocs\ec1806c2e35df843f17634980be3594c.pdf,78910,E:\byrdocs\ec1806c2e35df843f17634980be3594c.jpg,E:\byrdocs\ec1806c2e35df843f17634980be3594c.webp,,,https://byrdocs.org/files/ec1806c2e35df843f17634980be3594c.pdf
ec21533f9f3c4e7798902fc1f69cc3e7,ready,include_after_storage_upload,book,计算机组成原理：立体化教材,E:\byrdocs-archive\metadata\ec21533f9f3c4e7798902fc1f69cc3e7.yml,ec21533f9f3c4e7798902fc1f69cc3e7.pdf,E:\byrdocs\ec21533f9f3c4e7798902fc1f69cc3e7.pdf,147422846,E:\byrdocs\ec21533f9f3c4e7798902fc1f69cc3e7.jpg,E:\byrdocs\ec21533f9f3c4e7798902fc1f69cc3e7.webp,,,https://byrdocs.org/files/ec21533f9f3c4e7798902fc1f69cc3e7.pdf
ec2b0c7cf248d90ac25d1782abdb5acb,ready,include_after_storage_upload,test,信号与系统,E:\byrdocs-archive\metadata\ec2b0c7cf248d90ac25d1782abdb5acb.yml,ec2b0c7cf248d90ac25d1782abdb5acb.pdf,E:\byrdocs\ec2b0c7cf248d90ac25d1782abdb5acb.pdf,941282,E:\byrdocs\ec2b0c7cf248d90ac25d1782abdb5acb.jpg,E:\byrdocs\ec2b0c7cf248d90ac25d1782abdb5acb.webp,,,https://byrdocs.org/files/ec2b0c7cf248d90ac25d1782abdb5acb.pdf
ec623b952c1317e5216415058e6eb287,ready,include_after_storage_upload,book,图论基础及其应用,E:\byrdocs-archive\metadata\ec623b952c1317e5216415058e6eb287.yml,ec623b952c1317e5216415058e6eb287.pdf,E:\byrdocs\ec623b952c1317e5216415058e6eb287.pdf,4029326,E:\byrdocs\ec623b952c1317e5216415058e6eb287.jpg,E:\byrdocs\ec623b952c1317e5216415058e6eb287.webp,,,https://byrdocs.org/files/ec623b952c1317e5216415058e6eb287.pdf
ecad29178d4f00e180e1d5759b83c7d7,ready,include_after_storage_upload,test,通信原理,E:\byrdocs-archive\metadata\ecad29178d4f00e180e1d5759b83c7d7.yml,ecad29178d4f00e180e1d5759b83c7d7.pdf,E:\byrdocs\ecad29178d4f00e180e1d5759b83c7d7.pdf,912046,E:\byrdocs\ecad29178d4f00e180e1d5759b83c7d7.jpg,E:\byrdocs\ecad29178d4f00e180e1d5759b83c7d7.webp,,,https://byrdocs.org/files/ecad29178d4f00e180e1d5759b83c7d7.pdf
ecb75176671a9538a820c46fd8b9b65f,ready,include_after_storage_upload,book,模式识别与机器学习,E:\byrdocs-archive\metadata\ecb75176671a9538a820c46fd8b9b65f.yml,ecb75176671a9538a820c46fd8b9b65f.pdf,E:\byrdocs\ecb75176671a9538a820c46fd8b9b65f.pdf,17925814,E:\byrdocs\ecb75176671a9538a820c46fd8b9b65f.jpg,E:\byrdocs\ecb75176671a9538a820c46fd8b9b65f.webp,,,https://byrdocs.org/files/ecb75176671a9538a820c46fd8b9b65f.pdf
ecc132df66b256729d191511f450e1bf,ready,include_after_storage_upload,book,VHDL数字电路设计教程,E:\byrdocs-archive\metadata\ecc132df66b256729d191511f450e1bf.yml,ecc132df66b256729d191511f450e1bf.pdf,E:\byrdocs\ecc132df66b256729d191511f450e1bf.pdf,65489440,E:\byrdocs\ecc132df66b256729d191511f450e1bf.jpg,E:\byrdocs\ecc132df66b256729d191511f450e1bf.webp,,,https://byrdocs.org/files/ecc132df66b256729d191511f450e1bf.pdf
ed89db2b6871881ce1e8078445721b11,ready,include_after_storage_upload,test,工程数学,E:\byrdocs-archive\metadata\ed89db2b6871881ce1e8078445721b11.yml,ed89db2b6871881ce1e8078445721b11.pdf,E:\byrdocs\ed89db2b6871881ce1e8078445721b11.pdf,1336692,E:\byrdocs\ed89db2b6871881ce1e8078445721b11.jpg,E:\byrdocs\ed89db2b6871881ce1e8078445721b11.webp,,,https://byrdocs.org/files/ed89db2b6871881ce1e8078445721b11.pdf
eda085225d39de8158b3c28526b93963,ready,include_after_storage_upload,book,应用随机过程概率模型导论（第11版）,E:\byrdocs-archive\metadata\eda085225d39de8158b3c28526b93963.yml,eda085225d39de8158b3c28526b93963.pdf,E:\byrdocs\eda085225d39de8158b3c28526b93963.pdf,102123799,E:\byrdocs\eda085225d39de8158b3c28526b93963.jpg,E:\byrdocs\eda085225d39de8158b3c28526b93963.webp,,,https://byrdocs.org/files/eda085225d39de8158b3c28526b93963.pdf
edad62ee4840b547066a20b292ac2dbd,ready,include_after_storage_upload,book,数字逻辑习题解析与实验教程,E:\byrdocs-archive\metadata\edad62ee4840b547066a20b292ac2dbd.yml,edad62ee4840b547066a20b292ac2dbd.pdf,E:\byrdocs\edad62ee4840b547066a20b292ac2dbd.pdf,62069636,E:\byrdocs\edad62ee4840b547066a20b292ac2dbd.jpg,E:\byrdocs\edad62ee4840b547066a20b292ac2dbd.webp,,,https://byrdocs.org/files/edad62ee4840b547066a20b292ac2dbd.pdf
edf622aa5d0d31d771cc98e3041ee57d,ready,include_after_storage_upload,test,数据结构,E:\byrdocs-archive\metadata\edf622aa5d0d31d771cc98e3041ee57d.yml,edf622aa5d0d31d771cc98e3041ee57d.pdf,E:\byrdocs\edf622aa5d0d31d771cc98e3041ee57d.pdf,333254,E:\byrdocs\edf622aa5d0d31d771cc98e3041ee57d.jpg,E:\byrdocs\edf622aa5d0d31d771cc98e3041ee57d.webp,,,https://byrdocs.org/files/edf622aa5d0d31d771cc98e3041ee57d.pdf
f0373a09752edea95cf16769b861c07b,ready,include_after_storage_upload,book,半导体器件基础,E:\byrdocs-archive\metadata\f0373a09752edea95cf16769b861c07b.yml,f0373a09752edea95cf16769b861c07b.pdf,E:\byrdocs\f0373a09752edea95cf16769b861c07b.pdf,34407456,E:\byrdocs\f0373a09752edea95cf16769b861c07b.jpg,E:\byrdocs\f0373a09752edea95cf16769b861c07b.webp,,,https://byrdocs.org/files/f0373a09752edea95cf16769b861c07b.pdf
f08e2a3a5c14b8ae236f1a519b460b00,ready,include_after_storage_upload,test,物联网导论,E:\byrdocs-archive\metadata\f08e2a3a5c14b8ae236f1a519b460b00.yml,f08e2a3a5c14b8ae236f1a519b460b00.pdf,E:\byrdocs\f08e2a3a5c14b8ae236f1a519b460b00.pdf,4894566,E:\byrdocs\f08e2a3a5c14b8ae236f1a519b460b00.jpg,E:\byrdocs\f08e2a3a5c14b8ae236f1a519b460b00.webp,,,https://byrdocs.org/files/f08e2a3a5c14b8ae236f1a519b460b00.pdf
f0d475693ea921a8a53f1e6573097339,ready,include_after_storage_upload,test,高等数学A（下）,E:\byrdocs-archive\metadata\f0d475693ea921a8a53f1e6573097339.yml,f0d475693ea921a8a53f1e6573097339.pdf,E:\byrdocs\f0d475693ea921a8a53f1e6573097339.pdf,1981287,E:\byrdocs\f0d475693ea921a8a53f1e6573097339.jpg,E:\byrdocs\f0d475693ea921a8a53f1e6573097339.webp,,,https://byrdocs.org/files/f0d475693ea921a8a53f1e6573097339.pdf
f16fcf8e43b19cfe8ebad87bfe4ccc2b,ready,include_after_storage_upload,doc,2016-2017 第二学期 离散数学 免修考试试题,E:\byrdocs-archive\metadata\f16fcf8e43b19cfe8ebad87bfe4ccc2b.yml,f16fcf8e43b19cfe8ebad87bfe4ccc2b.pdf,E:\byrdocs\f16fcf8e43b19cfe8ebad87bfe4ccc2b.pdf,492034,E:\byrdocs\f16fcf8e43b19cfe8ebad87bfe4ccc2b.jpg,E:\byrdocs\f16fcf8e43b19cfe8ebad87bfe4ccc2b.webp,,,https://byrdocs.org/files/f16fcf8e43b19cfe8ebad87bfe4ccc2b.pdf
f2291430ae9edc9fea63ba7fcc614acb,ready,include_after_storage_upload,test,离散数学,E:\byrdocs-archive\metadata\f2291430ae9edc9fea63ba7fcc614acb.yml,f2291430ae9edc9fea63ba7fcc614acb.pdf,E:\byrdocs\f2291430ae9edc9fea63ba7fcc614acb.pdf,1499816,E:\byrdocs\f2291430ae9edc9fea63ba7fcc614acb.jpg,E:\byrdocs\f2291430ae9edc9fea63ba7fcc614acb.webp,,,https://byrdocs.org/files/f2291430ae9edc9fea63ba7fcc614acb.pdf
f23690e93631f968145e6115715dc0a7,ready,include_after_storage_upload,test,数学分析（下）,E:\byrdocs-archive\metadata\f23690e93631f968145e6115715dc0a7.yml,f23690e93631f968145e6115715dc0a7.pdf,E:\byrdocs\f23690e93631f968145e6115715dc0a7.pdf,203925,E:\byrdocs\f23690e93631f968145e6115715dc0a7.jpg,E:\byrdocs\f23690e93631f968145e6115715dc0a7.webp,,,https://byrdocs.org/files/f23690e93631f968145e6115715dc0a7.pdf
f27dbba58082d1aecb6cb90d7333a7cb,ready,include_after_storage_upload,doc,马原知识点,E:\byrdocs-archive\metadata\f27dbba58082d1aecb6cb90d7333a7cb.yml,f27dbba58082d1aecb6cb90d7333a7cb.pdf,E:\byrdocs\f27dbba58082d1aecb6cb90d7333a7cb.pdf,193432,E:\byrdocs\f27dbba58082d1aecb6cb90d7333a7cb.jpg,E:\byrdocs\f27dbba58082d1aecb6cb90d7333a7cb.webp,,,https://byrdocs.org/files/f27dbba58082d1aecb6cb90d7333a7cb.pdf
f296bb5b55aefcc3d428550d74cc1ad2,ready,include_after_storage_upload,doc,2022毛概宇宙v1.5,E:\byrdocs-archive\metadata\f296bb5b55aefcc3d428550d74cc1ad2.yml,f296bb5b55aefcc3d428550d74cc1ad2.pdf,E:\byrdocs\f296bb5b55aefcc3d428550d74cc1ad2.pdf,933331,E:\byrdocs\f296bb5b55aefcc3d428550d74cc1ad2.jpg,E:\byrdocs\f296bb5b55aefcc3d428550d74cc1ad2.webp,,,https://byrdocs.org/files/f296bb5b55aefcc3d428550d74cc1ad2.pdf
f2bf10f6b4c2d068a49b58b632b71176,ready,include_after_storage_upload,book,Convex Optimization,E:\byrdocs-archive\metadata\f2bf10f6b4c2d068a49b58b632b71176.yml,f2bf10f6b4c2d068a49b58b632b71176.pdf,E:\byrdocs\f2bf10f6b4c2d068a49b58b632b71176.pdf,8347272,E:\byrdocs\f2bf10f6b4c2d068a49b58b632b71176.jpg,E:\byrdocs\f2bf10f6b4c2d068a49b58b632b71176.webp,,,https://byrdocs.org/files/f2bf10f6b4c2d068a49b58b632b71176.pdf
f2ca5be2a63a444d616db54c27739b08,ready,include_after_storage_upload,book,现代交换原理与通信网技术,E:\byrdocs-archive\metadata\f2ca5be2a63a444d616db54c27739b08.yml,f2ca5be2a63a444d616db54c27739b08.pdf,E:\byrdocs\f2ca5be2a63a444d616db54c27739b08.pdf,46669036,E:\byrdocs\f2ca5be2a63a444d616db54c27739b08.jpg,E:\byrdocs\f2ca5be2a63a444d616db54c27739b08.webp,,,https://byrdocs.org/files/f2ca5be2a63a444d616db54c27739b08.pdf
f36df488a0ceb62f4dbab0c7ca427bc1,ready,include_after_storage_upload,test,电路与电子学基础,E:\byrdocs-archive\metadata\f36df488a0ceb62f4dbab0c7ca427bc1.yml,f36df488a0ceb62f4dbab0c7ca427bc1.pdf,E:\byrdocs\f36df488a0ceb62f4dbab0c7ca427bc1.pdf,441492,E:\byrdocs\f36df488a0ceb62f4dbab0c7ca427bc1.jpg,E:\byrdocs\f36df488a0ceb62f4dbab0c7ca427bc1.webp,,,https://byrdocs.org/files/f36df488a0ceb62f4dbab0c7ca427bc1.pdf
f3b1047c5bc6df102c0df4330d270805,ready,include_after_storage_upload,test,信息论与编码,E:\byrdocs-archive\metadata\f3b1047c5bc6df102c0df4330d270805.yml,f3b1047c5bc6df102c0df4330d270805.pdf,E:\byrdocs\f3b1047c5bc6df102c0df4330d270805.pdf,316652,E:\byrdocs\f3b1047c5bc6df102c0df4330d270805.jpg,E:\byrdocs\f3b1047c5bc6df102c0df4330d270805.webp,,,https://byrdocs.org/files/f3b1047c5bc6df102c0df4330d270805.pdf
f3f66564a90945dce8f8f73081c0b781,ready,include_after_storage_upload,book,高等数学解题法,E:\byrdocs-archive\metadata\f3f66564a90945dce8f8f73081c0b781.yml,f3f66564a90945dce8f8f73081c0b781.pdf,E:\byrdocs\f3f66564a90945dce8f8f73081c0b781.pdf,60961738,E:\byrdocs\f3f66564a90945dce8f8f73081c0b781.jpg,E:\byrdocs\f3f66564a90945dce8f8f73081c0b781.webp,,,https://byrdocs.org/files/f3f66564a90945dce8f8f73081c0b781.pdf
f42e9ccab12f4d139580d8e8803f2bc4,ready,include_after_storage_upload,doc,23版知识点,E:\byrdocs-archive\metadata\f42e9ccab12f4d139580d8e8803f2bc4.yml,f42e9ccab12f4d139580d8e8803f2bc4.pdf,E:\byrdocs\f42e9ccab12f4d139580d8e8803f2bc4.pdf,1093885,E:\byrdocs\f42e9ccab12f4d139580d8e8803f2bc4.jpg,E:\byrdocs\f42e9ccab12f4d139580d8e8803f2bc4.webp,,,https://byrdocs.org/files/f42e9ccab12f4d139580d8e8803f2bc4.pdf
f43cfd27385be32bfb54507339aad3b9,ready,include_after_storage_upload,test,信号与系统,E:\byrdocs-archive\metadata\f43cfd27385be32bfb54507339aad3b9.yml,f43cfd27385be32bfb54507339aad3b9.pdf,E:\byrdocs\f43cfd27385be32bfb54507339aad3b9.pdf,6336837,E:\byrdocs\f43cfd27385be32bfb54507339aad3b9.jpg,E:\byrdocs\f43cfd27385be32bfb54507339aad3b9.webp,,,https://byrdocs.org/files/f43cfd27385be32bfb54507339aad3b9.pdf
f47cf2b89258b54e8fc600ebc6cbe749,ready,include_after_storage_upload,test,离散数学,E:\byrdocs-archive\metadata\f47cf2b89258b54e8fc600ebc6cbe749.yml,f47cf2b89258b54e8fc600ebc6cbe749.pdf,E:\byrdocs\f47cf2b89258b54e8fc600ebc6cbe749.pdf,1040655,E:\byrdocs\f47cf2b89258b54e8fc600ebc6cbe749.jpg,E:\byrdocs\f47cf2b89258b54e8fc600ebc6cbe749.webp,,,https://byrdocs.org/files/f47cf2b89258b54e8fc600ebc6cbe749.pdf
f4b40da3f699eed06c5e37a566e1b4a6,ready,include_after_storage_upload,book,Linux Command Line and Shell Scripting Bible,E:\byrdocs-archive\metadata\f4b40da3f699eed06c5e37a566e1b4a6.yml,f4b40da3f699eed06c5e37a566e1b4a6.pdf,E:\byrdocs\f4b40da3f699eed06c5e37a566e1b4a6.pdf,5735534,E:\byrdocs\f4b40da3f699eed06c5e37a566e1b4a6.jpg,E:\byrdocs\f4b40da3f699eed06c5e37a566e1b4a6.webp,,,https://byrdocs.org/files/f4b40da3f699eed06c5e37a566e1b4a6.pdf
f57ae1a8a601377170c200abf43ad947,ready,include_after_storage_upload,test,复变函数,E:\byrdocs-archive\metadata\f57ae1a8a601377170c200abf43ad947.yml,f57ae1a8a601377170c200abf43ad947.pdf,E:\byrdocs\f57ae1a8a601377170c200abf43ad947.pdf,250607,E:\byrdocs\f57ae1a8a601377170c200abf43ad947.jpg,E:\byrdocs\f57ae1a8a601377170c200abf43ad947.webp,,,https://byrdocs.org/files/f57ae1a8a601377170c200abf43ad947.pdf
f5b1ba8aab11273af1036e22ff27148c,ready,include_after_storage_upload,doc,概率论与数理统计知识点,E:\byrdocs-archive\metadata\f5b1ba8aab11273af1036e22ff27148c.yml,f5b1ba8aab11273af1036e22ff27148c.zip,E:\byrdocs\f5b1ba8aab11273af1036e22ff27148c.zip,7496516,E:\byrdocs\f5b1ba8aab11273af1036e22ff27148c.jpg,E:\byrdocs\f5b1ba8aab11273af1036e22ff27148c.webp,,,https://byrdocs.org/files/f5b1ba8aab11273af1036e22ff27148c.zip
f5c623be96e601eaa4a80cc0b9e7847d,ready,include_after_storage_upload,book,高等代数 上册,E:\byrdocs-archive\metadata\f5c623be96e601eaa4a80cc0b9e7847d.yml,f5c623be96e601eaa4a80cc0b9e7847d.pdf,E:\byrdocs\f5c623be96e601eaa4a80cc0b9e7847d.pdf,41367186,E:\byrdocs\f5c623be96e601eaa4a80cc0b9e7847d.jpg,E:\byrdocs\f5c623be96e601eaa4a80cc0b9e7847d.webp,,,https://byrdocs.org/files/f5c623be96e601eaa4a80cc0b9e7847d.pdf
f5d6f9013c1f231e86925ffcdf059d53,ready,include_after_storage_upload,test,通信原理,E:\byrdocs-archive\metadata\f5d6f9013c1f231e86925ffcdf059d53.yml,f5d6f9013c1f231e86925ffcdf059d53.pdf,E:\byrdocs\f5d6f9013c1f231e86925ffcdf059d53.pdf,724144,E:\byrdocs\f5d6f9013c1f231e86925ffcdf059d53.jpg,E:\byrdocs\f5d6f9013c1f231e86925ffcdf059d53.webp,,,https://byrdocs.org/files/f5d6f9013c1f231e86925ffcdf059d53.pdf
f6678f522f26ce976989f8ecddd9c2f3,ready,include_after_storage_upload,book,基础神经科学教程  第2版  ,E:\byrdocs-archive\metadata\f6678f522f26ce976989f8ecddd9c2f3.yml,f6678f522f26ce976989f8ecddd9c2f3.pdf,E:\byrdocs\f6678f522f26ce976989f8ecddd9c2f3.pdf,119995409,E:\byrdocs\f6678f522f26ce976989f8ecddd9c2f3.jpg,E:\byrdocs\f6678f522f26ce976989f8ecddd9c2f3.webp,,,https://byrdocs.org/files/f6678f522f26ce976989f8ecddd9c2f3.pdf
f69c3614089f934d4f664686127beeae,ready,include_after_storage_upload,test,离散数学,E:\byrdocs-archive\metadata\f69c3614089f934d4f664686127beeae.yml,f69c3614089f934d4f664686127beeae.pdf,E:\byrdocs\f69c3614089f934d4f664686127beeae.pdf,467372,E:\byrdocs\f69c3614089f934d4f664686127beeae.jpg,E:\byrdocs\f69c3614089f934d4f664686127beeae.webp,,,https://byrdocs.org/files/f69c3614089f934d4f664686127beeae.pdf
f6bb2658961569c5c6528579bd0ec33b,ready,include_after_storage_upload,test,概率论与数理统计,E:\byrdocs-archive\metadata\f6bb2658961569c5c6528579bd0ec33b.yml,f6bb2658961569c5c6528579bd0ec33b.pdf,E:\byrdocs\f6bb2658961569c5c6528579bd0ec33b.pdf,473080,E:\byrdocs\f6bb2658961569c5c6528579bd0ec33b.jpg,E:\byrdocs\f6bb2658961569c5c6528579bd0ec33b.webp,,,https://byrdocs.org/files/f6bb2658961569c5c6528579bd0ec33b.pdf
f6e14ff7e3d5b5a901e1eec00b0bd88e,ready,include_after_storage_upload,book,运筹学,E:\byrdocs-archive\metadata\f6e14ff7e3d5b5a901e1eec00b0bd88e.yml,f6e14ff7e3d5b5a901e1eec00b0bd88e.pdf,E:\byrdocs\f6e14ff7e3d5b5a901e1eec00b0bd88e.pdf,52035718,E:\byrdocs\f6e14ff7e3d5b5a901e1eec00b0bd88e.jpg,E:\byrdocs\f6e14ff7e3d5b5a901e1eec00b0bd88e.webp,,,https://byrdocs.org/files/f6e14ff7e3d5b5a901e1eec00b0bd88e.pdf
f732d7f688e2ae98c9a942ab6c9cf7ab,ready,include_after_storage_upload,test,信息系统安全,E:\byrdocs-archive\metadata\f732d7f688e2ae98c9a942ab6c9cf7ab.yml,f732d7f688e2ae98c9a942ab6c9cf7ab.pdf,E:\byrdocs\f732d7f688e2ae98c9a942ab6c9cf7ab.pdf,704577,E:\byrdocs\f732d7f688e2ae98c9a942ab6c9cf7ab.jpg,E:\byrdocs\f732d7f688e2ae98c9a942ab6c9cf7ab.webp,,,https://byrdocs.org/files/f732d7f688e2ae98c9a942ab6c9cf7ab.pdf
f75f8eb43a3c0b6261df0eb907d2ffa7,ready,include_after_storage_upload,test,形式语言与自动机,E:\byrdocs-archive\metadata\f75f8eb43a3c0b6261df0eb907d2ffa7.yml,f75f8eb43a3c0b6261df0eb907d2ffa7.pdf,E:\byrdocs\f75f8eb43a3c0b6261df0eb907d2ffa7.pdf,182510,E:\byrdocs\f75f8eb43a3c0b6261df0eb907d2ffa7.jpg,E:\byrdocs\f75f8eb43a3c0b6261df0eb907d2ffa7.webp,,,https://byrdocs.org/files/f75f8eb43a3c0b6261df0eb907d2ffa7.pdf
f7cc22f7a6ab92c85d75ac226305a004,ready,include_after_storage_upload,book,Computer Graphics Principles and Practice,E:\byrdocs-archive\metadata\f7cc22f7a6ab92c85d75ac226305a004.yml,f7cc22f7a6ab92c85d75ac226305a004.pdf,E:\byrdocs\f7cc22f7a6ab92c85d75ac226305a004.pdf,19268680,E:\byrdocs\f7cc22f7a6ab92c85d75ac226305a004.jpg,E:\byrdocs\f7cc22f7a6ab92c85d75ac226305a004.webp,,,https://byrdocs.org/files/f7cc22f7a6ab92c85d75ac226305a004.pdf
f7d94ac00193affc43d7f7b8933c0f51,ready,include_after_storage_upload,test,随机信号分析与处理,E:\byrdocs-archive\metadata\f7d94ac00193affc43d7f7b8933c0f51.yml,f7d94ac00193affc43d7f7b8933c0f51.pdf,E:\byrdocs\f7d94ac00193affc43d7f7b8933c0f51.pdf,550522,E:\byrdocs\f7d94ac00193affc43d7f7b8933c0f51.jpg,E:\byrdocs\f7d94ac00193affc43d7f7b8933c0f51.webp,,,https://byrdocs.org/files/f7d94ac00193affc43d7f7b8933c0f51.pdf
f7dec8339bb165825b0af62eb192cb6d,ready,include_after_storage_upload,book,信号与系统引论,E:\byrdocs-archive\metadata\f7dec8339bb165825b0af62eb192cb6d.yml,f7dec8339bb165825b0af62eb192cb6d.pdf,E:\byrdocs\f7dec8339bb165825b0af62eb192cb6d.pdf,16887150,E:\byrdocs\f7dec8339bb165825b0af62eb192cb6d.jpg,E:\byrdocs\f7dec8339bb165825b0af62eb192cb6d.webp,,,https://byrdocs.org/files/f7dec8339bb165825b0af62eb192cb6d.pdf
f7e4edf0218fb6a95b9ceeaf1a742267,ready,include_after_storage_upload,test,电路与电子学基础,E:\byrdocs-archive\metadata\f7e4edf0218fb6a95b9ceeaf1a742267.yml,f7e4edf0218fb6a95b9ceeaf1a742267.pdf,E:\byrdocs\f7e4edf0218fb6a95b9ceeaf1a742267.pdf,1514418,E:\byrdocs\f7e4edf0218fb6a95b9ceeaf1a742267.jpg,E:\byrdocs\f7e4edf0218fb6a95b9ceeaf1a742267.webp,,,https://byrdocs.org/files/f7e4edf0218fb6a95b9ceeaf1a742267.pdf
f8018ab364485aa01e1401f687bd2574,ready,include_after_storage_upload,test,通信原理与实践,E:\byrdocs-archive\metadata\f8018ab364485aa01e1401f687bd2574.yml,f8018ab364485aa01e1401f687bd2574.pdf,E:\byrdocs\f8018ab364485aa01e1401f687bd2574.pdf,894542,E:\byrdocs\f8018ab364485aa01e1401f687bd2574.jpg,E:\byrdocs\f8018ab364485aa01e1401f687bd2574.webp,,,https://byrdocs.org/files/f8018ab364485aa01e1401f687bd2574.pdf
f80c519e8f32dcac42bae6d077ff2bde,ready,include_after_storage_upload,test,概率论与随机过程,E:\byrdocs-archive\metadata\f80c519e8f32dcac42bae6d077ff2bde.yml,f80c519e8f32dcac42bae6d077ff2bde.pdf,E:\byrdocs\f80c519e8f32dcac42bae6d077ff2bde.pdf,562006,E:\byrdocs\f80c519e8f32dcac42bae6d077ff2bde.jpg,E:\byrdocs\f80c519e8f32dcac42bae6d077ff2bde.webp,,,https://byrdocs.org/files/f80c519e8f32dcac42bae6d077ff2bde.pdf
f84d706dd712f25317df40949026f072,ready,include_after_storage_upload,book,Elements of Information Theory,E:\byrdocs-archive\metadata\f84d706dd712f25317df40949026f072.yml,f84d706dd712f25317df40949026f072.pdf,E:\byrdocs\f84d706dd712f25317df40949026f072.pdf,10581219,E:\byrdocs\f84d706dd712f25317df40949026f072.jpg,E:\byrdocs\f84d706dd712f25317df40949026f072.webp,,,https://byrdocs.org/files/f84d706dd712f25317df40949026f072.pdf
f866e637c46339b19a926ac9b16d0699,ready,include_after_storage_upload,book,现代密码学教程,E:\byrdocs-archive\metadata\f866e637c46339b19a926ac9b16d0699.yml,f866e637c46339b19a926ac9b16d0699.pdf,E:\byrdocs\f866e637c46339b19a926ac9b16d0699.pdf,27776195,E:\byrdocs\f866e637c46339b19a926ac9b16d0699.jpg,E:\byrdocs\f866e637c46339b19a926ac9b16d0699.webp,,,https://byrdocs.org/files/f866e637c46339b19a926ac9b16d0699.pdf
f8a49db5bfee08ef4232ad1fe5530fbf,ready,include_after_storage_upload,test,概率论与数理统计,E:\byrdocs-archive\metadata\f8a49db5bfee08ef4232ad1fe5530fbf.yml,f8a49db5bfee08ef4232ad1fe5530fbf.pdf,E:\byrdocs\f8a49db5bfee08ef4232ad1fe5530fbf.pdf,3703403,E:\byrdocs\f8a49db5bfee08ef4232ad1fe5530fbf.jpg,E:\byrdocs\f8a49db5bfee08ef4232ad1fe5530fbf.webp,,,https://byrdocs.org/files/f8a49db5bfee08ef4232ad1fe5530fbf.pdf
f8a7d4d06495d7004ecf3c93ba19dcdb,ready,include_after_storage_upload,test,线性代数,E:\byrdocs-archive\metadata\f8a7d4d06495d7004ecf3c93ba19dcdb.yml,f8a7d4d06495d7004ecf3c93ba19dcdb.pdf,E:\byrdocs\f8a7d4d06495d7004ecf3c93ba19dcdb.pdf,2530032,E:\byrdocs\f8a7d4d06495d7004ecf3c93ba19dcdb.jpg,E:\byrdocs\f8a7d4d06495d7004ecf3c93ba19dcdb.webp,,,https://byrdocs.org/files/f8a7d4d06495d7004ecf3c93ba19dcdb.pdf
f8b70cdcaaf75598c6b2bf71c18d34aa,ready,include_after_storage_upload,doc,机械制图习题集 第6版解答,E:\byrdocs-archive\metadata\f8b70cdcaaf75598c6b2bf71c18d34aa.yml,f8b70cdcaaf75598c6b2bf71c18d34aa.pdf,E:\byrdocs\f8b70cdcaaf75598c6b2bf71c18d34aa.pdf,22482634,E:\byrdocs\f8b70cdcaaf75598c6b2bf71c18d34aa.jpg,E:\byrdocs\f8b70cdcaaf75598c6b2bf71c18d34aa.webp,,,https://byrdocs.org/files/f8b70cdcaaf75598c6b2bf71c18d34aa.pdf
f8d81b005c2704c7eae72583bb8f5c73,ready,include_after_storage_upload,test,最优化理论与算法,E:\byrdocs-archive\metadata\f8d81b005c2704c7eae72583bb8f5c73.yml,f8d81b005c2704c7eae72583bb8f5c73.pdf,E:\byrdocs\f8d81b005c2704c7eae72583bb8f5c73.pdf,1211244,E:\byrdocs\f8d81b005c2704c7eae72583bb8f5c73.jpg,E:\byrdocs\f8d81b005c2704c7eae72583bb8f5c73.webp,,,https://byrdocs.org/files/f8d81b005c2704c7eae72583bb8f5c73.pdf
f8dbc695363b6d0e989f41ff2cd9fec1,ready,include_after_storage_upload,doc,运筹学作业及答案,E:\byrdocs-archive\metadata\f8dbc695363b6d0e989f41ff2cd9fec1.yml,f8dbc695363b6d0e989f41ff2cd9fec1.pdf,E:\byrdocs\f8dbc695363b6d0e989f41ff2cd9fec1.pdf,1057302,E:\byrdocs\f8dbc695363b6d0e989f41ff2cd9fec1.jpg,E:\byrdocs\f8dbc695363b6d0e989f41ff2cd9fec1.webp,,,https://byrdocs.org/files/f8dbc695363b6d0e989f41ff2cd9fec1.pdf
f8e47fb0e70703b8203cdfbc668c4e95,ready,include_after_storage_upload,test,算法设计与分析,E:\byrdocs-archive\metadata\f8e47fb0e70703b8203cdfbc668c4e95.yml,f8e47fb0e70703b8203cdfbc668c4e95.pdf,E:\byrdocs\f8e47fb0e70703b8203cdfbc668c4e95.pdf,79902194,E:\byrdocs\f8e47fb0e70703b8203cdfbc668c4e95.jpg,E:\byrdocs\f8e47fb0e70703b8203cdfbc668c4e95.webp,,,https://byrdocs.org/files/f8e47fb0e70703b8203cdfbc668c4e95.pdf
f8e48f994b0b7b64c49ef622cd97f129,ready,include_after_storage_upload,test,人工智能原理,E:\byrdocs-archive\metadata\f8e48f994b0b7b64c49ef622cd97f129.yml,f8e48f994b0b7b64c49ef622cd97f129.pdf,E:\byrdocs\f8e48f994b0b7b64c49ef622cd97f129.pdf,727830,E:\byrdocs\f8e48f994b0b7b64c49ef622cd97f129.jpg,E:\byrdocs\f8e48f994b0b7b64c49ef622cd97f129.webp,,,https://byrdocs.org/files/f8e48f994b0b7b64c49ef622cd97f129.pdf
f97243ad75e829b854175d43b3170df1,ready,include_after_storage_upload,doc,C++程序设计 课件,E:\byrdocs-archive\metadata\f97243ad75e829b854175d43b3170df1.yml,f97243ad75e829b854175d43b3170df1.zip,E:\byrdocs\f97243ad75e829b854175d43b3170df1.zip,2822692,E:\byrdocs\f97243ad75e829b854175d43b3170df1.jpg,E:\byrdocs\f97243ad75e829b854175d43b3170df1.webp,,,https://byrdocs.org/files/f97243ad75e829b854175d43b3170df1.zip
f9b937e526ec918075411d755cc00678,ready,include_after_storage_upload,test,概率论与数理统计,E:\byrdocs-archive\metadata\f9b937e526ec918075411d755cc00678.yml,f9b937e526ec918075411d755cc00678.pdf,E:\byrdocs\f9b937e526ec918075411d755cc00678.pdf,222747,E:\byrdocs\f9b937e526ec918075411d755cc00678.jpg,E:\byrdocs\f9b937e526ec918075411d755cc00678.webp,,,https://byrdocs.org/files/f9b937e526ec918075411d755cc00678.pdf
f9f980fbadf6bf28314843de20861654,ready,include_after_storage_upload,book,微波技术基础,E:\byrdocs-archive\metadata\f9f980fbadf6bf28314843de20861654.yml,f9f980fbadf6bf28314843de20861654.pdf,E:\byrdocs\f9f980fbadf6bf28314843de20861654.pdf,433991235,E:\byrdocs\f9f980fbadf6bf28314843de20861654.jpg,E:\byrdocs\f9f980fbadf6bf28314843de20861654.webp,,,https://byrdocs.org/files/f9f980fbadf6bf28314843de20861654.pdf
fa40d71075330cefbd0b4460b6047028,ready,include_after_storage_upload,test,人工智能引论A,E:\byrdocs-archive\metadata\fa40d71075330cefbd0b4460b6047028.yml,fa40d71075330cefbd0b4460b6047028.pdf,E:\byrdocs\fa40d71075330cefbd0b4460b6047028.pdf,1998239,E:\byrdocs\fa40d71075330cefbd0b4460b6047028.jpg,E:\byrdocs\fa40d71075330cefbd0b4460b6047028.webp,,,https://byrdocs.org/files/fa40d71075330cefbd0b4460b6047028.pdf
fa7b8862ac2ba6eb11ceaaeaa7a55e59,ready,include_after_storage_upload,test,信号与系统,E:\byrdocs-archive\metadata\fa7b8862ac2ba6eb11ceaaeaa7a55e59.yml,fa7b8862ac2ba6eb11ceaaeaa7a55e59.pdf,E:\byrdocs\fa7b8862ac2ba6eb11ceaaeaa7a55e59.pdf,24321004,E:\byrdocs\fa7b8862ac2ba6eb11ceaaeaa7a55e59.jpg,E:\byrdocs\fa7b8862ac2ba6eb11ceaaeaa7a55e59.webp,,,https://byrdocs.org/files/fa7b8862ac2ba6eb11ceaaeaa7a55e59.pdf
fb927b28c101492bf3f7501aeb641da2,ready,include_after_storage_upload,test,毛泽东思想和中国特色社会主义理论体系概论,E:\byrdocs-archive\metadata\fb927b28c101492bf3f7501aeb641da2.yml,fb927b28c101492bf3f7501aeb641da2.pdf,E:\byrdocs\fb927b28c101492bf3f7501aeb641da2.pdf,39495,E:\byrdocs\fb927b28c101492bf3f7501aeb641da2.jpg,E:\byrdocs\fb927b28c101492bf3f7501aeb641da2.webp,,,https://byrdocs.org/files/fb927b28c101492bf3f7501aeb641da2.pdf
fb961636c3e8a00b42c2f4ead061340f,ready,include_after_storage_upload,doc,知识梳理（第四章）,E:\byrdocs-archive\metadata\fb961636c3e8a00b42c2f4ead061340f.yml,fb961636c3e8a00b42c2f4ead061340f.pdf,E:\byrdocs\fb961636c3e8a00b42c2f4ead061340f.pdf,7730305,E:\byrdocs\fb961636c3e8a00b42c2f4ead061340f.jpg,E:\byrdocs\fb961636c3e8a00b42c2f4ead061340f.webp,,,https://byrdocs.org/files/fb961636c3e8a00b42c2f4ead061340f.pdf
fbae45092a3f21e1359a8a4f4076d2dc,ready,include_after_storage_upload,book,测度论讲义,E:\byrdocs-archive\metadata\fbae45092a3f21e1359a8a4f4076d2dc.yml,fbae45092a3f21e1359a8a4f4076d2dc.pdf,E:\byrdocs\fbae45092a3f21e1359a8a4f4076d2dc.pdf,4655291,E:\byrdocs\fbae45092a3f21e1359a8a4f4076d2dc.jpg,E:\byrdocs\fbae45092a3f21e1359a8a4f4076d2dc.webp,,,https://byrdocs.org/files/fbae45092a3f21e1359a8a4f4076d2dc.pdf
fbaf6d82a182863cbfe947bf6e59ccc2,ready,include_after_storage_upload,book,大学英语实验教程（阅读）3,E:\byrdocs-archive\metadata\fbaf6d82a182863cbfe947bf6e59ccc2.yml,fbaf6d82a182863cbfe947bf6e59ccc2.pdf,E:\byrdocs\fbaf6d82a182863cbfe947bf6e59ccc2.pdf,4936131,E:\byrdocs\fbaf6d82a182863cbfe947bf6e59ccc2.jpg,E:\byrdocs\fbaf6d82a182863cbfe947bf6e59ccc2.webp,,,https://byrdocs.org/files/fbaf6d82a182863cbfe947bf6e59ccc2.pdf
fbbf428e356bc619c4b18dc002b3cd63,ready,include_after_storage_upload,book,Computer Architecture - A Quantitative Approach,E:\byrdocs-archive\metadata\fbbf428e356bc619c4b18dc002b3cd63.yml,fbbf428e356bc619c4b18dc002b3cd63.pdf,E:\byrdocs\fbbf428e356bc619c4b18dc002b3cd63.pdf,13106737,E:\byrdocs\fbbf428e356bc619c4b18dc002b3cd63.jpg,E:\byrdocs\fbbf428e356bc619c4b18dc002b3cd63.webp,,,https://byrdocs.org/files/fbbf428e356bc619c4b18dc002b3cd63.pdf
fbc86b58e9ed211e9aad3d3ef9338f4c,ready,include_after_storage_upload,test,计算机组成与系统结构,E:\byrdocs-archive\metadata\fbc86b58e9ed211e9aad3d3ef9338f4c.yml,fbc86b58e9ed211e9aad3d3ef9338f4c.pdf,E:\byrdocs\fbc86b58e9ed211e9aad3d3ef9338f4c.pdf,481808,E:\byrdocs\fbc86b58e9ed211e9aad3d3ef9338f4c.jpg,E:\byrdocs\fbc86b58e9ed211e9aad3d3ef9338f4c.webp,,,https://byrdocs.org/files/fbc86b58e9ed211e9aad3d3ef9338f4c.pdf
fbd08968a6d4f64065724aaf0fad3d37,ready,include_after_storage_upload,test,电磁场与电磁波,E:\byrdocs-archive\metadata\fbd08968a6d4f64065724aaf0fad3d37.yml,fbd08968a6d4f64065724aaf0fad3d37.pdf,E:\byrdocs\fbd08968a6d4f64065724aaf0fad3d37.pdf,766684,E:\byrdocs\fbd08968a6d4f64065724aaf0fad3d37.jpg,E:\byrdocs\fbd08968a6d4f64065724aaf0fad3d37.webp,,,https://byrdocs.org/files/fbd08968a6d4f64065724aaf0fad3d37.pdf
fc9834ff526fc678c3fda2ea5489c482,ready,include_after_storage_upload,test,数据结构与算法,E:\byrdocs-archive\metadata\fc9834ff526fc678c3fda2ea5489c482.yml,fc9834ff526fc678c3fda2ea5489c482.pdf,E:\byrdocs\fc9834ff526fc678c3fda2ea5489c482.pdf,686076,E:\byrdocs\fc9834ff526fc678c3fda2ea5489c482.jpg,E:\byrdocs\fc9834ff526fc678c3fda2ea5489c482.webp,,,https://byrdocs.org/files/fc9834ff526fc678c3fda2ea5489c482.pdf
fcc0965c357ac0d099aa09c9aaf85ffa,ready,include_after_storage_upload,test,通信原理,E:\byrdocs-archive\metadata\fcc0965c357ac0d099aa09c9aaf85ffa.yml,fcc0965c357ac0d099aa09c9aaf85ffa.pdf,E:\byrdocs\fcc0965c357ac0d099aa09c9aaf85ffa.pdf,2387651,E:\byrdocs\fcc0965c357ac0d099aa09c9aaf85ffa.jpg,E:\byrdocs\fcc0965c357ac0d099aa09c9aaf85ffa.webp,,,https://byrdocs.org/files/fcc0965c357ac0d099aa09c9aaf85ffa.pdf
fce9375be6d86376a7ace5609a0796db,ready,include_after_storage_upload,test,概率论与数理统计,E:\byrdocs-archive\metadata\fce9375be6d86376a7ace5609a0796db.yml,fce9375be6d86376a7ace5609a0796db.pdf,E:\byrdocs\fce9375be6d86376a7ace5609a0796db.pdf,1018116,E:\byrdocs\fce9375be6d86376a7ace5609a0796db.jpg,E:\byrdocs\fce9375be6d86376a7ace5609a0796db.webp,,,https://byrdocs.org/files/fce9375be6d86376a7ace5609a0796db.pdf
fd27dc77429296aee6753114ccc7685b,ready,include_after_storage_upload,test,数据结构,E:\byrdocs-archive\metadata\fd27dc77429296aee6753114ccc7685b.yml,fd27dc77429296aee6753114ccc7685b.pdf,E:\byrdocs\fd27dc77429296aee6753114ccc7685b.pdf,1346353,E:\byrdocs\fd27dc77429296aee6753114ccc7685b.jpg,E:\byrdocs\fd27dc77429296aee6753114ccc7685b.webp,,,https://byrdocs.org/files/fd27dc77429296aee6753114ccc7685b.pdf
fd30d3eec63de0859687f00ef694068d,ready,include_after_storage_upload,book,概率论与数理统计习题全解指南（浙大·四版）,E:\byrdocs-archive\metadata\fd30d3eec63de0859687f00ef694068d.yml,fd30d3eec63de0859687f00ef694068d.pdf,E:\byrdocs\fd30d3eec63de0859687f00ef694068d.pdf,61916286,E:\byrdocs\fd30d3eec63de0859687f00ef694068d.jpg,E:\byrdocs\fd30d3eec63de0859687f00ef694068d.webp,,,https://byrdocs.org/files/fd30d3eec63de0859687f00ef694068d.pdf
fd84461850b5eed69620f850ece52114,ready,include_after_storage_upload,test,数字逻辑与数字系统,E:\byrdocs-archive\metadata\fd84461850b5eed69620f850ece52114.yml,fd84461850b5eed69620f850ece52114.pdf,E:\byrdocs\fd84461850b5eed69620f850ece52114.pdf,3621328,E:\byrdocs\fd84461850b5eed69620f850ece52114.jpg,E:\byrdocs\fd84461850b5eed69620f850ece52114.webp,,,https://byrdocs.org/files/fd84461850b5eed69620f850ece52114.pdf
fdd515dc9f12635535a931662bc46de6,ready,include_after_storage_upload,test,数学物理方法,E:\byrdocs-archive\metadata\fdd515dc9f12635535a931662bc46de6.yml,fdd515dc9f12635535a931662bc46de6.pdf,E:\byrdocs\fdd515dc9f12635535a931662bc46de6.pdf,1590432,E:\byrdocs\fdd515dc9f12635535a931662bc46de6.jpg,E:\byrdocs\fdd515dc9f12635535a931662bc46de6.webp,,,https://byrdocs.org/files/fdd515dc9f12635535a931662bc46de6.pdf
fde5fefdfabc093fc7d57896d2a524cd,ready,include_after_storage_upload,test,工程数学,E:\byrdocs-archive\metadata\fde5fefdfabc093fc7d57896d2a524cd.yml,fde5fefdfabc093fc7d57896d2a524cd.pdf,E:\byrdocs\fde5fefdfabc093fc7d57896d2a524cd.pdf,1042918,E:\byrdocs\fde5fefdfabc093fc7d57896d2a524cd.jpg,E:\byrdocs\fde5fefdfabc093fc7d57896d2a524cd.webp,,,https://byrdocs.org/files/fde5fefdfabc093fc7d57896d2a524cd.pdf
fe279e45e578a0115b1ee43c7fa600f0,ready,include_after_storage_upload,test,通信原理I,E:\byrdocs-archive\metadata\fe279e45e578a0115b1ee43c7fa600f0.yml,fe279e45e578a0115b1ee43c7fa600f0.pdf,E:\byrdocs\fe279e45e578a0115b1ee43c7fa600f0.pdf,1024862,E:\byrdocs\fe279e45e578a0115b1ee43c7fa600f0.jpg,E:\byrdocs\fe279e45e578a0115b1ee43c7fa600f0.webp,,,https://byrdocs.org/files/fe279e45e578a0115b1ee43c7fa600f0.pdf
fe40bd886917bcd81c7dbe1cc6599ba2,ready,include_after_storage_upload,test,电磁场与电磁波,E:\byrdocs-archive\metadata\fe40bd886917bcd81c7dbe1cc6599ba2.yml,fe40bd886917bcd81c7dbe1cc6599ba2.pdf,E:\byrdocs\fe40bd886917bcd81c7dbe1cc6599ba2.pdf,337357,E:\byrdocs\fe40bd886917bcd81c7dbe1cc6599ba2.jpg,E:\byrdocs\fe40bd886917bcd81c7dbe1cc6599ba2.webp,,,https://byrdocs.org/files/fe40bd886917bcd81c7dbe1cc6599ba2.pdf
fe423553ce3797fd7d747dad566e7eb5,ready,include_after_storage_upload,test,数学分析（上）,E:\byrdocs-archive\metadata\fe423553ce3797fd7d747dad566e7eb5.yml,fe423553ce3797fd7d747dad566e7eb5.pdf,E:\byrdocs\fe423553ce3797fd7d747dad566e7eb5.pdf,1193122,E:\byrdocs\fe423553ce3797fd7d747dad566e7eb5.jpg,E:\byrdocs\fe423553ce3797fd7d747dad566e7eb5.webp,,,https://byrdocs.org/files/fe423553ce3797fd7d747dad566e7eb5.pdf
fe4afd980822b9e2a6782444a857e8c1,ready,include_after_storage_upload,test,形式语言与自动机,E:\byrdocs-archive\metadata\fe4afd980822b9e2a6782444a857e8c1.yml,fe4afd980822b9e2a6782444a857e8c1.pdf,E:\byrdocs\fe4afd980822b9e2a6782444a857e8c1.pdf,158107,E:\byrdocs\fe4afd980822b9e2a6782444a857e8c1.jpg,E:\byrdocs\fe4afd980822b9e2a6782444a857e8c1.webp,,,https://byrdocs.org/files/fe4afd980822b9e2a6782444a857e8c1.pdf
fe4d4aa453eef805451c313afdf95c1c,ready,include_after_storage_upload,test,信号与系统,E:\byrdocs-archive\metadata\fe4d4aa453eef805451c313afdf95c1c.yml,fe4d4aa453eef805451c313afdf95c1c.pdf,E:\byrdocs\fe4d4aa453eef805451c313afdf95c1c.pdf,27985986,E:\byrdocs\fe4d4aa453eef805451c313afdf95c1c.jpg,E:\byrdocs\fe4d4aa453eef805451c313afdf95c1c.webp,,,https://byrdocs.org/files/fe4d4aa453eef805451c313afdf95c1c.pdf
fe4f009ca99a5925ee2facce21d6c051,ready,include_after_storage_upload,book,软件项目管理案例教程,E:\byrdocs-archive\metadata\fe4f009ca99a5925ee2facce21d6c051.yml,fe4f009ca99a5925ee2facce21d6c051.pdf,E:\byrdocs\fe4f009ca99a5925ee2facce21d6c051.pdf,41395322,E:\byrdocs\fe4f009ca99a5925ee2facce21d6c051.jpg,E:\byrdocs\fe4f009ca99a5925ee2facce21d6c051.webp,,,https://byrdocs.org/files/fe4f009ca99a5925ee2facce21d6c051.pdf
fedbbaf33438219910eb65f67e328259,ready,include_after_storage_upload,test,计算机网络,E:\byrdocs-archive\metadata\fedbbaf33438219910eb65f67e328259.yml,fedbbaf33438219910eb65f67e328259.pdf,E:\byrdocs\fedbbaf33438219910eb65f67e328259.pdf,1259025,E:\byrdocs\fedbbaf33438219910eb65f67e328259.jpg,E:\byrdocs\fedbbaf33438219910eb65f67e328259.webp,,,https://byrdocs.org/files/fedbbaf33438219910eb65f67e328259.pdf
ff08ff84a7a20df1a31b7dcfc4e65e82,ready,include_after_storage_upload,test,离散数学,E:\byrdocs-archive\metadata\ff08ff84a7a20df1a31b7dcfc4e65e82.yml,ff08ff84a7a20df1a31b7dcfc4e65e82.pdf,E:\byrdocs\ff08ff84a7a20df1a31b7dcfc4e65e82.pdf,761540,E:\byrdocs\ff08ff84a7a20df1a31b7dcfc4e65e82.jpg,E:\byrdocs\ff08ff84a7a20df1a31b7dcfc4e65e82.webp,,,https://byrdocs.org/files/ff08ff84a7a20df1a31b7dcfc4e65e82.pdf
ff0a3dedf62a7ac902df147d48efa14f,ready,include_after_storage_upload,test,大学物理B（下）,E:\byrdocs-archive\metadata\ff0a3dedf62a7ac902df147d48efa14f.yml,ff0a3dedf62a7ac902df147d48efa14f.pdf,E:\byrdocs\ff0a3dedf62a7ac902df147d48efa14f.pdf,475698,E:\byrdocs\ff0a3dedf62a7ac902df147d48efa14f.jpg,E:\byrdocs\ff0a3dedf62a7ac902df147d48efa14f.webp,,,https://byrdocs.org/files/ff0a3dedf62a7ac902df147d48efa14f.pdf
ff2eb431fa091c6f4cf2ac99ffef7c0e,ready,include_after_storage_upload,book,你必须知道的495个C语言问题,E:\byrdocs-archive\metadata\ff2eb431fa091c6f4cf2ac99ffef7c0e.yml,ff2eb431fa091c6f4cf2ac99ffef7c0e.pdf,E:\byrdocs\ff2eb431fa091c6f4cf2ac99ffef7c0e.pdf,140416222,E:\byrdocs\ff2eb431fa091c6f4cf2ac99ffef7c0e.jpg,E:\byrdocs\ff2eb431fa091c6f4cf2ac99ffef7c0e.webp,,,https://byrdocs.org/files/ff2eb431fa091c6f4cf2ac99ffef7c0e.pdf
ff93e5d184efce3b0f35bcc08d8cda1a,ready,include_after_storage_upload,doc,算法设计与分析-课程教案,E:\byrdocs-archive\metadata\ff93e5d184efce3b0f35bcc08d8cda1a.yml,ff93e5d184efce3b0f35bcc08d8cda1a.pdf,E:\byrdocs\ff93e5d184efce3b0f35bcc08d8cda1a.pdf,18072923,E:\byrdocs\ff93e5d184efce3b0f35bcc08d8cda1a.jpg,E:\byrdocs\ff93e5d184efce3b0f35bcc08d8cda1a.webp,,,https://byrdocs.org/files/ff93e5d184efce3b0f35bcc08d8cda1a.pdf
ffa63802dfb34a42c77a67005443a1b8,ready,include_after_storage_upload,test,数据库系统原理,E:\byrdocs-archive\metadata\ffa63802dfb34a42c77a67005443a1b8.yml,ffa63802dfb34a42c77a67005443a1b8.pdf,E:\byrdocs\ffa63802dfb34a42c77a67005443a1b8.pdf,505712,E:\byrdocs\ffa63802dfb34a42c77a67005443a1b8.jpg,E:\byrdocs\ffa63802dfb34a42c77a67005443a1b8.webp,,,https://byrdocs.org/files/ffa63802dfb34a42c77a67005443a1b8.pdf
