"Name","Extension","Bytes"
"000559972bfd10a2a6a8a9e34dfd2205.jpg",".jpg","263041"
"000559972bfd10a2a6a8a9e34dfd2205.pdf",".pdf","30718943"
"000559972bfd10a2a6a8a9e34dfd2205.webp",".webp","32058"
"002104b965c839bc428f4656b1b477ac.jpg",".jpg","203965"
"002104b965c839bc428f4656b1b477ac.pdf",".pdf","2103400"
"002104b965c839bc428f4656b1b477ac.webp",".webp","41136"
"00550196f94d2dbb7125d32d7c690017.jpg",".jpg","247510"
"00550196f94d2dbb7125d32d7c690017.pdf",".pdf","496343"
"00550196f94d2dbb7125d32d7c690017.webp",".webp","64324"
"0065c9c8a499d1d5614aff3ebbdfd0f9.jpg",".jpg","258250"
"0065c9c8a499d1d5614aff3ebbdfd0f9.pdf",".pdf","21195850"
"0065c9c8a499d1d5614aff3ebbdfd0f9.webp",".webp","41150"
"0091c973a3afe925bc2b9889b654f217.jpg",".jpg","187679"
"0091c973a3afe925bc2b9889b654f217.pdf",".pdf","484493"
"0091c973a3afe925bc2b9889b654f217.webp",".webp","55962"
"00bf56b15c238d9d8f19d09d4cb43a07.jpg",".jpg","222652"
"00bf56b15c238d9d8f19d09d4cb43a07.pdf",".pdf","368568"
"00bf56b15c238d9d8f19d09d4cb43a07.webp",".webp","60756"
"011170ccba0f48b62db6b02474516d49.jpg",".jpg","329465"
"011170ccba0f48b62db6b02474516d49.pdf",".pdf","23456049"
"011170ccba0f48b62db6b02474516d49.webp",".webp","38670"
"016ba1e28ac05782be18b2a3b970aace.jpg",".jpg","233014"
"016ba1e28ac05782be18b2a3b970aace.pdf",".pdf","495158"
"016ba1e28ac05782be18b2a3b970aace.webp",".webp","61198"
"0179a7f2bf9cbf86f5f474bf953222aa.jpg",".jpg","278232"
"0179a7f2bf9cbf86f5f474bf953222aa.pdf",".pdf","440602"
"0179a7f2bf9cbf86f5f474bf953222aa.webp",".webp","70944"
"01a5d6d8eb5da6dab407ed631e9917c8.jpg",".jpg","188090"
"01a5d6d8eb5da6dab407ed631e9917c8.pdf",".pdf","1902839"
"01a5d6d8eb5da6dab407ed631e9917c8.webp",".webp","57416"
"01e740dfaff1d9542c8999923721de8a.jpg",".jpg","186447"
"01e740dfaff1d9542c8999923721de8a.pdf",".pdf","20769177"
"01e740dfaff1d9542c8999923721de8a.webp",".webp","28956"
"02ffc4c34afef13157a133ec23eed41a.jpg",".jpg","405066"
"02ffc4c34afef13157a133ec23eed41a.pdf",".pdf","300828"
"02ffc4c34afef13157a133ec23eed41a.webp",".webp","107682"
"030013717ceb90865c713e8febb3948d.jpg",".jpg","227208"
"030013717ceb90865c713e8febb3948d.pdf",".pdf","9605082"
"030013717ceb90865c713e8febb3948d.webp",".webp","29170"
"035badd4babe144df7778137a43890f0.jpg",".jpg","254935"
"035badd4babe144df7778137a43890f0.pdf",".pdf","181133"
"035badd4babe144df7778137a43890f0.webp",".webp","69136"
"035fedb6e16b00341c635a31f0c32022.jpg",".jpg","230953"
"035fedb6e16b00341c635a31f0c32022.pdf",".pdf","207172"
"035fedb6e16b00341c635a31f0c32022.webp",".webp","58576"
"03b07e8edcbdfb0ad46b6f52d7b30c9b.jpg",".jpg","135445"
"03b07e8edcbdfb0ad46b6f52d7b30c9b.pdf",".pdf","570217"
"03b07e8edcbdfb0ad46b6f52d7b30c9b.webp",".webp","31882"
"0402fc82f4af38fa2a5a6326b7fb7da9.jpg",".jpg","244840"
"0402fc82f4af38fa2a5a6326b7fb7da9.pdf",".pdf","871212"
"0402fc82f4af38fa2a5a6326b7fb7da9.webp",".webp","57284"
"04d60861fdbe94f30f49738877807f43.jpg",".jpg","193439"
"04d60861fdbe94f30f49738877807f43.pdf",".pdf","469485"
"04d60861fdbe94f30f49738877807f43.webp",".webp","57912"
"05125935fa70196bac87df076aaf96da.jpg",".jpg","209900"
"05125935fa70196bac87df076aaf96da.pdf",".pdf","777585"
"05125935fa70196bac87df076aaf96da.webp",".webp","63418"
"052cefeef110ed97ceddcfb2ced7f3e8.jpg",".jpg","223087"
"052cefeef110ed97ceddcfb2ced7f3e8.pdf",".pdf","663319"
"052cefeef110ed97ceddcfb2ced7f3e8.webp",".webp","59202"
"05a94d9250b2f41ef7e7959c5ceef758.jpg",".jpg","330300"
"05a94d9250b2f41ef7e7959c5ceef758.pdf",".pdf","84060673"
"05a94d9250b2f41ef7e7959c5ceef758.webp",".webp","39422"
"05b8c26847c082dde351ca13f648cc56.jpg",".jpg","231238"
"05b8c26847c082dde351ca13f648cc56.pdf",".pdf","1266800"
"05b8c26847c082dde351ca13f648cc56.webp",".webp","59194"
"05c9ef5429efbb3d9ae774f9ff8102a5.jpg",".jpg","302165"
"05c9ef5429efbb3d9ae774f9ff8102a5.pdf",".pdf","13492658"
"05c9ef5429efbb3d9ae774f9ff8102a5.webp",".webp","41908"
"05ce270c9bbae9d5ec2e9391bf4b6ab8.jpg",".jpg","212611"
"05ce270c9bbae9d5ec2e9391bf4b6ab8.pdf",".pdf","74593"
"05ce270c9bbae9d5ec2e9391bf4b6ab8.webp",".webp","62652"
"05d67011b2d1ded27ecdf15b88c0b9b1.jpg",".jpg","325703"
"05d67011b2d1ded27ecdf15b88c0b9b1.pdf",".pdf","12163287"
"05d67011b2d1ded27ecdf15b88c0b9b1.webp",".webp","29804"
"05f97bec93b4e2ac10227cb09376f520.jpg",".jpg","161986"
"05f97bec93b4e2ac10227cb09376f520.webp",".webp","35532"
"05f97bec93b4e2ac10227cb09376f520.zip",".zip","16490908"
"062645595d7aecf5a8aa2f55750bf3ff.jpg",".jpg","220309"
"062645595d7aecf5a8aa2f55750bf3ff.webp",".webp","50174"
"062645595d7aecf5a8aa2f55750bf3ff.zip",".zip","32452169"
"0686717f2ab41281e0ff9fc0b1824db3.jpg",".jpg","177202"
"0686717f2ab41281e0ff9fc0b1824db3.pdf",".pdf","416903"
"0686717f2ab41281e0ff9fc0b1824db3.webp",".webp","52512"
"068860249d5f484ebce647f0c5fe4fbe.jpg",".jpg","278387"
"068860249d5f484ebce647f0c5fe4fbe.pdf",".pdf","22802629"
"068860249d5f484ebce647f0c5fe4fbe.webp",".webp","36866"
"06ba31f20399c82d6a6346d93e7c5c97.jpg",".jpg","204850"
"06ba31f20399c82d6a6346d93e7c5c97.pdf",".pdf","1280402"
"06ba31f20399c82d6a6346d93e7c5c97.webp",".webp","53720"
"06fa27d50ba4a4baae1b665ea48fd677.jpg",".jpg","248134"
"06fa27d50ba4a4baae1b665ea48fd677.pdf",".pdf","26854058"
"06fa27d50ba4a4baae1b665ea48fd677.webp",".webp","28078"
"071070dd231e0de83f8096a72d78fdda.jpg",".jpg","314685"
"071070dd231e0de83f8096a72d78fdda.pdf",".pdf","1523787"
"071070dd231e0de83f8096a72d78fdda.webp",".webp","36582"
"07ba9cafb7cddefccdca7fac6bd8e2a8.jpg",".jpg","306988"
"07ba9cafb7cddefccdca7fac6bd8e2a8.webp",".webp","68754"
"07ba9cafb7cddefccdca7fac6bd8e2a8.zip",".zip","55816556"
"07db70884c483b4bbe6aa733c964d586.jpg",".jpg","385085"
"07db70884c483b4bbe6aa733c964d586.pdf",".pdf","2104285"
"07db70884c483b4bbe6aa733c964d586.webp",".webp","112988"
"0817de4a492201e4892aa5b173307911.jpg",".jpg","217509"
"0817de4a492201e4892aa5b173307911.pdf",".pdf","78485778"
"0817de4a492201e4892aa5b173307911.webp",".webp","28416"
"0823214f3279b5c35e8d7e2ee6257bf2.jpg",".jpg","148795"
"0823214f3279b5c35e8d7e2ee6257bf2.pdf",".pdf","925150"
"0823214f3279b5c35e8d7e2ee6257bf2.webp",".webp","39124"
"08518b1542bee50d0d6147c2b44eea05.jpg",".jpg","265762"
"08518b1542bee50d0d6147c2b44eea05.pdf",".pdf","1619424"
"08518b1542bee50d0d6147c2b44eea05.webp",".webp","80812"
"0881b3309bd5fc13f6fdeb469aa49cf7.jpg",".jpg","932170"
"0881b3309bd5fc13f6fdeb469aa49cf7.pdf",".pdf","13706169"
"0881b3309bd5fc13f6fdeb469aa49cf7.webp",".webp","253354"
"08b0f82dccc287a8421db9cf3efd9b26.jpg",".jpg","299923"
"08b0f82dccc287a8421db9cf3efd9b26.pdf",".pdf","1794216"
"08b0f82dccc287a8421db9cf3efd9b26.webp",".webp","88150"
"08cf7a9edfa9001dbc8619d4d99a799d.jpg",".jpg","294834"
"08cf7a9edfa9001dbc8619d4d99a799d.pdf",".pdf","408703"
"08cf7a9edfa9001dbc8619d4d99a799d.webp",".webp","71114"
"08e38f8a669f052ff2bfcd3e9fec2334.jpg",".jpg","211675"
"08e38f8a669f052ff2bfcd3e9fec2334.pdf",".pdf","249658"
"08e38f8a669f052ff2bfcd3e9fec2334.webp",".webp","55192"
"08f44b319cc240ca9c740abbb14ea9e4.jpg",".jpg","223162"
"08f44b319cc240ca9c740abbb14ea9e4.pdf",".pdf","3449256"
"08f44b319cc240ca9c740abbb14ea9e4.webp",".webp","59942"
"0914f06ae1c49de341606c028241115f.jpg",".jpg","259468"
"0914f06ae1c49de341606c028241115f.pdf",".pdf","219658"
"0914f06ae1c49de341606c028241115f.webp",".webp","71814"
"093867ede03624d5e443fe575bafaceb.jpg",".jpg","197162"
"093867ede03624d5e443fe575bafaceb.pdf",".pdf","3725863"
"093867ede03624d5e443fe575bafaceb.webp",".webp","26826"
"0961e254531e703f2778f5385467708d.jpg",".jpg","212509"
"0961e254531e703f2778f5385467708d.pdf",".pdf","596648"
"0961e254531e703f2778f5385467708d.webp",".webp","57056"
"09afab1d9a271435ccc7ede3968727b6.jpg",".jpg","359287"
"09afab1d9a271435ccc7ede3968727b6.pdf",".pdf","9745821"
"09afab1d9a271435ccc7ede3968727b6.webp",".webp","83042"
"0a2ec7a3b027bb439e7bf021c4b1b1be.jpg",".jpg","237028"
"0a2ec7a3b027bb439e7bf021c4b1b1be.pdf",".pdf","716455"
"0a2ec7a3b027bb439e7bf021c4b1b1be.webp",".webp","66940"
"0a989899a0724b171007e4adcb5f3917.jpg",".jpg","177975"
"0a989899a0724b171007e4adcb5f3917.pdf",".pdf","216907"
"0a989899a0724b171007e4adcb5f3917.webp",".webp","47708"
"0ad58977fce68045aa472fc8dc02c732.jpg",".jpg","232011"
"0ad58977fce68045aa472fc8dc02c732.pdf",".pdf","702833"
"0ad58977fce68045aa472fc8dc02c732.webp",".webp","68760"
"0b39b89bbea3a187d2aa856381473de3.jpg",".jpg","304379"
"0b39b89bbea3a187d2aa856381473de3.pdf",".pdf","4333564"
"0b39b89bbea3a187d2aa856381473de3.webp",".webp","73450"
"0b4fbc5fe0a72b50fc21f3abc00322ff.jpg",".jpg","309661"
"0b4fbc5fe0a72b50fc21f3abc00322ff.pdf",".pdf","349473"
"0b4fbc5fe0a72b50fc21f3abc00322ff.webp",".webp","89328"
"0b5a41de18780b4cd700013c96a0983d.jpg",".jpg","359939"
"0b5a41de18780b4cd700013c96a0983d.webp",".webp","79398"
"0b5a41de18780b4cd700013c96a0983d.zip",".zip","103841001"
"0b71d51e46b462deb642c79517ebb913.jpg",".jpg","246414"
"0b71d51e46b462deb642c79517ebb913.pdf",".pdf","381367"
"0b71d51e46b462deb642c79517ebb913.webp",".webp","61486"
"0ba994ddd48989afd88d2f4f544a3459.jpg",".jpg","305775"
"0ba994ddd48989afd88d2f4f544a3459.pdf",".pdf","361231"
"0ba994ddd48989afd88d2f4f544a3459.webp",".webp","77006"
"0bf267c2451ff8a53d46f9c2def93460.jpg",".jpg","206572"
"0bf267c2451ff8a53d46f9c2def93460.pdf",".pdf","456256"
"0bf267c2451ff8a53d46f9c2def93460.webp",".webp","54458"
"0bfed8ec407bf5c102554ebb4f539dca.jpg",".jpg","230923"
"0bfed8ec407bf5c102554ebb4f539dca.pdf",".pdf","1859747"
"0bfed8ec407bf5c102554ebb4f539dca.webp",".webp","64304"
"0c10e628e6282462754b765dfddad110.jpg",".jpg","209362"
"0c10e628e6282462754b765dfddad110.pdf",".pdf","254508"
"0c10e628e6282462754b765dfddad110.webp",".webp","55520"
"0c14decd5a47b69bcaa5242dccc0f167.jpg",".jpg","352741"
"0c14decd5a47b69bcaa5242dccc0f167.pdf",".pdf","6691769"
"0c14decd5a47b69bcaa5242dccc0f167.webp",".webp","101758"
"0c885db5e7a13f6ba77d1db8d613462f.jpg",".jpg","226746"
"0c885db5e7a13f6ba77d1db8d613462f.pdf",".pdf","4265771"
"0c885db5e7a13f6ba77d1db8d613462f.webp",".webp","63224"
"0cb116e913b266137e793daf60b3515a.jpg",".jpg","349330"
"0cb116e913b266137e793daf60b3515a.pdf",".pdf","62511156"
"0cb116e913b266137e793daf60b3515a.webp",".webp","34756"
"0cb44163b35dc9438f0dd3c6610e8a75.jpg",".jpg","249469"
"0cb44163b35dc9438f0dd3c6610e8a75.pdf",".pdf","169684082"
"0cb44163b35dc9438f0dd3c6610e8a75.webp",".webp","40706"
"0cc89d10a05aab6a66002a87de26261e.jpg",".jpg","335616"
"0cc89d10a05aab6a66002a87de26261e.pdf",".pdf","56028190"
"0cc89d10a05aab6a66002a87de26261e.webp",".webp","31118"
"0d2d84b4fa1f933311bf575fe7ea9f4b.jpg",".jpg","262583"
"0d2d84b4fa1f933311bf575fe7ea9f4b.pdf",".pdf","798099"
"0d2d84b4fa1f933311bf575fe7ea9f4b.webp",".webp","70144"
"0d3f8f6c537922dacec4ea5f5c2a9eec.jpg",".jpg","223196"
"0d3f8f6c537922dacec4ea5f5c2a9eec.pdf",".pdf","5036115"
"0d3f8f6c537922dacec4ea5f5c2a9eec.webp",".webp","57804"
"0d66fac61560e69cc3ccb2a5ed644311.jpg",".jpg","283166"
"0d66fac61560e69cc3ccb2a5ed644311.pdf",".pdf","10825900"
"0d66fac61560e69cc3ccb2a5ed644311.webp",".webp","40088"
"0d696116eb3937a892c6bdffc6b6a203.jpg",".jpg","339632"
"0d696116eb3937a892c6bdffc6b6a203.pdf",".pdf","46993781"
"0d696116eb3937a892c6bdffc6b6a203.webp",".webp","51340"
"0d6cd5ec1e59d000706c500d3974926a.jpg",".jpg","1001212"
"0d6cd5ec1e59d000706c500d3974926a.pdf",".pdf","20756397"
"0d6cd5ec1e59d000706c500d3974926a.webp",".webp","345368"
"0dcf7feb7a755a6e499824b8ecf057e3.jpg",".jpg","368027"
"0dcf7feb7a755a6e499824b8ecf057e3.pdf",".pdf","504912"
"0dcf7feb7a755a6e499824b8ecf057e3.webp",".webp","110050"
"0debeb2def23e8f92dac0f6f9bd28a17.jpg",".jpg","236338"
"0debeb2def23e8f92dac0f6f9bd28a17.pdf",".pdf","1336371"
"0debeb2def23e8f92dac0f6f9bd28a17.webp",".webp","62736"
"0e339b6b2ea3d1d603a2575655ef7fbe.jpg",".jpg","409810"
"0e339b6b2ea3d1d603a2575655ef7fbe.pdf",".pdf","1023842"
"0e339b6b2ea3d1d603a2575655ef7fbe.webp",".webp","125280"
"0e3cdba49a2400c48f336483480e62e1.jpg",".jpg","159703"
"0e3cdba49a2400c48f336483480e62e1.pdf",".pdf","155590"
"0e3cdba49a2400c48f336483480e62e1.webp",".webp","40800"
"0e55d53d38ad1072d0ec7cf2d0374689.jpg",".jpg","405006"
"0e55d53d38ad1072d0ec7cf2d0374689.pdf",".pdf","2005603"
"0e55d53d38ad1072d0ec7cf2d0374689.webp",".webp","119666"
"0f113579a4dcbe2618208d4b94755844.jpg",".jpg","388143"
"0f113579a4dcbe2618208d4b94755844.webp",".webp","89160"
"0f113579a4dcbe2618208d4b94755844.zip",".zip","49494141"
"0f5a8e81ad0c2a7de6d4dde00289b9fa.jpg",".jpg","215233"
"0f5a8e81ad0c2a7de6d4dde00289b9fa.webp",".webp","49942"
"0f5a8e81ad0c2a7de6d4dde00289b9fa.zip",".zip","301454236"
"0f7a5f382035b56b1f6014058e32ce0b.jpg",".jpg","156898"
"0f7a5f382035b56b1f6014058e32ce0b.pdf",".pdf","157879"
"0f7a5f382035b56b1f6014058e32ce0b.webp",".webp","39756"
"0fa70fb21fb3876d7901f65192551242.jpg",".jpg","288140"
"0fa70fb21fb3876d7901f65192551242.pdf",".pdf","473585"
"0fa70fb21fb3876d7901f65192551242.webp",".webp","73446"
"0fbf89f624f8c693d1d6076f20b88653.jpg",".jpg","191204"
"0fbf89f624f8c693d1d6076f20b88653.pdf",".pdf","3568741"
"0fbf89f624f8c693d1d6076f20b88653.webp",".webp","46720"
"104df2f2da52bfa8a0fcc33f5d94290b.jpg",".jpg","296416"
"104df2f2da52bfa8a0fcc33f5d94290b.webp",".webp","66278"
"104df2f2da52bfa8a0fcc33f5d94290b.zip",".zip","25604690"
"1078cb8cbec050ebf0853ccc3be026ca.jpg",".jpg","180249"
"1078cb8cbec050ebf0853ccc3be026ca.webp",".webp","40552"
"1078cb8cbec050ebf0853ccc3be026ca.zip",".zip","42219711"
"109450f617940d1c811bfc97c809452e.jpg",".jpg","191695"
"109450f617940d1c811bfc97c809452e.pdf",".pdf","597445"
"109450f617940d1c811bfc97c809452e.webp",".webp","55260"
"109a47d8a5337df365a3089c5dea5f80.jpg",".jpg","259289"
"109a47d8a5337df365a3089c5dea5f80.pdf",".pdf","820954"
"109a47d8a5337df365a3089c5dea5f80.webp",".webp","74498"
"10f7c2334af86eaa381ea0a97a1282b6.jpg",".jpg","259080"
"10f7c2334af86eaa381ea0a97a1282b6.pdf",".pdf","1377314"
"10f7c2334af86eaa381ea0a97a1282b6.webp",".webp","62572"
"11253d47c000e5431b15177e6ecb7269.jpg",".jpg","310608"
"11253d47c000e5431b15177e6ecb7269.pdf",".pdf","84196558"
"11253d47c000e5431b15177e6ecb7269.webp",".webp","46052"
"115bd5d725799ff8648b1145c3f5167b.jpg",".jpg","272013"
"115bd5d725799ff8648b1145c3f5167b.pdf",".pdf","97178"
"115bd5d725799ff8648b1145c3f5167b.webp",".webp","59280"
"118f2d5bebf10f9adb3cf89614b0a47c.jpg",".jpg","331165"
"118f2d5bebf10f9adb3cf89614b0a47c.pdf",".pdf","201318814"
"118f2d5bebf10f9adb3cf89614b0a47c.webp",".webp","24314"
"11baa55135782bc04fb82d5723e93822.jpg",".jpg","434581"
"11baa55135782bc04fb82d5723e93822.pdf",".pdf","18268855"
"11baa55135782bc04fb82d5723e93822.webp",".webp","87410"
"1259f81a71fc908e1975c0254a76285d.jpg",".jpg","227171"
"1259f81a71fc908e1975c0254a76285d.pdf",".pdf","1317316"
"1259f81a71fc908e1975c0254a76285d.webp",".webp","61898"
"12bec49abc8fa7762f1ecc9e143a0884.jpg",".jpg","246692"
"12bec49abc8fa7762f1ecc9e143a0884.pdf",".pdf","38192181"
"12bec49abc8fa7762f1ecc9e143a0884.webp",".webp","32562"
"130d471e1558ffe03f523396c18f3f42.jpg",".jpg","297539"
"130d471e1558ffe03f523396c18f3f42.pdf",".pdf","83223237"
"130d471e1558ffe03f523396c18f3f42.webp",".webp","36966"
"1362ba8173ccc20cb8c4477075f15933.jpg",".jpg","302352"
"1362ba8173ccc20cb8c4477075f15933.pdf",".pdf","90782459"
"1362ba8173ccc20cb8c4477075f15933.webp",".webp","28982"
"139f4820751597cd1940eea2b67f1dfd.jpg",".jpg","287983"
"139f4820751597cd1940eea2b67f1dfd.pdf",".pdf","27195793"
"139f4820751597cd1940eea2b67f1dfd.webp",".webp","45118"
"13bc49e2bdacee8f6079d3df0c3cf8b4.jpg",".jpg","338601"
"13bc49e2bdacee8f6079d3df0c3cf8b4.pdf",".pdf","888370"
"13bc49e2bdacee8f6079d3df0c3cf8b4.webp",".webp","100006"
"13f647b47f1e40e4b3c35294cbc1386e.jpg",".jpg","372924"
"13f647b47f1e40e4b3c35294cbc1386e.pdf",".pdf","84651562"
"13f647b47f1e40e4b3c35294cbc1386e.webp",".webp","46814"
"14e65d6dd48de095c4c472a155d1f5a0.jpg",".jpg","183625"
"14e65d6dd48de095c4c472a155d1f5a0.pdf",".pdf","334626"
"14e65d6dd48de095c4c472a155d1f5a0.webp",".webp","45778"
"154a930358251fe7bf774dd194bd9a00.jpg",".jpg","248703"
"154a930358251fe7bf774dd194bd9a00.pdf",".pdf","1034837"
"154a930358251fe7bf774dd194bd9a00.webp",".webp","37986"
"154ad6f454f01cb7e701b348fb88c940.jpg",".jpg","325213"
"154ad6f454f01cb7e701b348fb88c940.pdf",".pdf","428863"
"154ad6f454f01cb7e701b348fb88c940.webp",".webp","92950"
"165ecff0d4eb341deab6ef40dda51c92.jpg",".jpg","163000"
"165ecff0d4eb341deab6ef40dda51c92.pdf",".pdf","5144705"
"165ecff0d4eb341deab6ef40dda51c92.webp",".webp","34412"
"170510574bf80c00e7a7e51f120153f0.jpg",".jpg","258467"
"170510574bf80c00e7a7e51f120153f0.pdf",".pdf","582112"
"170510574bf80c00e7a7e51f120153f0.webp",".webp","70000"
"174079d8773fb68a2576d7baf0ba7ec0.jpg",".jpg","233907"
"174079d8773fb68a2576d7baf0ba7ec0.webp",".webp","53690"
"174079d8773fb68a2576d7baf0ba7ec0.zip",".zip","4044478"
"1765e8a076c70fe1849dd6845a3ead4a.jpg",".jpg","310886"
"1765e8a076c70fe1849dd6845a3ead4a.pdf",".pdf","110818566"
"1765e8a076c70fe1849dd6845a3ead4a.webp",".webp","23314"
"1770d21fd4b201904c70fd09217e0205.jpg",".jpg","185783"
"1770d21fd4b201904c70fd09217e0205.pdf",".pdf","60506173"
"1770d21fd4b201904c70fd09217e0205.webp",".webp","31142"
"17e233fb166b48dc86965f11424db8c0.jpg",".jpg","271240"
"17e233fb166b48dc86965f11424db8c0.pdf",".pdf","1718849"
"17e233fb166b48dc86965f11424db8c0.webp",".webp","73510"
"181382952f766888214de441eb889ea9.jpg",".jpg","363813"
"181382952f766888214de441eb889ea9.pdf",".pdf","11986971"
"181382952f766888214de441eb889ea9.webp",".webp","33534"
"182b073e555284e0d7e245bcd2875719.jpg",".jpg","226568"
"182b073e555284e0d7e245bcd2875719.pdf",".pdf","86346000"
"182b073e555284e0d7e245bcd2875719.webp",".webp","35190"
"1845f6e3009e3db04bb9f3cbbc2b0713.jpg",".jpg","201275"
"1845f6e3009e3db04bb9f3cbbc2b0713.pdf",".pdf","85104211"
"1845f6e3009e3db04bb9f3cbbc2b0713.webp",".webp","29932"
"189952a85656a0b6f7b0d02c1a3d1c55.jpg",".jpg","167056"
"189952a85656a0b6f7b0d02c1a3d1c55.pdf",".pdf","50514485"
"189952a85656a0b6f7b0d02c1a3d1c55.webp",".webp","27910"
"18b392d7e9d8b8d2a33a23c9662b4d55.jpg",".jpg","269653"
"18b392d7e9d8b8d2a33a23c9662b4d55.pdf",".pdf","38127902"
"18b392d7e9d8b8d2a33a23c9662b4d55.webp",".webp","21644"
"18c7de65abc52ac975562e1835f8755a.jpg",".jpg","437016"
"18c7de65abc52ac975562e1835f8755a.pdf",".pdf","75730269"
"18c7de65abc52ac975562e1835f8755a.webp",".webp","30046"
"18f8c5aeb9b911dfa9f0ddbe12e29fe7.jpg",".jpg","182738"
"18f8c5aeb9b911dfa9f0ddbe12e29fe7.pdf",".pdf","424670"
"18f8c5aeb9b911dfa9f0ddbe12e29fe7.webp",".webp","48404"
"18fa7bab515f1bc500245258312827b0.jpg",".jpg","235276"
"18fa7bab515f1bc500245258312827b0.pdf",".pdf","589138"
"18fa7bab515f1bc500245258312827b0.webp",".webp","64170"
"19079d7a68f933480b2077975d98aac9.jpg",".jpg","359645"
"19079d7a68f933480b2077975d98aac9.pdf",".pdf","14298937"
"19079d7a68f933480b2077975d98aac9.webp",".webp","80194"
"1977a0d5d0850d0f23c64165c31bff77.jpg",".jpg","297783"
"1977a0d5d0850d0f23c64165c31bff77.pdf",".pdf","8936289"
"1977a0d5d0850d0f23c64165c31bff77.webp",".webp","38684"
"1990789686fa1463f09d2fb230d4301c.jpg",".jpg","443286"
"1990789686fa1463f09d2fb230d4301c.pdf",".pdf","8454231"
"1990789686fa1463f09d2fb230d4301c.webp",".webp","69102"
"199445aa784868122fb810f5a5e6a4e0.jpg",".jpg","154058"
"199445aa784868122fb810f5a5e6a4e0.pdf",".pdf","33584"
"199445aa784868122fb810f5a5e6a4e0.webp",".webp","43910"
"19b833b8934f45fccee0c8f1c3c1abe0.jpg",".jpg","168932"
"19b833b8934f45fccee0c8f1c3c1abe0.pdf",".pdf","1353271"
"19b833b8934f45fccee0c8f1c3c1abe0.webp",".webp","43140"
"19c62889818475e500bdc97e861bfc6b.jpg",".jpg","229228"
"19c62889818475e500bdc97e861bfc6b.pdf",".pdf","1624476"
"19c62889818475e500bdc97e861bfc6b.webp",".webp","63806"
"19c8a76483ed87fc83773dcf6ef828f9.jpg",".jpg","347513"
"19c8a76483ed87fc83773dcf6ef828f9.pdf",".pdf","3759501"
"19c8a76483ed87fc83773dcf6ef828f9.webp",".webp","66682"
"1a92aa990fbabba6006fee5c68f1bcdb.jpg",".jpg","297343"
"1a92aa990fbabba6006fee5c68f1bcdb.pdf",".pdf","2646545"
"1a92aa990fbabba6006fee5c68f1bcdb.webp",".webp","49198"
"1ab766b920293f29c6f1cb9913316d3b.jpg",".jpg","158544"
"1ab766b920293f29c6f1cb9913316d3b.pdf",".pdf","52070851"
"1ab766b920293f29c6f1cb9913316d3b.webp",".webp","25652"
"1af8dcccf2c8b4255f1a86d4e691ae29.jpg",".jpg","401585"
"1af8dcccf2c8b4255f1a86d4e691ae29.pdf",".pdf","70182236"
"1af8dcccf2c8b4255f1a86d4e691ae29.webp",".webp","45908"
"1b24f467f8aec8ce5dfa02cb8dabc898.jpg",".jpg","191847"
"1b24f467f8aec8ce5dfa02cb8dabc898.pdf",".pdf","339040"
"1b24f467f8aec8ce5dfa02cb8dabc898.webp",".webp","50280"
"1b39911695b9ce113fed531f8cb21c60.jpg",".jpg","257562"
"1b39911695b9ce113fed531f8cb21c60.pdf",".pdf","2363492"
"1b39911695b9ce113fed531f8cb21c60.webp",".webp","70962"
"1bf085886430714753c7eef70b686067.jpg",".jpg","155559"
"1bf085886430714753c7eef70b686067.pdf",".pdf","157289"
"1bf085886430714753c7eef70b686067.webp",".webp","39260"
"1c1513e1df7d00d032dcef8b7e90c6bf.jpg",".jpg","193665"
"1c1513e1df7d00d032dcef8b7e90c6bf.pdf",".pdf","343842"
"1c1513e1df7d00d032dcef8b7e90c6bf.webp",".webp","50864"
"1c17853b66a668f1762a185296be88b0.jpg",".jpg","310420"
"1c17853b66a668f1762a185296be88b0.pdf",".pdf","84064223"
"1c17853b66a668f1762a185296be88b0.webp",".webp","50368"
"1c3d7f68adab058635b158c4595b165c.jpg",".jpg","100674"
"1c3d7f68adab058635b158c4595b165c.pdf",".pdf","814664"
"1c3d7f68adab058635b158c4595b165c.webp",".webp","24822"
"1c7cbf5709144b13839764b7b4cb398f.jpg",".jpg","229619"
"1c7cbf5709144b13839764b7b4cb398f.pdf",".pdf","165976"
"1c7cbf5709144b13839764b7b4cb398f.webp",".webp","63042"
"1cc9c2db6e33175965a31fd7ba1f59c8.jpg",".jpg","223410"
"1cc9c2db6e33175965a31fd7ba1f59c8.pdf",".pdf","30949735"
"1cc9c2db6e33175965a31fd7ba1f59c8.webp",".webp","35090"
"1cf3edd5beb8031c4a7ccf092dee91d2.jpg",".jpg","288748"
"1cf3edd5beb8031c4a7ccf092dee91d2.pdf",".pdf","517391"
"1cf3edd5beb8031c4a7ccf092dee91d2.webp",".webp","73550"
"1d3f6e3384910cedfa622e5c78a8265c.jpg",".jpg","180276"
"1d3f6e3384910cedfa622e5c78a8265c.pdf",".pdf","332328"
"1d3f6e3384910cedfa622e5c78a8265c.webp",".webp","45804"
"1d43f7e79f9cb4c80bd9d4877871d48b.jpg",".jpg","296177"
"1d43f7e79f9cb4c80bd9d4877871d48b.pdf",".pdf","161608036"
"1d43f7e79f9cb4c80bd9d4877871d48b.webp",".webp","35142"
"1d81f9c30b9d5013d8e5d6beb4d74ef4.jpg",".jpg","132971"
"1d81f9c30b9d5013d8e5d6beb4d74ef4.pdf",".pdf","32737104"
"1d81f9c30b9d5013d8e5d6beb4d74ef4.webp",".webp","21540"
"1d873cf9df048cfe5d49827f75c74196.jpg",".jpg","308516"
"1d873cf9df048cfe5d49827f75c74196.pdf",".pdf","598738"
"1d873cf9df048cfe5d49827f75c74196.webp",".webp","76282"
"1da4c418f28a704a367a2166233dd285.jpg",".jpg","242085"
"1da4c418f28a704a367a2166233dd285.pdf",".pdf","298760"
"1da4c418f28a704a367a2166233dd285.webp",".webp","58934"
"1da9bf0464c32c556616367b6c972f65.jpg",".jpg","316608"
"1da9bf0464c32c556616367b6c972f65.pdf",".pdf","1945569"
"1da9bf0464c32c556616367b6c972f65.webp",".webp","63046"
"1df16655ff72f820ce3621b27cce5791.jpg",".jpg","167120"
"1df16655ff72f820ce3621b27cce5791.pdf",".pdf","135417902"
"1df16655ff72f820ce3621b27cce5791.webp",".webp","25110"
"1e72dcce1a6e2563f317bb09c10438f5.jpg",".jpg","263222"
"1e72dcce1a6e2563f317bb09c10438f5.pdf",".pdf","94802258"
"1e72dcce1a6e2563f317bb09c10438f5.webp",".webp","27144"
"1ed4abdf0ae528182b4c2d4ce8e37b43.jpg",".jpg","202165"
"1ed4abdf0ae528182b4c2d4ce8e37b43.pdf",".pdf","91092730"
"1ed4abdf0ae528182b4c2d4ce8e37b43.webp",".webp","24136"
"1ee8d03b91962aeed0897d766857830a.jpg",".jpg","491356"
"1ee8d03b91962aeed0897d766857830a.pdf",".pdf","28246386"
"1ee8d03b91962aeed0897d766857830a.webp",".webp","60362"
"1f3cd1092851a0de39adbb2dd5aef73a.jpg",".jpg","295461"
"1f3cd1092851a0de39adbb2dd5aef73a.pdf",".pdf","750125"
"1f3cd1092851a0de39adbb2dd5aef73a.webp",".webp","82002"
"1f57c0f2d695233304d68515c0c2e0ba.jpg",".jpg","379707"
"1f57c0f2d695233304d68515c0c2e0ba.pdf",".pdf","968885"
"1f57c0f2d695233304d68515c0c2e0ba.webp",".webp","109938"
"1f799fb0a7cf62a1c80bde156bf5b577.jpg",".jpg","207793"
"1f799fb0a7cf62a1c80bde156bf5b577.pdf",".pdf","99607735"
"1f799fb0a7cf62a1c80bde156bf5b577.webp",".webp","32626"
"1fafcd64ba68c141eaa693b6f5d6e873.jpg",".jpg","214131"
"1fafcd64ba68c141eaa693b6f5d6e873.pdf",".pdf","75741735"
"1fafcd64ba68c141eaa693b6f5d6e873.webp",".webp","20706"
"1fd60b1d44154f14c18874521f5778d1.jpg",".jpg","177462"
"1fd60b1d44154f14c18874521f5778d1.pdf",".pdf","1774611"
"1fd60b1d44154f14c18874521f5778d1.webp",".webp","48624"
"201739d721019cdd7759ed4b97b4607e.jpg",".jpg","228797"
"201739d721019cdd7759ed4b97b4607e.pdf",".pdf","337448"
"201739d721019cdd7759ed4b97b4607e.webp",".webp","60124"
"2019f2fc2a51ced14f99f6d53e86946a.jpg",".jpg","243862"
"2019f2fc2a51ced14f99f6d53e86946a.pdf",".pdf","84766608"
"2019f2fc2a51ced14f99f6d53e86946a.webp",".webp","43718"
"204eaba9f9b617167923f9e77c5bfd21.jpg",".jpg","131587"
"204eaba9f9b617167923f9e77c5bfd21.pdf",".pdf","6490274"
"204eaba9f9b617167923f9e77c5bfd21.webp",".webp","32520"
"20bd12cb34ae352f65fb2994d97cafe0.jpg",".jpg","277102"
"20bd12cb34ae352f65fb2994d97cafe0.pdf",".pdf","450057"
"20bd12cb34ae352f65fb2994d97cafe0.webp",".webp","81800"
"20cae91e8caa2e520809afdb1c59c603.jpg",".jpg","318476"
"20cae91e8caa2e520809afdb1c59c603.pdf",".pdf","281004"
"20cae91e8caa2e520809afdb1c59c603.webp",".webp","83912"
"20d35d236d43b1da3231fea7ef8d815f.jpg",".jpg","294872"
"20d35d236d43b1da3231fea7ef8d815f.pdf",".pdf","2963874"
"20d35d236d43b1da3231fea7ef8d815f.webp",".webp","73254"
"2139094f92567048cc6d6135a1c85242.jpg",".jpg","181315"
"2139094f92567048cc6d6135a1c85242.pdf",".pdf","4061668"
"2139094f92567048cc6d6135a1c85242.webp",".webp","44138"
"2139310d38722880f5645c9d3d38e29a.jpg",".jpg","277240"
"2139310d38722880f5645c9d3d38e29a.pdf",".pdf","557942"
"2139310d38722880f5645c9d3d38e29a.webp",".webp","69714"
"21645dde3b42be3feac27feade678f3f.jpg",".jpg","241848"
"21645dde3b42be3feac27feade678f3f.pdf",".pdf","67322304"
"21645dde3b42be3feac27feade678f3f.webp",".webp","47868"
"21d5bd1ad08d81ce169eb030112cd082.jpg",".jpg","168812"
"21d5bd1ad08d81ce169eb030112cd082.pdf",".pdf","319400"
"21d5bd1ad08d81ce169eb030112cd082.webp",".webp","30260"
"21e6a44ec7018421125caacfdbc95199.jpg",".jpg","238715"
"21e6a44ec7018421125caacfdbc95199.pdf",".pdf","818921"
"21e6a44ec7018421125caacfdbc95199.webp",".webp","70746"
"21ec4e259acfc354e5625bee619d1854.jpg",".jpg","307819"
"21ec4e259acfc354e5625bee619d1854.pdf",".pdf","4998261"
"21ec4e259acfc354e5625bee619d1854.webp",".webp","44572"
"220acb70bd8690c91ddc58beecf7482a.jpg",".jpg","214760"
"220acb70bd8690c91ddc58beecf7482a.pdf",".pdf","1300989"
"220acb70bd8690c91ddc58beecf7482a.webp",".webp","55192"
"220e94908b5923c47cefbbd81f10b518.jpg",".jpg","302019"
"220e94908b5923c47cefbbd81f10b518.pdf",".pdf","1375587"
"220e94908b5923c47cefbbd81f10b518.webp",".webp","40974"
"2283305aa6aa27d430e344f8f19e4143.jpg",".jpg","251393"
"2283305aa6aa27d430e344f8f19e4143.pdf",".pdf","654824"
"2283305aa6aa27d430e344f8f19e4143.webp",".webp","69792"
"22ac74c14e7a31aec32e77512d76c3c7.jpg",".jpg","260957"
"22ac74c14e7a31aec32e77512d76c3c7.pdf",".pdf","1276387"
"22ac74c14e7a31aec32e77512d76c3c7.webp",".webp","74794"
"2307dd58db8bd27a6f176de750e53df2.jpg",".jpg","359816"
"2307dd58db8bd27a6f176de750e53df2.pdf",".pdf","27805586"
"2307dd58db8bd27a6f176de750e53df2.webp",".webp","33724"
"23f97a6695542ecf2ed9748ace622c84.jpg",".jpg","281044"
"23f97a6695542ecf2ed9748ace622c84.pdf",".pdf","1280626"
"23f97a6695542ecf2ed9748ace622c84.webp",".webp","77252"
"240584d989d3b62d1358e78abc7cf181.jpg",".jpg","271831"
"240584d989d3b62d1358e78abc7cf181.pdf",".pdf","37905479"
"240584d989d3b62d1358e78abc7cf181.webp",".webp","31894"
"243784af8e3604a50d70c25d2c14da53.jpg",".jpg","221149"
"243784af8e3604a50d70c25d2c14da53.pdf",".pdf","327778"
"243784af8e3604a50d70c25d2c14da53.webp",".webp","63084"
"2456aa4f0ace3f9f59816b212b448c4c.jpg",".jpg","288266"
"2456aa4f0ace3f9f59816b212b448c4c.pdf",".pdf","378223"
"2456aa4f0ace3f9f59816b212b448c4c.webp",".webp","81200"
"24651d43427a5982e06a3be2f78866ae.jpg",".jpg","241315"
"24651d43427a5982e06a3be2f78866ae.pdf",".pdf","407352"
"24651d43427a5982e06a3be2f78866ae.webp",".webp","57592"
"2468fc3c48db5824326ebf543abcedec.jpg",".jpg","157619"
"2468fc3c48db5824326ebf543abcedec.pdf",".pdf","35814"
"2468fc3c48db5824326ebf543abcedec.webp",".webp","46534"
"2469ffa9527a29ae4a0a12122bb97811.jpg",".jpg","247810"
"2469ffa9527a29ae4a0a12122bb97811.pdf",".pdf","17297558"
"2469ffa9527a29ae4a0a12122bb97811.webp",".webp","31022"
"246b8cddd307923c9a825585c701bcaa.jpg",".jpg","279843"
"246b8cddd307923c9a825585c701bcaa.pdf",".pdf","2658531"
"246b8cddd307923c9a825585c701bcaa.webp",".webp","35220"
"24c1e3de2b0e7205378c69c93629109e.jpg",".jpg","330909"
"24c1e3de2b0e7205378c69c93629109e.webp",".webp","74976"
"24c1e3de2b0e7205378c69c93629109e.zip",".zip","127579048"
"24cf3e496b119f3c3fe2c5b0a83deaee.jpg",".jpg","210692"
"24cf3e496b119f3c3fe2c5b0a83deaee.pdf",".pdf","81447466"
"24cf3e496b119f3c3fe2c5b0a83deaee.webp",".webp","31458"
"24d19286e6acd13ff2b9a2f4d359387b.jpg",".jpg","308172"
"24d19286e6acd13ff2b9a2f4d359387b.pdf",".pdf","612424"
"24d19286e6acd13ff2b9a2f4d359387b.webp",".webp","81922"
"24d9d95f63c1a9e59803345739d6ee47.jpg",".jpg","361731"
"24d9d95f63c1a9e59803345739d6ee47.pdf",".pdf","1409888"
"24d9d95f63c1a9e59803345739d6ee47.webp",".webp","102958"
"24fe22dcac77db43f38f234656d85b25.jpg",".jpg","257868"
"24fe22dcac77db43f38f234656d85b25.pdf",".pdf","400398"
"24fe22dcac77db43f38f234656d85b25.webp",".webp","66138"
"25236ad8d593d89e459078c9ffef00a4.jpg",".jpg","374164"
"25236ad8d593d89e459078c9ffef00a4.pdf",".pdf","13221074"
"25236ad8d593d89e459078c9ffef00a4.webp",".webp","86662"
"2552b27778c55d739994b000ca769e36.jpg",".jpg","263120"
"2552b27778c55d739994b000ca769e36.pdf",".pdf","485921"
"2552b27778c55d739994b000ca769e36.webp",".webp","66422"
"25c0b8ddb8337b772bdbe717a41144bc.jpg",".jpg","244515"
"25c0b8ddb8337b772bdbe717a41144bc.pdf",".pdf","7192154"
"25c0b8ddb8337b772bdbe717a41144bc.webp",".webp","54812"
"260e268cd45d50b179dde097e174ef42.jpg",".jpg","237879"
"260e268cd45d50b179dde097e174ef42.pdf",".pdf","227138"
"260e268cd45d50b179dde097e174ef42.webp",".webp","65558"
"2660220d4bea3eba484c101ee151e155.jpg",".jpg","227739"
"2660220d4bea3eba484c101ee151e155.pdf",".pdf","1972943"
"2660220d4bea3eba484c101ee151e155.webp",".webp","58152"
"26c08d65e4e847344e11f981ff605231.jpg",".jpg","337557"
"26c08d65e4e847344e11f981ff605231.pdf",".pdf","146290971"
"26c08d65e4e847344e11f981ff605231.webp",".webp","35070"
"26f4886706f4a8f8e8f6b4b994761e14.jpg",".jpg","309832"
"26f4886706f4a8f8e8f6b4b994761e14.pdf",".pdf","482466"
"26f4886706f4a8f8e8f6b4b994761e14.webp",".webp","76114"
"2708e0de459e6adacede29ef9dec0cbe.jpg",".jpg","255718"
"2708e0de459e6adacede29ef9dec0cbe.pdf",".pdf","28740711"
"2708e0de459e6adacede29ef9dec0cbe.webp",".webp","40996"
"270bc26297c69530cdb85672c7723d31.jpg",".jpg","243579"
"270bc26297c69530cdb85672c7723d31.pdf",".pdf","7716838"
"270bc26297c69530cdb85672c7723d31.webp",".webp","56736"
"273777231535e36f182e41edf285a86e.jpg",".jpg","224722"
"273777231535e36f182e41edf285a86e.pdf",".pdf","1317425"
"273777231535e36f182e41edf285a86e.webp",".webp","61040"
"28404cf257efac382142b074f8c6192a.jpg",".jpg","313992"
"28404cf257efac382142b074f8c6192a.pdf",".pdf","8552124"
"28404cf257efac382142b074f8c6192a.webp",".webp","50898"
"289209361d48db08c613b179ee856827.jpg",".jpg","265726"
"289209361d48db08c613b179ee856827.pdf",".pdf","97403"
"289209361d48db08c613b179ee856827.webp",".webp","79636"
"28c11c43cdb4e7eab2618a8f25ca15c9.jpg",".jpg","254217"
"28c11c43cdb4e7eab2618a8f25ca15c9.pdf",".pdf","71283452"
"28c11c43cdb4e7eab2618a8f25ca15c9.webp",".webp","29010"
"28d669ed25a04beecd3bf750d46c2ec5.jpg",".jpg","273634"
"28d669ed25a04beecd3bf750d46c2ec5.pdf",".pdf","77108037"
"28d669ed25a04beecd3bf750d46c2ec5.webp",".webp","28158"
"28ea68dd2a59368e9f60d2da0730f233.jpg",".jpg","322488"
"28ea68dd2a59368e9f60d2da0730f233.pdf",".pdf","294054"
"28ea68dd2a59368e9f60d2da0730f233.webp",".webp","94524"
"28f409eeb6a5e89338dbdfb75b67cd7e.jpg",".jpg","458004"
"28f409eeb6a5e89338dbdfb75b67cd7e.pdf",".pdf","27045427"
"28f409eeb6a5e89338dbdfb75b67cd7e.webp",".webp","42168"
"295d63efbe81ca447a4f5ba306a74084.jpg",".jpg","257593"
"295d63efbe81ca447a4f5ba306a74084.pdf",".pdf","207224"
"295d63efbe81ca447a4f5ba306a74084.webp",".webp","63544"
"29ef39f72d3b115cf61a866abef02ac1.jpg",".jpg","235950"
"29ef39f72d3b115cf61a866abef02ac1.pdf",".pdf","7798323"
"29ef39f72d3b115cf61a866abef02ac1.webp",".webp","51590"
"2a02abca2539f003e0d3f7c3d53bc8c9.jpg",".jpg","351401"
"2a02abca2539f003e0d3f7c3d53bc8c9.pdf",".pdf","84038054"
"2a02abca2539f003e0d3f7c3d53bc8c9.webp",".webp","34854"
"2a8c4cbc0526d7a03fa729f68c624bd5.jpg",".jpg","348225"
"2a8c4cbc0526d7a03fa729f68c624bd5.pdf",".pdf","1038354"
"2a8c4cbc0526d7a03fa729f68c624bd5.webp",".webp","98278"
"2a8fcbb1998835305aab2b735cdc302c.jpg",".jpg","189730"
"2a8fcbb1998835305aab2b735cdc302c.pdf",".pdf","387492"
"2a8fcbb1998835305aab2b735cdc302c.webp",".webp","49816"
"2a9703343767a1b7778098a4475101b0.jpg",".jpg","233993"
"2a9703343767a1b7778098a4475101b0.pdf",".pdf","9363906"
"2a9703343767a1b7778098a4475101b0.webp",".webp","32530"
"2ae5a4ec50972efe7484b4288c235419.jpg",".jpg","230236"
"2ae5a4ec50972efe7484b4288c235419.pdf",".pdf","51928"
"2ae5a4ec50972efe7484b4288c235419.webp",".webp","59198"
"2b4cd70ccff05241a0dfc87c22455413.jpg",".jpg","325490"
"2b4cd70ccff05241a0dfc87c22455413.pdf",".pdf","194400921"
"2b4cd70ccff05241a0dfc87c22455413.webp",".webp","30786"
"2b4dd6df9278adc28513523d523a2a1b.jpg",".jpg","332365"
"2b4dd6df9278adc28513523d523a2a1b.pdf",".pdf","352349117"
"2b4dd6df9278adc28513523d523a2a1b.webp",".webp","56254"
"2b88d580a4fe51b86c2e7c72d6e6504b.jpg",".jpg","209894"
"2b88d580a4fe51b86c2e7c72d6e6504b.pdf",".pdf","162409"
"2b88d580a4fe51b86c2e7c72d6e6504b.webp",".webp","57782"
"2ba0f86ba5452286a2872c8f44c9e69f.jpg",".jpg","221911"
"2ba0f86ba5452286a2872c8f44c9e69f.pdf",".pdf","42055702"
"2ba0f86ba5452286a2872c8f44c9e69f.webp",".webp","24688"
"2bb092917ca1daddee285de3bb708f6f.jpg",".jpg","280330"
"2bb092917ca1daddee285de3bb708f6f.pdf",".pdf","4176594"
"2bb092917ca1daddee285de3bb708f6f.webp",".webp","74966"
"2c96e941b11b477d4720a1b904fcd447.jpg",".jpg","291862"
"2c96e941b11b477d4720a1b904fcd447.pdf",".pdf","810895"
"2c96e941b11b477d4720a1b904fcd447.webp",".webp","80492"
"2cf0e5ecbda0a0f1f7b18c190afc7c5d.jpg",".jpg","464781"
"2cf0e5ecbda0a0f1f7b18c190afc7c5d.pdf",".pdf","2806136"
"2cf0e5ecbda0a0f1f7b18c190afc7c5d.webp",".webp","101982"
"2d0494637e471a52f2d6ffa5d79bd711.jpg",".jpg","304251"
"2d0494637e471a52f2d6ffa5d79bd711.pdf",".pdf","408783"
"2d0494637e471a52f2d6ffa5d79bd711.webp",".webp","72984"
"2d2dca0dea2e5158c82d49c4b571ea7a.jpg",".jpg","212699"
"2d2dca0dea2e5158c82d49c4b571ea7a.pdf",".pdf","373758"
"2d2dca0dea2e5158c82d49c4b571ea7a.webp",".webp","58430"
"2d412c930c35f9481d413d6df32c5ea8.jpg",".jpg","165988"
"2d412c930c35f9481d413d6df32c5ea8.pdf",".pdf","33213469"
"2d412c930c35f9481d413d6df32c5ea8.webp",".webp","42956"
"2d4152ed853a6e54476474395b008e67.jpg",".jpg","254529"
"2d4152ed853a6e54476474395b008e67.pdf",".pdf","1103051"
"2d4152ed853a6e54476474395b008e67.webp",".webp","63726"
"2da40325a022d1f808eb909a297f0a8d.jpg",".jpg","256895"
"2da40325a022d1f808eb909a297f0a8d.pdf",".pdf","975383"
"2da40325a022d1f808eb909a297f0a8d.webp",".webp","73312"
"2dbc60f16e4273643eff8a51b95b70c2.jpg",".jpg","227061"
"2dbc60f16e4273643eff8a51b95b70c2.pdf",".pdf","213296"
"2dbc60f16e4273643eff8a51b95b70c2.webp",".webp","62496"
"2e01a5b1f79fabf1f28d426b958e70bd.jpg",".jpg","268026"
"2e01a5b1f79fabf1f28d426b958e70bd.pdf",".pdf","6096308"
"2e01a5b1f79fabf1f28d426b958e70bd.webp",".webp","44886"
"2e57025cca97acee24fdb33005cceda2.jpg",".jpg","271434"
"2e57025cca97acee24fdb33005cceda2.pdf",".pdf","8503135"
"2e57025cca97acee24fdb33005cceda2.webp",".webp","50408"
"2e76df5704640cbf3d424047ee6fd7bb.jpg",".jpg","241934"
"2e76df5704640cbf3d424047ee6fd7bb.pdf",".pdf","249571"
"2e76df5704640cbf3d424047ee6fd7bb.webp",".webp","71730"
"2ee190c0a1ed8ecb6a4c8c1a33927458.jpg",".jpg","207138"
"2ee190c0a1ed8ecb6a4c8c1a33927458.pdf",".pdf","2004170"
"2ee190c0a1ed8ecb6a4c8c1a33927458.webp",".webp","59466"
"2f0b81504850c3a2675955f43878de34.jpg",".jpg","284275"
"2f0b81504850c3a2675955f43878de34.pdf",".pdf","317198"
"2f0b81504850c3a2675955f43878de34.webp",".webp","86104"
"2f2052585f9916ecd765ff5b15234212.jpg",".jpg","263634"
"2f2052585f9916ecd765ff5b15234212.pdf",".pdf","282013"
"2f2052585f9916ecd765ff5b15234212.webp",".webp","67312"
"2f2b61f86eccfb9a33379c31ff6ad0f8.jpg",".jpg","343841"
"2f2b61f86eccfb9a33379c31ff6ad0f8.pdf",".pdf","118285"
"2f2b61f86eccfb9a33379c31ff6ad0f8.webp",".webp","103228"
"2f7e9992b36fe309df55eb6e88bb8b4b.jpg",".jpg","474125"
"2f7e9992b36fe309df55eb6e88bb8b4b.pdf",".pdf","421035"
"2f7e9992b36fe309df55eb6e88bb8b4b.webp",".webp","130592"
"2f86b1c34727833d3572761e99368818.jpg",".jpg","113157"
"2f86b1c34727833d3572761e99368818.pdf",".pdf","1002538"
"2f86b1c34727833d3572761e99368818.webp",".webp","24704"
"2f8a8b67527ceb062a8626b4cc3d37fe.jpg",".jpg","247488"
"2f8a8b67527ceb062a8626b4cc3d37fe.pdf",".pdf","801243"
"2f8a8b67527ceb062a8626b4cc3d37fe.webp",".webp","72292"
"2fbeb7ab88f7f9054fa43da9d4a9a7ca.jpg",".jpg","283123"
"2fbeb7ab88f7f9054fa43da9d4a9a7ca.pdf",".pdf","69559916"
"2fbeb7ab88f7f9054fa43da9d4a9a7ca.webp",".webp","36152"
"3056cd821ddb6a8fff47471e93f02996.jpg",".jpg","235609"
"3056cd821ddb6a8fff47471e93f02996.pdf",".pdf","411856"
"3056cd821ddb6a8fff47471e93f02996.webp",".webp","59940"
"30877f0470aead3f53269b3294854e74.jpg",".jpg","221825"
"30877f0470aead3f53269b3294854e74.pdf",".pdf","445847"
"30877f0470aead3f53269b3294854e74.webp",".webp","61290"
"31135ab8dd8f697c9f09d18ebe02be53.jpg",".jpg","278542"
"31135ab8dd8f697c9f09d18ebe02be53.pdf",".pdf","931499"
"31135ab8dd8f697c9f09d18ebe02be53.webp",".webp","74586"
"31601606ba85971d6e51bd1327bda68e.jpg",".jpg","279232"
"31601606ba85971d6e51bd1327bda68e.pdf",".pdf","5033041"
"31601606ba85971d6e51bd1327bda68e.webp",".webp","41828"
"31a33507e34d31b55aadd1caf758bd27.jpg",".jpg","210916"
"31a33507e34d31b55aadd1caf758bd27.pdf",".pdf","694274"
"31a33507e34d31b55aadd1caf758bd27.webp",".webp","59534"
"31b4586f7a096ad24d69f51a984de5d4.jpg",".jpg","141289"
"31b4586f7a096ad24d69f51a984de5d4.pdf",".pdf","215871"
"31b4586f7a096ad24d69f51a984de5d4.webp",".webp","36754"
"31f27e2a470ddf0f2b2fa7b4abf4b10e.jpg",".jpg","372226"
"31f27e2a470ddf0f2b2fa7b4abf4b10e.pdf",".pdf","732576"
"31f27e2a470ddf0f2b2fa7b4abf4b10e.webp",".webp","90716"
"31fecb6274bc437b549295eca6e171c6.jpg",".jpg","198384"
"31fecb6274bc437b549295eca6e171c6.pdf",".pdf","391572"
"31fecb6274bc437b549295eca6e171c6.webp",".webp","54706"
"328ad8172dbc863771d70e46b424ee7a.jpg",".jpg","599664"
"328ad8172dbc863771d70e46b424ee7a.pdf",".pdf","17401148"
"328ad8172dbc863771d70e46b424ee7a.webp",".webp","52514"
"32a4b5a7d6f540371f641e655ded6ec0.jpg",".jpg","221004"
"32a4b5a7d6f540371f641e655ded6ec0.pdf",".pdf","50338165"
"32a4b5a7d6f540371f641e655ded6ec0.webp",".webp","19716"
"32bf1b77f6079fec59c7234944d42b58.jpg",".jpg","290412"
"32bf1b77f6079fec59c7234944d42b58.pdf",".pdf","524927879"
"32bf1b77f6079fec59c7234944d42b58.webp",".webp","42000"
"32d526d4ee261bf4c794f07fd367224b.jpg",".jpg","271298"
"32d526d4ee261bf4c794f07fd367224b.pdf",".pdf","334194"
"32d526d4ee261bf4c794f07fd367224b.webp",".webp","74562"
"332997c311e2387ae423538e3aba6834.jpg",".jpg","268371"
"332997c311e2387ae423538e3aba6834.pdf",".pdf","77765168"
"332997c311e2387ae423538e3aba6834.webp",".webp","24870"
"337270cccff77b6f7318ebff83a08fbf.jpg",".jpg","137861"
"337270cccff77b6f7318ebff83a08fbf.pdf",".pdf","146430350"
"337270cccff77b6f7318ebff83a08fbf.webp",".webp","21244"
"3385fa45af7d9dac34513a2a3ac8a349.jpg",".jpg","450384"
"3385fa45af7d9dac34513a2a3ac8a349.pdf",".pdf","32780424"
"3385fa45af7d9dac34513a2a3ac8a349.webp",".webp","49140"
"33cca18e53687215181b07cbeadb1ace.jpg",".jpg","342503"
"33cca18e53687215181b07cbeadb1ace.pdf",".pdf","862161"
"33cca18e53687215181b07cbeadb1ace.webp",".webp","85636"
"33d449bfe411ba1c8e97b94d6842986d.jpg",".jpg","152763"
"33d449bfe411ba1c8e97b94d6842986d.pdf",".pdf","35376"
"33d449bfe411ba1c8e97b94d6842986d.webp",".webp","43098"
"34050313fffcaa60cb0d4568373d064d.jpg",".jpg","271622"
"34050313fffcaa60cb0d4568373d064d.pdf",".pdf","796821"
"34050313fffcaa60cb0d4568373d064d.webp",".webp","76136"
"340f15e82a9ab596fa3a240d6bfa94a8.jpg",".jpg","156232"
"340f15e82a9ab596fa3a240d6bfa94a8.pdf",".pdf","45814"
"340f15e82a9ab596fa3a240d6bfa94a8.webp",".webp","40368"
"3439e1d8caa517dd4d40629962618aa6.jpg",".jpg","341805"
"3439e1d8caa517dd4d40629962618aa6.pdf",".pdf","47541350"
"3439e1d8caa517dd4d40629962618aa6.webp",".webp","37616"
"345560e5d0b32d4e073ade8f6b7afb21.jpg",".jpg","185652"
"345560e5d0b32d4e073ade8f6b7afb21.pdf",".pdf","267225"
"345560e5d0b32d4e073ade8f6b7afb21.webp",".webp","49998"
"347ec8f725088b8f12fe1a68bfe2f587.jpg",".jpg","304296"
"347ec8f725088b8f12fe1a68bfe2f587.pdf",".pdf","130242936"
"347ec8f725088b8f12fe1a68bfe2f587.webp",".webp","32514"
"34bf9c88e2a7ce920aa8854f75c4eea5.jpg",".jpg","190437"
"34bf9c88e2a7ce920aa8854f75c4eea5.pdf",".pdf","13528653"
"34bf9c88e2a7ce920aa8854f75c4eea5.webp",".webp","47180"
"34d685c30d68913bc37dbdd15f993266.jpg",".jpg","398554"
"34d685c30d68913bc37dbdd15f993266.pdf",".pdf","138672310"
"34d685c30d68913bc37dbdd15f993266.webp",".webp","46016"
"34dcff3d4e7faaaa747a5e2c0adf5ff8.jpg",".jpg","212151"
"34dcff3d4e7faaaa747a5e2c0adf5ff8.pdf",".pdf","5113752"
"34dcff3d4e7faaaa747a5e2c0adf5ff8.webp",".webp","33274"
"34dff527e73cdae2f88583ca0847e2d2.jpg",".jpg","238939"
"34dff527e73cdae2f88583ca0847e2d2.pdf",".pdf","215811"
"34dff527e73cdae2f88583ca0847e2d2.webp",".webp","67610"
"34e03786abfcbe01e52a64b2857dbae2.jpg",".jpg","213934"
"34e03786abfcbe01e52a64b2857dbae2.pdf",".pdf","135833"
"34e03786abfcbe01e52a64b2857dbae2.webp",".webp","62280"
"3545b42bdc23f6049e573496f7aef7b2.jpg",".jpg","218418"
"3545b42bdc23f6049e573496f7aef7b2.pdf",".pdf","293939"
"3545b42bdc23f6049e573496f7aef7b2.webp",".webp","58840"
"355de6facd8a1b81a0ece4a138cfc200.jpg",".jpg","484598"
"355de6facd8a1b81a0ece4a138cfc200.pdf",".pdf","971442"
"355de6facd8a1b81a0ece4a138cfc200.webp",".webp","114958"
"35743e2d801ea71a1a9288fec83290a7.jpg",".jpg","301263"
"35743e2d801ea71a1a9288fec83290a7.pdf",".pdf","4703836"
"35743e2d801ea71a1a9288fec83290a7.webp",".webp","88162"
"35af4353636279f6572da915e782a833.jpg",".jpg","316742"
"35af4353636279f6572da915e782a833.pdf",".pdf","48340117"
"35af4353636279f6572da915e782a833.webp",".webp","35540"
"362b2d475ae7645d201dc5d951fe0637.jpg",".jpg","146927"
"362b2d475ae7645d201dc5d951fe0637.pdf",".pdf","177745"
"362b2d475ae7645d201dc5d951fe0637.webp",".webp","37664"
"3633640eaf84ea463be5266a5754a697.jpg",".jpg","227238"
"3633640eaf84ea463be5266a5754a697.pdf",".pdf","16504423"
"3633640eaf84ea463be5266a5754a697.webp",".webp","34104"
"364ea4af394e6b2a3117e0055b085b5a.jpg",".jpg","234678"
"364ea4af394e6b2a3117e0055b085b5a.pdf",".pdf","5846248"
"364ea4af394e6b2a3117e0055b085b5a.webp",".webp","52374"
"364f31e43cbb627cbb809f3937dd4e02.jpg",".jpg","221496"
"364f31e43cbb627cbb809f3937dd4e02.webp",".webp","51216"
"364f31e43cbb627cbb809f3937dd4e02.zip",".zip","16865477"
"3665efa29893c5bc7d20c1d8bb19a10a.jpg",".jpg","244865"
"3665efa29893c5bc7d20c1d8bb19a10a.pdf",".pdf","43703806"
"3665efa29893c5bc7d20c1d8bb19a10a.webp",".webp","36954"
"3682ba83ac0ba416ee1356339c762c5b.jpg",".jpg","373359"
"3682ba83ac0ba416ee1356339c762c5b.pdf",".pdf","192884368"
"3682ba83ac0ba416ee1356339c762c5b.webp",".webp","61320"
"36a4ab70432c345ccbb5e6357384a79e.jpg",".jpg","449397"
"36a4ab70432c345ccbb5e6357384a79e.pdf",".pdf","2107579"
"36a4ab70432c345ccbb5e6357384a79e.webp",".webp","127286"
"36b84de3320ec316dac03779ac77e774.jpg",".jpg","194285"
"36b84de3320ec316dac03779ac77e774.pdf",".pdf","7133875"
"36b84de3320ec316dac03779ac77e774.webp",".webp","48644"
"36c0deb11dc005fa69feb03f1e67da15.jpg",".jpg","214797"
"36c0deb11dc005fa69feb03f1e67da15.pdf",".pdf","513059"
"36c0deb11dc005fa69feb03f1e67da15.webp",".webp","56776"
"373f437400dd4d3d53d8bf11cde57af7.jpg",".jpg","384047"
"373f437400dd4d3d53d8bf11cde57af7.pdf",".pdf","23704627"
"373f437400dd4d3d53d8bf11cde57af7.webp",".webp","26290"
"376e69c9ca2df90bdf5748c3c16bda69.jpg",".jpg","249002"
"376e69c9ca2df90bdf5748c3c16bda69.pdf",".pdf","7038104"
"376e69c9ca2df90bdf5748c3c16bda69.webp",".webp","33682"
"37dd011efb2c7715274b577f3ee63b0d.jpg",".jpg","319788"
"37dd011efb2c7715274b577f3ee63b0d.pdf",".pdf","5747340"
"37dd011efb2c7715274b577f3ee63b0d.webp",".webp","49448"
"37ede6b756b350460371b6d31c609d1b.jpg",".jpg","136944"
"37ede6b756b350460371b6d31c609d1b.pdf",".pdf","595551"
"37ede6b756b350460371b6d31c609d1b.webp",".webp","32324"
"38248e0d9d1458af4802877fc22d510f.jpg",".jpg","333253"
"38248e0d9d1458af4802877fc22d510f.pdf",".pdf","12667741"
"38248e0d9d1458af4802877fc22d510f.webp",".webp","62754"
"3869d408e8ca241c4e055a1666851767.jpg",".jpg","261096"
"3869d408e8ca241c4e055a1666851767.pdf",".pdf","13015660"
"3869d408e8ca241c4e055a1666851767.webp",".webp","26950"
"388c174a82fb62011832090796326dd4.jpg",".jpg","178165"
"388c174a82fb62011832090796326dd4.webp",".webp","40786"
"388c174a82fb62011832090796326dd4.zip",".zip","43445927"
"390c24ea9dd171c65cb16e8360f4f550.jpg",".jpg","323430"
"390c24ea9dd171c65cb16e8360f4f550.pdf",".pdf","556150"
"390c24ea9dd171c65cb16e8360f4f550.webp",".webp","78074"
"395e58ed2c6c27eb95cfa9280ac844fa.jpg",".jpg","803050"
"395e58ed2c6c27eb95cfa9280ac844fa.pdf",".pdf","76698964"
"395e58ed2c6c27eb95cfa9280ac844fa.webp",".webp","122258"
"39b04eab3814221ca8543e279aae7504.jpg",".jpg","272934"
"39b04eab3814221ca8543e279aae7504.pdf",".pdf","2127633"
"39b04eab3814221ca8543e279aae7504.webp",".webp","79990"
"39b8d267330f3e621d4a051192cbf113.jpg",".jpg","385927"
"39b8d267330f3e621d4a051192cbf113.pdf",".pdf","1704418"
"39b8d267330f3e621d4a051192cbf113.webp",".webp","108844"
"3a039efbea61898c5e6924139bdad2b0.jpg",".jpg","347873"
"3a039efbea61898c5e6924139bdad2b0.pdf",".pdf","829897"
"3a039efbea61898c5e6924139bdad2b0.webp",".webp","86652"
"3a1e5aa0ec64e12498c7b42218571ead.jpg",".jpg","252410"
"3a1e5aa0ec64e12498c7b42218571ead.pdf",".pdf","6787732"
"3a1e5aa0ec64e12498c7b42218571ead.webp",".webp","65196"
"3a1ec61df019beefb1ea250b2f2c33be.jpg",".jpg","214213"
"3a1ec61df019beefb1ea250b2f2c33be.pdf",".pdf","1297245"
"3a1ec61df019beefb1ea250b2f2c33be.webp",".webp","58926"
"3aa31bc4ab00450e689895a07c0e7bc7.jpg",".jpg","282356"
"3aa31bc4ab00450e689895a07c0e7bc7.pdf",".pdf","523393"
"3aa31bc4ab00450e689895a07c0e7bc7.webp",".webp","76674"
"3ab7b2a0ea89be913f753392763b2975.jpg",".jpg","199556"
"3ab7b2a0ea89be913f753392763b2975.pdf",".pdf","18348436"
"3ab7b2a0ea89be913f753392763b2975.webp",".webp","24044"
"3ad204d9f1ecfbde8832802fc3eee0be.jpg",".jpg","231951"
"3ad204d9f1ecfbde8832802fc3eee0be.pdf",".pdf","10145055"
"3ad204d9f1ecfbde8832802fc3eee0be.webp",".webp","64304"
"3ad538f2ae3295752a537c8d8d36677d.jpg",".jpg","190515"
"3ad538f2ae3295752a537c8d8d36677d.pdf",".pdf","558065"
"3ad538f2ae3295752a537c8d8d36677d.webp",".webp","54154"
"3b0bf93f1110b18771e3be8a212c85f6.jpg",".jpg","320775"
"3b0bf93f1110b18771e3be8a212c85f6.pdf",".pdf","788551"
"3b0bf93f1110b18771e3be8a212c85f6.webp",".webp","87012"
"3b597d14bfeab1e5eaeb5582e7c8f9a8.jpg",".jpg","290928"
"3b597d14bfeab1e5eaeb5582e7c8f9a8.pdf",".pdf","29350716"
"3b597d14bfeab1e5eaeb5582e7c8f9a8.webp",".webp","36768"
"3b6d735bea40f502a8e0bdc04f016d70.jpg",".jpg","337995"
"3b6d735bea40f502a8e0bdc04f016d70.pdf",".pdf","72815669"
"3b6d735bea40f502a8e0bdc04f016d70.webp",".webp","41696"
"3b71117af25ad5f9e702bf33899c2ef0.jpg",".jpg","248784"
"3b71117af25ad5f9e702bf33899c2ef0.pdf",".pdf","11300988"
"3b71117af25ad5f9e702bf33899c2ef0.webp",".webp","28214"
"3b824c6cd52af9e2e141e4a9bbcda38a.jpg",".jpg","247690"
"3b824c6cd52af9e2e141e4a9bbcda38a.pdf",".pdf","16360492"
"3b824c6cd52af9e2e141e4a9bbcda38a.webp",".webp","69132"
"3c6665b721d1095c59cda53ee86c8057.jpg",".jpg","262234"
"3c6665b721d1095c59cda53ee86c8057.pdf",".pdf","946074"
"3c6665b721d1095c59cda53ee86c8057.webp",".webp","54202"
"3cf9fa8e25025f1134cca21a99f5bd51.jpg",".jpg","178944"
"3cf9fa8e25025f1134cca21a99f5bd51.pdf",".pdf","87405966"
"3cf9fa8e25025f1134cca21a99f5bd51.webp",".webp","19076"
"3d1ea12d94b7de35dd588cb2968cae8a.jpg",".jpg","241199"
"3d1ea12d94b7de35dd588cb2968cae8a.pdf",".pdf","414550"
"3d1ea12d94b7de35dd588cb2968cae8a.webp",".webp","66414"
"3d5cf6ced1a5ddc8ae12414207a6740a.jpg",".jpg","373170"
"3d5cf6ced1a5ddc8ae12414207a6740a.pdf",".pdf","614347"
"3d5cf6ced1a5ddc8ae12414207a6740a.webp",".webp","99474"
"3d6fa4f7305fb91e9c014e468037310c.jpg",".jpg","467369"
"3d6fa4f7305fb91e9c014e468037310c.pdf",".pdf","51721295"
"3d6fa4f7305fb91e9c014e468037310c.webp",".webp","80114"
"3d71956ffd093f88a038ed3a4bbe4bbc.jpg",".jpg","291880"
"3d71956ffd093f88a038ed3a4bbe4bbc.pdf",".pdf","926899"
"3d71956ffd093f88a038ed3a4bbe4bbc.webp",".webp","74876"
"3ddd1d4a0f47e21679af623963614cea.jpg",".jpg","291302"
"3ddd1d4a0f47e21679af623963614cea.pdf",".pdf","94040629"
"3ddd1d4a0f47e21679af623963614cea.webp",".webp","36014"
"3e29614e5eb839b944a2351c17e2e603.jpg",".jpg","314532"
"3e29614e5eb839b944a2351c17e2e603.pdf",".pdf","2531158"
"3e29614e5eb839b944a2351c17e2e603.webp",".webp","74608"
"3e29f95134df9992312fc4428db67f5b.jpg",".jpg","308163"
"3e29f95134df9992312fc4428db67f5b.pdf",".pdf","9377486"
"3e29f95134df9992312fc4428db67f5b.webp",".webp","95682"
"3e4a154432885e2e4459ba532a5f17d5.jpg",".jpg","215751"
"3e4a154432885e2e4459ba532a5f17d5.pdf",".pdf","577868"
"3e4a154432885e2e4459ba532a5f17d5.webp",".webp","42968"
"3e5a331e25c57384ee12fdaca11823e5.jpg",".jpg","128482"
"3e5a331e25c57384ee12fdaca11823e5.pdf",".pdf","1140796"
"3e5a331e25c57384ee12fdaca11823e5.webp",".webp","24690"
"3eb071b6be2e6614d27aa4d894c51493.jpg",".jpg","421495"
"3eb071b6be2e6614d27aa4d894c51493.pdf",".pdf","5494202"
"3eb071b6be2e6614d27aa4d894c51493.webp",".webp","118482"
"3eba821057e920c1347821208b6b12a9.jpg",".jpg","330312"
"3eba821057e920c1347821208b6b12a9.pdf",".pdf","66558473"
"3eba821057e920c1347821208b6b12a9.webp",".webp","38076"
"3ed7efb292ca626df242d37f18d56c36.jpg",".jpg","246027"
"3ed7efb292ca626df242d37f18d56c36.pdf",".pdf","22231254"
"3ed7efb292ca626df242d37f18d56c36.webp",".webp","38482"
"3f3f3ed4a935ba8b936248f0f6014b66.jpg",".jpg","359780"
"3f3f3ed4a935ba8b936248f0f6014b66.pdf",".pdf","43550128"
"3f3f3ed4a935ba8b936248f0f6014b66.webp",".webp","35214"
"3f8d9097204d3c0c9ee1396fdbc25f87.jpg",".jpg","320413"
"3f8d9097204d3c0c9ee1396fdbc25f87.pdf",".pdf","335696"
"3f8d9097204d3c0c9ee1396fdbc25f87.webp",".webp","88524"
"3fa600eced2d6aa70e3feb62644125cc.jpg",".jpg","305153"
"3fa600eced2d6aa70e3feb62644125cc.pdf",".pdf","612919"
"3fa600eced2d6aa70e3feb62644125cc.webp",".webp","78256"
"3fac6cab591ee2da4b1551c49dd801da.jpg",".jpg","318158"
"3fac6cab591ee2da4b1551c49dd801da.pdf",".pdf","117540583"
"3fac6cab591ee2da4b1551c49dd801da.webp",".webp","39934"
"3faf25056d5bc6e7732963fcc9390fad.jpg",".jpg","221236"
"3faf25056d5bc6e7732963fcc9390fad.webp",".webp","51894"
"3faf25056d5bc6e7732963fcc9390fad.zip",".zip","580568685"
"3fc6130e80ce9f651193a4668c3c582c.jpg",".jpg","311084"
"3fc6130e80ce9f651193a4668c3c582c.webp",".webp","68790"
"3fc6130e80ce9f651193a4668c3c582c.zip",".zip","15499540"
"3ff668e65a1f46c1b08a91260334d0e6.jpg",".jpg","437393"
"3ff668e65a1f46c1b08a91260334d0e6.pdf",".pdf","4903203"
"3ff668e65a1f46c1b08a91260334d0e6.webp",".webp","111316"
"3ffbfb9c3faf7b38a5f4c3d990a064d4.jpg",".jpg","162966"
"3ffbfb9c3faf7b38a5f4c3d990a064d4.pdf",".pdf","19834098"
"3ffbfb9c3faf7b38a5f4c3d990a064d4.webp",".webp","42722"
"409f41b119eb34c6f4b3a87b1cbf9c8c.jpg",".jpg","274932"
"409f41b119eb34c6f4b3a87b1cbf9c8c.pdf",".pdf","528419"
"409f41b119eb34c6f4b3a87b1cbf9c8c.webp",".webp","79456"
"40e92469a31d04f6b703aa48f314936e.jpg",".jpg","356988"
"40e92469a31d04f6b703aa48f314936e.pdf",".pdf","104956899"
"40e92469a31d04f6b703aa48f314936e.webp",".webp","37328"
"40fffdc6f35634c98891771f359b211a.jpg",".jpg","230995"
"40fffdc6f35634c98891771f359b211a.pdf",".pdf","192429544"
"40fffdc6f35634c98891771f359b211a.webp",".webp","27058"
"41f62d9b234263bc1ffa787f98bff0ce.jpg",".jpg","189063"
"41f62d9b234263bc1ffa787f98bff0ce.webp",".webp","44076"
"41f62d9b234263bc1ffa787f98bff0ce.zip",".zip","909822"
"4203c9aaf3ddf7447f147625d65f297b.jpg",".jpg","291284"
"4203c9aaf3ddf7447f147625d65f297b.pdf",".pdf","61320138"
"4203c9aaf3ddf7447f147625d65f297b.webp",".webp","27564"
"4213e05d775cf6a327d8d722bb373322.jpg",".jpg","159168"
"4213e05d775cf6a327d8d722bb373322.pdf",".pdf","309407"
"4213e05d775cf6a327d8d722bb373322.webp",".webp","40220"
"428187ce4a8635d5472693f597e45014.jpg",".jpg","227826"
"428187ce4a8635d5472693f597e45014.pdf",".pdf","51287788"
"428187ce4a8635d5472693f597e45014.webp",".webp","26354"
"42a8a732bbff753c7df0118dfd8522b7.jpg",".jpg","229241"
"42a8a732bbff753c7df0118dfd8522b7.pdf",".pdf","189355"
"42a8a732bbff753c7df0118dfd8522b7.webp",".webp","63076"
"42d33c75f57cfdaac1baf3abea5c551e.jpg",".jpg","268893"
"42d33c75f57cfdaac1baf3abea5c551e.pdf",".pdf","5544118"
"42d33c75f57cfdaac1baf3abea5c551e.webp",".webp","71916"
"42e1e61ee3fcd532d97ad55a1365b0e1.jpg",".jpg","557270"
"42e1e61ee3fcd532d97ad55a1365b0e1.pdf",".pdf","1629102"
"42e1e61ee3fcd532d97ad55a1365b0e1.webp",".webp","115836"
"4345526830c15162b3918f828ae52cae.jpg",".jpg","156745"
"4345526830c15162b3918f828ae52cae.pdf",".pdf","114459"
"4345526830c15162b3918f828ae52cae.webp",".webp","39738"
"43a201ec157adde7c431092738c974a0.jpg",".jpg","200987"
"43a201ec157adde7c431092738c974a0.pdf",".pdf","47620138"
"43a201ec157adde7c431092738c974a0.webp",".webp","27918"
"43aea4ebf238530cc1a8483eacd8fb0e.jpg",".jpg","281190"
"43aea4ebf238530cc1a8483eacd8fb0e.pdf",".pdf","247334"
"43aea4ebf238530cc1a8483eacd8fb0e.webp",".webp","79366"
"43f894ce7840714612c5aa265455f34a.jpg",".jpg","409881"
"43f894ce7840714612c5aa265455f34a.pdf",".pdf","20070941"
"43f894ce7840714612c5aa265455f34a.webp",".webp","112410"
"44024d0aea34336ec57676fe6362c995.jpg",".jpg","149378"
"44024d0aea34336ec57676fe6362c995.pdf",".pdf","237100"
"44024d0aea34336ec57676fe6362c995.webp",".webp","41492"
"44bc6d4d52be12e46679c2166987a256.jpg",".jpg","290528"
"44bc6d4d52be12e46679c2166987a256.pdf",".pdf","13914208"
"44bc6d4d52be12e46679c2166987a256.webp",".webp","26798"
"44d5aeeeccbc036be55297f3a175e837.jpg",".jpg","325594"
"44d5aeeeccbc036be55297f3a175e837.pdf",".pdf","85815217"
"44d5aeeeccbc036be55297f3a175e837.webp",".webp","33000"
"4525650879b57fc11f45a9df562730f1.jpg",".jpg","135878"
"4525650879b57fc11f45a9df562730f1.webp",".webp","47774"
"4525650879b57fc11f45a9df562730f1.zip",".zip","15005274"
"45399c27ec4a96ae6d826948c746302b.jpg",".jpg","190217"
"45399c27ec4a96ae6d826948c746302b.pdf",".pdf","51125612"
"45399c27ec4a96ae6d826948c746302b.webp",".webp","29936"
"45739d0073beda294f1f8e1400e3f899.jpg",".jpg","239131"
"45739d0073beda294f1f8e1400e3f899.pdf",".pdf","5281328"
"45739d0073beda294f1f8e1400e3f899.webp",".webp","51334"
"45786cd09764cb66c8afde5244fdc95c.jpg",".jpg","293332"
"45786cd09764cb66c8afde5244fdc95c.pdf",".pdf","10398989"
"45786cd09764cb66c8afde5244fdc95c.webp",".webp","37122"
"45891ca8566500af8fb9e0919396b882.jpg",".jpg","150440"
"45891ca8566500af8fb9e0919396b882.pdf",".pdf","4522633"
"45891ca8566500af8fb9e0919396b882.webp",".webp","43478"
"45d9a611e17e9f724688e1f0d2744726.jpg",".jpg","186256"
"45d9a611e17e9f724688e1f0d2744726.pdf",".pdf","3466863"
"45d9a611e17e9f724688e1f0d2744726.webp",".webp","22526"
"464394260f7db6889829df2afb1ca107.jpg",".jpg","228376"
"464394260f7db6889829df2afb1ca107.pdf",".pdf","2360027"
"464394260f7db6889829df2afb1ca107.webp",".webp","58526"
"464c91737160fb8217e04c71622d3012.jpg",".jpg","245893"
"464c91737160fb8217e04c71622d3012.pdf",".pdf","602381"
"464c91737160fb8217e04c71622d3012.webp",".webp","66400"
"469a3d60ccaa6020f6db4ec58f12827f.jpg",".jpg","143758"
"469a3d60ccaa6020f6db4ec58f12827f.pdf",".pdf","2145852"
"469a3d60ccaa6020f6db4ec58f12827f.webp",".webp","35738"
"46ab086bad733201969fafa81ea2f142.jpg",".jpg","288952"
"46ab086bad733201969fafa81ea2f142.pdf",".pdf","88646016"
"46ab086bad733201969fafa81ea2f142.webp",".webp","40810"
"46ce7aca8301f2e36a0662581ad48c47.jpg",".jpg","193478"
"46ce7aca8301f2e36a0662581ad48c47.pdf",".pdf","473185"
"46ce7aca8301f2e36a0662581ad48c47.webp",".webp","61690"
"471bba6ef86e7b4b58b6e3398920c490.jpg",".jpg","174817"
"471bba6ef86e7b4b58b6e3398920c490.pdf",".pdf","3871895"
"471bba6ef86e7b4b58b6e3398920c490.webp",".webp","42128"
"47444b141792442ee9f87acc23ec5b8b.jpg",".jpg","264129"
"47444b141792442ee9f87acc23ec5b8b.pdf",".pdf","9932518"
"47444b141792442ee9f87acc23ec5b8b.webp",".webp","36318"
"476afb576b270023204c2c95413bdd09.jpg",".jpg","275181"
"476afb576b270023204c2c95413bdd09.pdf",".pdf","50026152"
"476afb576b270023204c2c95413bdd09.webp",".webp","31502"
"478c9559138dcb88dd1552c973788727.jpg",".jpg","264314"
"478c9559138dcb88dd1552c973788727.pdf",".pdf","71625196"
"478c9559138dcb88dd1552c973788727.webp",".webp","34978"
"47941ac5cb2b3947862f2aed19bec27e.jpg",".jpg","266155"
"47941ac5cb2b3947862f2aed19bec27e.pdf",".pdf","34954686"
"47941ac5cb2b3947862f2aed19bec27e.webp",".webp","27232"
"47f2842316419a350c06e4b4f1556315.jpg",".jpg","213321"
"47f2842316419a350c06e4b4f1556315.pdf",".pdf","489879"
"47f2842316419a350c06e4b4f1556315.webp",".webp","51976"
"48278b0e56a51148afdb0f15012ac0ea.jpg",".jpg","229597"
"48278b0e56a51148afdb0f15012ac0ea.pdf",".pdf","146243"
"48278b0e56a51148afdb0f15012ac0ea.webp",".webp","63042"
"485994b7215891ea2abe9238677a7c4e.jpg",".jpg","329078"
"485994b7215891ea2abe9238677a7c4e.pdf",".pdf","12223291"
"485994b7215891ea2abe9238677a7c4e.webp",".webp","98306"
"486b04c1cee8ad634fca399ec918c527.jpg",".jpg","186517"
"486b04c1cee8ad634fca399ec918c527.pdf",".pdf","415609"
"486b04c1cee8ad634fca399ec918c527.webp",".webp","49446"
"49199af7eb157bf33b73602e61683f06.jpg",".jpg","347287"
"49199af7eb157bf33b73602e61683f06.pdf",".pdf","1835508"
"49199af7eb157bf33b73602e61683f06.webp",".webp","94606"
"491ce071a29e3969624b4e47380bbf1e.jpg",".jpg","170682"
"491ce071a29e3969624b4e47380bbf1e.pdf",".pdf","2778294"
"491ce071a29e3969624b4e47380bbf1e.webp",".webp","30946"
"492f465709b97b0117b06226991fc279.jpg",".jpg","270572"
"492f465709b97b0117b06226991fc279.pdf",".pdf","363784"
"492f465709b97b0117b06226991fc279.webp",".webp","79130"
"499086a51b571be5e49007812fdcd7c8.jpg",".jpg","211702"
"499086a51b571be5e49007812fdcd7c8.pdf",".pdf","8507877"
"499086a51b571be5e49007812fdcd7c8.webp",".webp","26232"
"49ddf970e64c41cd01eba60db840240e.jpg",".jpg","237678"
"49ddf970e64c41cd01eba60db840240e.pdf",".pdf","2263458"
"49ddf970e64c41cd01eba60db840240e.webp",".webp","62168"
"4a558bfa4c282cceaa239b348ea0bdb8.jpg",".jpg","169340"
"4a558bfa4c282cceaa239b348ea0bdb8.pdf",".pdf","161483"
"4a558bfa4c282cceaa239b348ea0bdb8.webp",".webp","41052"
"4a5f8d07c7a75388db13258cc6d39854.jpg",".jpg","308879"
"4a5f8d07c7a75388db13258cc6d39854.pdf",".pdf","518290"
"4a5f8d07c7a75388db13258cc6d39854.webp",".webp","79708"
"4a7fabef0146a3cbf55b7f73f299f220.jpg",".jpg","196905"
"4a7fabef0146a3cbf55b7f73f299f220.pdf",".pdf","355520"
"4a7fabef0146a3cbf55b7f73f299f220.webp",".webp","55612"
"4ab18c36122f1e867125de15da6675e4.jpg",".jpg","363501"
"4ab18c36122f1e867125de15da6675e4.pdf",".pdf","322756"
"4ab18c36122f1e867125de15da6675e4.webp",".webp","89892"
"4ab3eaed5c6bb3c39648b3c2ce955768.jpg",".jpg","177422"
"4ab3eaed5c6bb3c39648b3c2ce955768.pdf",".pdf","9908135"
"4ab3eaed5c6bb3c39648b3c2ce955768.webp",".webp","34262"
"4ad983b1d9e75986324da583d3e6e955.jpg",".jpg","336109"
"4ad983b1d9e75986324da583d3e6e955.pdf",".pdf","20803113"
"4ad983b1d9e75986324da583d3e6e955.webp",".webp","81268"
"4b1de9a514a76f1c07d1a00fd28f28ae.jpg",".jpg","246852"
"4b1de9a514a76f1c07d1a00fd28f28ae.pdf",".pdf","443690"
"4b1de9a514a76f1c07d1a00fd28f28ae.webp",".webp","68718"
"4b319f960fab65fb9d04c94e22b6a3a5.jpg",".jpg","190380"
"4b319f960fab65fb9d04c94e22b6a3a5.pdf",".pdf","311054"
"4b319f960fab65fb9d04c94e22b6a3a5.webp",".webp","41704"
"4b37fd3d1cc071cdb85947225b2e3ff9.jpg",".jpg","346782"
"4b37fd3d1cc071cdb85947225b2e3ff9.pdf",".pdf","442086"
"4b37fd3d1cc071cdb85947225b2e3ff9.webp",".webp","100642"
"4b4a0cde8acf3a5a0ffd96a277ebe169.jpg",".jpg","214897"
"4b4a0cde8acf3a5a0ffd96a277ebe169.pdf",".pdf","1387407"
"4b4a0cde8acf3a5a0ffd96a277ebe169.webp",".webp","32410"
"4b863cddff7de4edac58e5de623d6886.jpg",".jpg","214265"
"4b863cddff7de4edac58e5de623d6886.pdf",".pdf","541409"
"4b863cddff7de4edac58e5de623d6886.webp",".webp","50106"
"4b978327fc237c4762a10f129945dbc8.jpg",".jpg","213779"
"4b978327fc237c4762a10f129945dbc8.pdf",".pdf","1347890"
"4b978327fc237c4762a10f129945dbc8.webp",".webp","56490"
"4bc26f0dcfdb111cd4b557aa5a4a69bd.jpg",".jpg","271533"
"4bc26f0dcfdb111cd4b557aa5a4a69bd.pdf",".pdf","145480498"
"4bc26f0dcfdb111cd4b557aa5a4a69bd.webp",".webp","32622"
"4c5f5fe09edf883779ff9bb44145c08a.jpg",".jpg","275275"
"4c5f5fe09edf883779ff9bb44145c08a.pdf",".pdf","267366"
"4c5f5fe09edf883779ff9bb44145c08a.webp",".webp","80976"
"4cb3372f96a5019d764376cedd949412.jpg",".jpg","334725"
"4cb3372f96a5019d764376cedd949412.pdf",".pdf","34337336"
"4cb3372f96a5019d764376cedd949412.webp",".webp","45332"
"4d137e71a263e5fb4dc0d59fedfea2db.jpg",".jpg","270463"
"4d137e71a263e5fb4dc0d59fedfea2db.pdf",".pdf","530779"
"4d137e71a263e5fb4dc0d59fedfea2db.webp",".webp","81200"
"4d592869d18dcd1d45aebb00faafd943.jpg",".jpg","188240"
"4d592869d18dcd1d45aebb00faafd943.pdf",".pdf","216857"
"4d592869d18dcd1d45aebb00faafd943.webp",".webp","49130"
"4dbcb50d900d232c7c1cabd0a865184c.jpg",".jpg","246682"
"4dbcb50d900d232c7c1cabd0a865184c.webp",".webp","56898"
"4dbcb50d900d232c7c1cabd0a865184c.zip",".zip","23457425"
"4de353d2c37a8d30598d005709ab2af3.jpg",".jpg","211200"
"4de353d2c37a8d30598d005709ab2af3.pdf",".pdf","109971527"
"4de353d2c37a8d30598d005709ab2af3.webp",".webp","33296"
"4e04cfc1548959eeaf378db64b53b3d2.jpg",".jpg","249083"
"4e04cfc1548959eeaf378db64b53b3d2.pdf",".pdf","14657631"
"4e04cfc1548959eeaf378db64b53b3d2.webp",".webp","32560"
"4e26178c72d45b626c2c9814f7dfa6b6.jpg",".jpg","274991"
"4e26178c72d45b626c2c9814f7dfa6b6.pdf",".pdf","25938817"
"4e26178c72d45b626c2c9814f7dfa6b6.webp",".webp","48214"
"4f258aab2c194da48922075b4114c803.jpg",".jpg","271740"
"4f258aab2c194da48922075b4114c803.pdf",".pdf","1305037"
"4f258aab2c194da48922075b4114c803.webp",".webp","69758"
"4f3c5820f6140fd40efd7773d7eea85d.jpg",".jpg","302644"
"4f3c5820f6140fd40efd7773d7eea85d.pdf",".pdf","480863"
"4f3c5820f6140fd40efd7773d7eea85d.webp",".webp","77538"
"4f951d10a5466f4a9e2f425b7856e6ba.jpg",".jpg","206097"
"4f951d10a5466f4a9e2f425b7856e6ba.pdf",".pdf","1856053"
"4f951d10a5466f4a9e2f425b7856e6ba.webp",".webp","27234"
"505c3b1c51804b6347863acf2fb0a0ef.jpg",".jpg","257036"
"505c3b1c51804b6347863acf2fb0a0ef.pdf",".pdf","23982615"
"505c3b1c51804b6347863acf2fb0a0ef.webp",".webp","34398"
"50a9ce76b982a4e60bc9d9bb74b1bd98.jpg",".jpg","238645"
"50a9ce76b982a4e60bc9d9bb74b1bd98.pdf",".pdf","1195981"
"50a9ce76b982a4e60bc9d9bb74b1bd98.webp",".webp","60976"
"510b6f23d13c96e1720a74916203954e.jpg",".jpg","168083"
"510b6f23d13c96e1720a74916203954e.pdf",".pdf","17218531"
"510b6f23d13c96e1720a74916203954e.webp",".webp","21774"
"511ef3cda6181ff7f4279d5e1d100351.jpg",".jpg","241601"
"511ef3cda6181ff7f4279d5e1d100351.pdf",".pdf","36741897"
"511ef3cda6181ff7f4279d5e1d100351.webp",".webp","29170"
"51373c7c8db539916565052b147b0278.jpg",".jpg","220739"
"51373c7c8db539916565052b147b0278.webp",".webp","50240"
"51373c7c8db539916565052b147b0278.zip",".zip","12503372"
"5196f44cdd8097106aa7aeb384fd1cd5.jpg",".jpg","249088"
"5196f44cdd8097106aa7aeb384fd1cd5.pdf",".pdf","1723620"
"5196f44cdd8097106aa7aeb384fd1cd5.webp",".webp","70354"
"51a645280ae361ae78392ebbfbdaa37c.jpg",".jpg","325635"
"51a645280ae361ae78392ebbfbdaa37c.pdf",".pdf","13200016"
"51a645280ae361ae78392ebbfbdaa37c.webp",".webp","39712"
"51ed902f14799a78e3389914eff93ecf.jpg",".jpg","359167"
"51ed902f14799a78e3389914eff93ecf.pdf",".pdf","1082691"
"51ed902f14799a78e3389914eff93ecf.webp",".webp","77500"
"524868387fdc7521e6507563e7d7f511.jpg",".jpg","219633"
"524868387fdc7521e6507563e7d7f511.pdf",".pdf","42819833"
"524868387fdc7521e6507563e7d7f511.webp",".webp","29640"
"526d3407d543c60ccd90ada0964d76ee.jpg",".jpg","295466"
"526d3407d543c60ccd90ada0964d76ee.pdf",".pdf","144514149"
"526d3407d543c60ccd90ada0964d76ee.webp",".webp","31910"
"529f3db73946e885a41fd5cf2a8ef1a9.jpg",".jpg","226920"
"529f3db73946e885a41fd5cf2a8ef1a9.pdf",".pdf","239149"
"529f3db73946e885a41fd5cf2a8ef1a9.webp",".webp","64256"
"52c186e906a773c9145f3230d1006b4f.jpg",".jpg","225732"
"52c186e906a773c9145f3230d1006b4f.pdf",".pdf","31197546"
"52c186e906a773c9145f3230d1006b4f.webp",".webp","32136"
"5334ec9d5b350e917bb7013a8993700e.jpg",".jpg","118412"
"5334ec9d5b350e917bb7013a8993700e.pdf",".pdf","249074"
"5334ec9d5b350e917bb7013a8993700e.webp",".webp","48002"
"538967badbec1367ef14eb73b55b4be6.jpg",".jpg","474604"
"538967badbec1367ef14eb73b55b4be6.pdf",".pdf","18090775"
"538967badbec1367ef14eb73b55b4be6.webp",".webp","72338"
"5396e74a1ed7760a34049b43b8652ea9.jpg",".jpg","230304"
"5396e74a1ed7760a34049b43b8652ea9.webp",".webp","53934"
"5396e74a1ed7760a34049b43b8652ea9.zip",".zip","25093797"
"539b14edce7dc6e9d065672c903bddb5.jpg",".jpg","344938"
"539b14edce7dc6e9d065672c903bddb5.pdf",".pdf","391332"
"539b14edce7dc6e9d065672c903bddb5.webp",".webp","82320"
"5497890868385a5ef3b428f552856bfd.jpg",".jpg","312881"
"5497890868385a5ef3b428f552856bfd.pdf",".pdf","392718"
"5497890868385a5ef3b428f552856bfd.webp",".webp","80442"
"549bd5295685a240c4eae6ea37948884.jpg",".jpg","294506"
"549bd5295685a240c4eae6ea37948884.pdf",".pdf","28549000"
"549bd5295685a240c4eae6ea37948884.webp",".webp","29636"
"54ea0e5a92fe6b708caedf213efd18f3.jpg",".jpg","269041"
"54ea0e5a92fe6b708caedf213efd18f3.pdf",".pdf","10346428"
"54ea0e5a92fe6b708caedf213efd18f3.webp",".webp","34678"
"54ed72b53165a9a0441bc4fe3fdff917.jpg",".jpg","210082"
"54ed72b53165a9a0441bc4fe3fdff917.pdf",".pdf","81851333"
"54ed72b53165a9a0441bc4fe3fdff917.webp",".webp","22396"
"55141a6846dc91c58166ef65264bc454.jpg",".jpg","301370"
"55141a6846dc91c58166ef65264bc454.pdf",".pdf","406780"
"55141a6846dc91c58166ef65264bc454.webp",".webp","64636"
"565f891227971538959c85ae716caa11.jpg",".jpg","394641"
"565f891227971538959c85ae716caa11.pdf",".pdf","2006049"
"565f891227971538959c85ae716caa11.webp",".webp","109470"
"56d92229ba8b7923c6fa8a7bfc141987.jpg",".jpg","319392"
"56d92229ba8b7923c6fa8a7bfc141987.pdf",".pdf","1537113"
"56d92229ba8b7923c6fa8a7bfc141987.webp",".webp","80506"
"57712e43199e5dadfb90c9b12ff10f77.jpg",".jpg","264676"
"57712e43199e5dadfb90c9b12ff10f77.pdf",".pdf","90524"
"57712e43199e5dadfb90c9b12ff10f77.webp",".webp","81096"
"5779d0f9490dc6b721b4c9eb101f2f21.jpg",".jpg","237982"
"5779d0f9490dc6b721b4c9eb101f2f21.pdf",".pdf","7847175"
"5779d0f9490dc6b721b4c9eb101f2f21.webp",".webp","42926"
"57ce6e0b892b257adfbe8e33eacac409.jpg",".jpg","340628"
"57ce6e0b892b257adfbe8e33eacac409.pdf",".pdf","3234899"
"57ce6e0b892b257adfbe8e33eacac409.webp",".webp","88606"
"582b782c0f607eff698f71cb2d274d11.jpg",".jpg","224502"
"582b782c0f607eff698f71cb2d274d11.pdf",".pdf","103993926"
"582b782c0f607eff698f71cb2d274d11.webp",".webp","24694"
"584397f272ee33d11491cf78011abee2.jpg",".jpg","336050"
"584397f272ee33d11491cf78011abee2.pdf",".pdf","43617752"
"584397f272ee33d11491cf78011abee2.webp",".webp","46138"
"58b89e10c57425ce7cceb5dad17fde5b.jpg",".jpg","221431"
"58b89e10c57425ce7cceb5dad17fde5b.pdf",".pdf","45279615"
"58b89e10c57425ce7cceb5dad17fde5b.webp",".webp","26016"
"58c9352e1502381ddd98451f81d97cee.jpg",".jpg","225003"
"58c9352e1502381ddd98451f81d97cee.pdf",".pdf","1361930"
"58c9352e1502381ddd98451f81d97cee.webp",".webp","54424"
"58e52161ea2c5e72217a32ba92b5d720.jpg",".jpg","367978"
"58e52161ea2c5e72217a32ba92b5d720.pdf",".pdf","56865897"
"58e52161ea2c5e72217a32ba92b5d720.webp",".webp","27788"
"58e9726b5c5dab42a432b80a44c58caf.jpg",".jpg","128749"
"58e9726b5c5dab42a432b80a44c58caf.webp",".webp","40000"
"58e9726b5c5dab42a432b80a44c58caf.zip",".zip","5293706"
"58fc2a005247fa158a1d6853f02c4d7c.jpg",".jpg","235191"
"58fc2a005247fa158a1d6853f02c4d7c.pdf",".pdf","269540"
"58fc2a005247fa158a1d6853f02c4d7c.webp",".webp","68358"
"593b641d5fccc1fe406470e5df5c6390.jpg",".jpg","150268"
"593b641d5fccc1fe406470e5df5c6390.pdf",".pdf","153533136"
"593b641d5fccc1fe406470e5df5c6390.webp",".webp","20016"
"594ccc09741d4813d6075c73eaf80a88.jpg",".jpg","255153"
"594ccc09741d4813d6075c73eaf80a88.pdf",".pdf","3590094"
"594ccc09741d4813d6075c73eaf80a88.webp",".webp","69274"
"595794600e02df5d523f97c1f290ef68.jpg",".jpg","255969"
"595794600e02df5d523f97c1f290ef68.pdf",".pdf","486777197"
"595794600e02df5d523f97c1f290ef68.webp",".webp","23682"
"59e410412980f8f2a3639ee0390b043b.jpg",".jpg","213400"
"59e410412980f8f2a3639ee0390b043b.pdf",".pdf","484213"
"59e410412980f8f2a3639ee0390b043b.webp",".webp","64284"
"5a187acf5ba518bc81100a170602b15f.jpg",".jpg","211128"
"5a187acf5ba518bc81100a170602b15f.pdf",".pdf","123705"
"5a187acf5ba518bc81100a170602b15f.webp",".webp","53144"
"5a6058e26290543bdfce4481414585f7.jpg",".jpg","356036"
"5a6058e26290543bdfce4481414585f7.pdf",".pdf","10367936"
"5a6058e26290543bdfce4481414585f7.webp",".webp","42522"
"5a892bc808363343bba89974aef6c7bc.jpg",".jpg","392167"
"5a892bc808363343bba89974aef6c7bc.pdf",".pdf","2260287"
"5a892bc808363343bba89974aef6c7bc.webp",".webp","90752"
"5aa3b8f65d0cc1617f827035844b776c.jpg",".jpg","369312"
"5aa3b8f65d0cc1617f827035844b776c.pdf",".pdf","1551004"
"5aa3b8f65d0cc1617f827035844b776c.webp",".webp","100698"
"5aae01f0a98b3fc6d3d1b3ba807070e4.jpg",".jpg","197393"
"5aae01f0a98b3fc6d3d1b3ba807070e4.pdf",".pdf","19230298"
"5aae01f0a98b3fc6d3d1b3ba807070e4.webp",".webp","39396"
"5aaedeaa9eda35607f0c3c2b6e2ab5de.pdf",".pdf","346179"
"5b178c05b68a349b51d635c9a0e85a5e.jpg",".jpg","278609"
"5b178c05b68a349b51d635c9a0e85a5e.pdf",".pdf","879758"
"5b178c05b68a349b51d635c9a0e85a5e.webp",".webp","80278"
"5b66f9768d832eca6dae6a8c8457c69b.jpg",".jpg","265861"
"5b66f9768d832eca6dae6a8c8457c69b.pdf",".pdf","91635038"
"5b66f9768d832eca6dae6a8c8457c69b.webp",".webp","34134"
"5bffaf4ebcf2633173d9f47eab493b6a.jpg",".jpg","290569"
"5bffaf4ebcf2633173d9f47eab493b6a.pdf",".pdf","1153349"
"5bffaf4ebcf2633173d9f47eab493b6a.webp",".webp","79430"
"5c65e16cf9b0aa7164b0817835cfaa8f.jpg",".jpg","418831"
"5c65e16cf9b0aa7164b0817835cfaa8f.pdf",".pdf","13436009"
"5c65e16cf9b0aa7164b0817835cfaa8f.webp",".webp","110846"
"5c6ef55b4f53eb14152236b5170457cd.jpg",".jpg","347983"
"5c6ef55b4f53eb14152236b5170457cd.pdf",".pdf","187958"
"5c6ef55b4f53eb14152236b5170457cd.webp",".webp","98686"
"5c7887bf8e274f5af0bfe6fa92704ea9.jpg",".jpg","208965"
"5c7887bf8e274f5af0bfe6fa92704ea9.pdf",".pdf","748166"
"5c7887bf8e274f5af0bfe6fa92704ea9.webp",".webp","54344"
"5c80c18e8835ed7dea88c36d1b80053c.jpg",".jpg","250220"
"5c80c18e8835ed7dea88c36d1b80053c.pdf",".pdf","6961106"
"5c80c18e8835ed7dea88c36d1b80053c.webp",".webp","56430"
"5ca1733016a1308723460dc7305a0f22.jpg",".jpg","260862"
"5ca1733016a1308723460dc7305a0f22.pdf",".pdf","5011854"
"5ca1733016a1308723460dc7305a0f22.webp",".webp","67478"
"5ccbc9edacc22f7dd8ed72d8874a97d5.jpg",".jpg","130227"
"5ccbc9edacc22f7dd8ed72d8874a97d5.pdf",".pdf","1140881"
"5ccbc9edacc22f7dd8ed72d8874a97d5.webp",".webp","22838"
"5d03a7496666f9bb241b73c28fa527a0.jpg",".jpg","205546"
"5d03a7496666f9bb241b73c28fa527a0.pdf",".pdf","7570742"
"5d03a7496666f9bb241b73c28fa527a0.webp",".webp","30302"
"5d3d7be09e4842ca74fb739cbd2e5687.jpg",".jpg","325879"
"5d3d7be09e4842ca74fb739cbd2e5687.pdf",".pdf","20047552"
"5d3d7be09e4842ca74fb739cbd2e5687.webp",".webp","48114"
"5d5caffb7c7eea9225a62e2955ab707b.jpg",".jpg","281438"
"5d5caffb7c7eea9225a62e2955ab707b.pdf",".pdf","74891"
"5d5caffb7c7eea9225a62e2955ab707b.webp",".webp","26182"
"5dab91b7ae8dc15c88042fbbbe11ce7d.jpg",".jpg","445913"
"5dab91b7ae8dc15c88042fbbbe11ce7d.pdf",".pdf","183297669"
"5dab91b7ae8dc15c88042fbbbe11ce7d.webp",".webp","53618"
"5e49851c2f6e58e1467ce774a7641b75.jpg",".jpg","236835"
"5e49851c2f6e58e1467ce774a7641b75.pdf",".pdf","1429649"
"5e49851c2f6e58e1467ce774a7641b75.webp",".webp","67142"
"5e530fd263a793a85e84014ca37c148d.jpg",".jpg","222663"
"5e530fd263a793a85e84014ca37c148d.pdf",".pdf","174363"
"5e530fd263a793a85e84014ca37c148d.webp",".webp","62054"
"5e5d1804694f091e2f77b557cbaebb8b.jpg",".jpg","246893"
"5e5d1804694f091e2f77b557cbaebb8b.pdf",".pdf","1025115"
"5e5d1804694f091e2f77b557cbaebb8b.webp",".webp","71160"
"5e8a15d1410d9831b6c93c8b62e387bb.jpg",".jpg","156305"
"5e8a15d1410d9831b6c93c8b62e387bb.pdf",".pdf","57543304"
"5e8a15d1410d9831b6c93c8b62e387bb.webp",".webp","25760"
"5e8aea2dd9b1f80e2f173121a58766c3.jpg",".jpg","242053"
"5e8aea2dd9b1f80e2f173121a58766c3.pdf",".pdf","648491"
"5e8aea2dd9b1f80e2f173121a58766c3.webp",".webp","66236"
"5ebbe4b167d7e2063f25b962d2bb772a.jpg",".jpg","287147"
"5ebbe4b167d7e2063f25b962d2bb772a.pdf",".pdf","366170"
"5ebbe4b167d7e2063f25b962d2bb772a.webp",".webp","77828"
"5ec9f1582594754fcd07951a160fffe9.jpg",".jpg","315920"
"5ec9f1582594754fcd07951a160fffe9.pdf",".pdf","58652441"
"5ec9f1582594754fcd07951a160fffe9.webp",".webp","43578"
"5edefa4dee186e0e25de5b6012f4655f.jpg",".jpg","353645"
"5edefa4dee186e0e25de5b6012f4655f.pdf",".pdf","18619899"
"5edefa4dee186e0e25de5b6012f4655f.webp",".webp","43368"
"5f3f621f3994da4681d33f0045e3cf55.jpg",".jpg","185265"
"5f3f621f3994da4681d33f0045e3cf55.webp",".webp","41440"
"5f3f621f3994da4681d33f0045e3cf55.zip",".zip","6706994"
"5fa1b8c8638b050f24cb3b9d06fde606.jpg",".jpg","222321"
"5fa1b8c8638b050f24cb3b9d06fde606.pdf",".pdf","391760"
"5fa1b8c8638b050f24cb3b9d06fde606.webp",".webp","63554"
"5fc43cb745c14415890cde51f7772125.jpg",".jpg","242178"
"5fc43cb745c14415890cde51f7772125.pdf",".pdf","19352840"
"5fc43cb745c14415890cde51f7772125.webp",".webp","28336"
"5fc91cf3d553f4ab28ae5fc77ff7054b.jpg",".jpg","268778"
"5fc91cf3d553f4ab28ae5fc77ff7054b.pdf",".pdf","94655"
"5fc91cf3d553f4ab28ae5fc77ff7054b.webp",".webp","81888"
"5fd9015be63336c2d8ae43c5d04edee6.jpg",".jpg","238618"
"5fd9015be63336c2d8ae43c5d04edee6.pdf",".pdf","1220778"
"5fd9015be63336c2d8ae43c5d04edee6.webp",".webp","66300"
"600a47858f280bae6a4d52792a07ed60.jpg",".jpg","148028"
"600a47858f280bae6a4d52792a07ed60.pdf",".pdf","8772125"
"600a47858f280bae6a4d52792a07ed60.webp",".webp","22796"
"608796717ad01ff3fe7524a1e146c4f3.jpg",".jpg","227388"
"608796717ad01ff3fe7524a1e146c4f3.pdf",".pdf","446987"
"608796717ad01ff3fe7524a1e146c4f3.webp",".webp","59004"
"60d948647e7c2e9d5b7c41807a2680e6.jpg",".jpg","370646"
"60d948647e7c2e9d5b7c41807a2680e6.pdf",".pdf","125159075"
"60d948647e7c2e9d5b7c41807a2680e6.webp",".webp","38946"
"60e05985b7edcf14438897910f7b5311.jpg",".jpg","343605"
"60e05985b7edcf14438897910f7b5311.pdf",".pdf","2572438"
"60e05985b7edcf14438897910f7b5311.webp",".webp","91086"
"610f8620aac14b1653849f1a6245f714.jpg",".jpg","264568"
"610f8620aac14b1653849f1a6245f714.pdf",".pdf","10404471"
"610f8620aac14b1653849f1a6245f714.webp",".webp","54774"
"61745579b3d637297365d02e5aa2d033.jpg",".jpg","283981"
"61745579b3d637297365d02e5aa2d033.pdf",".pdf","301317"
"61745579b3d637297365d02e5aa2d033.webp",".webp","85674"
"61bd97d49d98933c3fbfe16c171a8a9b.jpg",".jpg","289749"
"61bd97d49d98933c3fbfe16c171a8a9b.pdf",".pdf","407917"
"61bd97d49d98933c3fbfe16c171a8a9b.webp",".webp","77396"
"61e9c6d116a264c943cda80d6c601746.jpg",".jpg","251385"
"61e9c6d116a264c943cda80d6c601746.pdf",".pdf","184915"
"61e9c6d116a264c943cda80d6c601746.webp",".webp","68868"
"61ee05b66725c2a4ee4fe663816fa1c8.jpg",".jpg","228151"
"61ee05b66725c2a4ee4fe663816fa1c8.pdf",".pdf","698884"
"61ee05b66725c2a4ee4fe663816fa1c8.webp",".webp","59714"
"61ef5f264d6377e757aa7f3dca23ad4a.jpg",".jpg","154381"
"61ef5f264d6377e757aa7f3dca23ad4a.pdf",".pdf","248383"
"61ef5f264d6377e757aa7f3dca23ad4a.webp",".webp","40134"
"624b59063fed6ebc6333e56da0189fe3.jpg",".jpg","278161"
"624b59063fed6ebc6333e56da0189fe3.pdf",".pdf","776171"
"624b59063fed6ebc6333e56da0189fe3.webp",".webp","68536"
"62b43f8fbed2bb3087f2afc96fd89b0f.jpg",".jpg","327589"
"62b43f8fbed2bb3087f2afc96fd89b0f.webp",".webp","75276"
"62b43f8fbed2bb3087f2afc96fd89b0f.zip",".zip","11713520"
"62d8ab20ac19daa09ad453dd252b80c3.jpg",".jpg","411139"
"62d8ab20ac19daa09ad453dd252b80c3.pdf",".pdf","13268894"
"62d8ab20ac19daa09ad453dd252b80c3.webp",".webp","28496"
"63797e5c1ea71cdf19976d17188d1bca.jpg",".jpg","333661"
"63797e5c1ea71cdf19976d17188d1bca.pdf",".pdf","19302522"
"63797e5c1ea71cdf19976d17188d1bca.webp",".webp","91592"
"63bd0149d510dfc3e6f9b5d3cab094c2.jpg",".jpg","449784"
"63bd0149d510dfc3e6f9b5d3cab094c2.pdf",".pdf","127068"
"63bd0149d510dfc3e6f9b5d3cab094c2.webp",".webp","130160"
"63c65e80c610bea44112378eb31fbae7.jpg",".jpg","371730"
"63c65e80c610bea44112378eb31fbae7.pdf",".pdf","6919329"
"63c65e80c610bea44112378eb31fbae7.webp",".webp","50136"
"63d0ebcedf57e19af60ecc00d7e75bc5.jpg",".jpg","135070"
"63d0ebcedf57e19af60ecc00d7e75bc5.pdf",".pdf","543675"
"63d0ebcedf57e19af60ecc00d7e75bc5.webp",".webp","50332"
"643349041f9bc8ab891db6fbb7e93a01.jpg",".jpg","187011"
"643349041f9bc8ab891db6fbb7e93a01.pdf",".pdf","6978524"
"643349041f9bc8ab891db6fbb7e93a01.webp",".webp","21430"
"647f88aa674a6b88125dccb66f4e806d.jpg",".jpg","232011"
"647f88aa674a6b88125dccb66f4e806d.pdf",".pdf","768876"
"647f88aa674a6b88125dccb66f4e806d.webp",".webp","64862"
"649199e8d1f1043b4655edd3f6e356b7.jpg",".jpg","324272"
"649199e8d1f1043b4655edd3f6e356b7.pdf",".pdf","453650"
"649199e8d1f1043b4655edd3f6e356b7.webp",".webp","90874"
"64a66d1b4c0f57e3992c9777a84977da.jpg",".jpg","223604"
"64a66d1b4c0f57e3992c9777a84977da.pdf",".pdf","6147524"
"64a66d1b4c0f57e3992c9777a84977da.webp",".webp","60800"
"64a89e198811c32bafd9ed4ae9b02a34.jpg",".jpg","338779"
"64a89e198811c32bafd9ed4ae9b02a34.pdf",".pdf","1661617"
"64a89e198811c32bafd9ed4ae9b02a34.webp",".webp","94336"
"64d0c66d05c2d888120cfefa1ba88699.jpg",".jpg","252012"
"64d0c66d05c2d888120cfefa1ba88699.pdf",".pdf","265222"
"64d0c66d05c2d888120cfefa1ba88699.webp",".webp","64896"
"6553ef6c0a2f2002dbc05728d08ead98.jpg",".jpg","379796"
"6553ef6c0a2f2002dbc05728d08ead98.pdf",".pdf","13182612"
"6553ef6c0a2f2002dbc05728d08ead98.webp",".webp","26718"
"65c367b3f7fe40375ebacdcc5b880b86.jpg",".jpg","185899"
"65c367b3f7fe40375ebacdcc5b880b86.pdf",".pdf","181799"
"65c367b3f7fe40375ebacdcc5b880b86.webp",".webp","48178"
"65c525d65939c5026df092f68a3cf2f4.jpg",".jpg","406433"
"65c525d65939c5026df092f68a3cf2f4.pdf",".pdf","23114026"
"65c525d65939c5026df092f68a3cf2f4.webp",".webp","49472"
"66336341da6b1951c43b0346a87c471c.jpg",".jpg","311584"
"66336341da6b1951c43b0346a87c471c.pdf",".pdf","1856090"
"66336341da6b1951c43b0346a87c471c.webp",".webp","70666"
"66b707867e24843c84d5937546007251.jpg",".jpg","296800"
"66b707867e24843c84d5937546007251.pdf",".pdf","366919"
"66b707867e24843c84d5937546007251.webp",".webp","74702"
"66d445a376309350d504a3fe35631216.jpg",".jpg","359069"
"66d445a376309350d504a3fe35631216.pdf",".pdf","2756147"
"66d445a376309350d504a3fe35631216.webp",".webp","98106"
"66e56d594c00ed32bb6e443b6a38b1b9.jpg",".jpg","288067"
"66e56d594c00ed32bb6e443b6a38b1b9.pdf",".pdf","406194"
"66e56d594c00ed32bb6e443b6a38b1b9.webp",".webp","68130"
"67b1ae01879c8d4ca862c4827c2aa31a.jpg",".jpg","238889"
"67b1ae01879c8d4ca862c4827c2aa31a.pdf",".pdf","64144811"
"67b1ae01879c8d4ca862c4827c2aa31a.webp",".webp","26922"
"680b6abcd0be13a2ea4acb1f31e21772.jpg",".jpg","329241"
"680b6abcd0be13a2ea4acb1f31e21772.pdf",".pdf","4554441"
"680b6abcd0be13a2ea4acb1f31e21772.webp",".webp","82492"
"68181ce07c6c99d18346384e3dbc0ecc.jpg",".jpg","291930"
"68181ce07c6c99d18346384e3dbc0ecc.pdf",".pdf","704200"
"68181ce07c6c99d18346384e3dbc0ecc.webp",".webp","74934"
"6853bfcf8719c895a15b8ed778a26789.jpg",".jpg","279007"
"6853bfcf8719c895a15b8ed778a26789.pdf",".pdf","17841061"
"6853bfcf8719c895a15b8ed778a26789.webp",".webp","39356"
"686ba1fb30d0a12f75512ad1e0863462.jpg",".jpg","329835"
"686ba1fb30d0a12f75512ad1e0863462.pdf",".pdf","36609394"
"686ba1fb30d0a12f75512ad1e0863462.webp",".webp","33866"
"68b6bc31e1817db6ed7ec5fd2b29493b.jpg",".jpg","275966"
"68b6bc31e1817db6ed7ec5fd2b29493b.pdf",".pdf","475539"
"68b6bc31e1817db6ed7ec5fd2b29493b.webp",".webp","71790"
"68ff12202da66861d0e4e9e3d63ac3f2.jpg",".jpg","257598"
"68ff12202da66861d0e4e9e3d63ac3f2.pdf",".pdf","349592"
"68ff12202da66861d0e4e9e3d63ac3f2.webp",".webp","64036"
"6955afa70111ebf6f5d9edd57261480b.jpg",".jpg","220459"
"6955afa70111ebf6f5d9edd57261480b.pdf",".pdf","334178"
"6955afa70111ebf6f5d9edd57261480b.webp",".webp","60192"
"6965c14c9f2c5e8a46568d44ec17dc92.jpg",".jpg","255813"
"6965c14c9f2c5e8a46568d44ec17dc92.pdf",".pdf","120720"
"6965c14c9f2c5e8a46568d44ec17dc92.webp",".webp","31468"
"69f2a8b9ada94b615ba5155a1f6966f7.jpg",".jpg","218203"
"69f2a8b9ada94b615ba5155a1f6966f7.pdf",".pdf","5585437"
"69f2a8b9ada94b615ba5155a1f6966f7.webp",".webp","50810"
"6a7c3b94a1ab6c903d2a324d2f824652.jpg",".jpg","257222"
"6a7c3b94a1ab6c903d2a324d2f824652.pdf",".pdf","13425799"
"6a7c3b94a1ab6c903d2a324d2f824652.webp",".webp","25480"
"6acf4e593a783205fbd4e56e4992a33d.jpg",".jpg","572617"
"6acf4e593a783205fbd4e56e4992a33d.pdf",".pdf","2745392"
"6acf4e593a783205fbd4e56e4992a33d.webp",".webp","151016"
"6af8ecd930215af20100ec582369bff1.jpg",".jpg","121697"
"6af8ecd930215af20100ec582369bff1.pdf",".pdf","337913"
"6af8ecd930215af20100ec582369bff1.webp",".webp","37048"
"6b34f7e70671dc91d384b263e4098571.jpg",".jpg","494837"
"6b34f7e70671dc91d384b263e4098571.pdf",".pdf","21195323"
"6b34f7e70671dc91d384b263e4098571.webp",".webp","42538"
"6b414c468d13550687e093a59726a017.jpg",".jpg","327002"
"6b414c468d13550687e093a59726a017.pdf",".pdf","50921752"
"6b414c468d13550687e093a59726a017.webp",".webp","30172"
"6b4d4d3391aa630caf11a765190c5d46.jpg",".jpg","205127"
"6b4d4d3391aa630caf11a765190c5d46.pdf",".pdf","337804"
"6b4d4d3391aa630caf11a765190c5d46.webp",".webp","55118"
"6b543d39fc640100521cf1b23e5ed8f5.jpg",".jpg","238918"
"6b543d39fc640100521cf1b23e5ed8f5.pdf",".pdf","402158"
"6b543d39fc640100521cf1b23e5ed8f5.webp",".webp","62342"
"6b5ddaf29b0b4f34eecb5dd1885c30e2.jpg",".jpg","153887"
"6b5ddaf29b0b4f34eecb5dd1885c30e2.pdf",".pdf","15355629"
"6b5ddaf29b0b4f34eecb5dd1885c30e2.webp",".webp","20422"
"6bbc3603f538776eca440e1a28bdca39.jpg",".jpg","370159"
"6bbc3603f538776eca440e1a28bdca39.pdf",".pdf","243445"
"6bbc3603f538776eca440e1a28bdca39.webp",".webp","105948"
"6bfdd11bd0d27919cd32343e1fbd6aa0.jpg",".jpg","169754"
"6bfdd11bd0d27919cd32343e1fbd6aa0.pdf",".pdf","4723379"
"6bfdd11bd0d27919cd32343e1fbd6aa0.webp",".webp","37744"
"6c3b5cdff39920fc1bac7bddd02f88cd.jpg",".jpg","474328"
"6c3b5cdff39920fc1bac7bddd02f88cd.webp",".webp","104468"
"6c3b5cdff39920fc1bac7bddd02f88cd.zip",".zip","26959913"
"6c843c331ba7e6956e6a1aeefd1107d3.jpg",".jpg","456305"
"6c843c331ba7e6956e6a1aeefd1107d3.pdf",".pdf","963502"
"6c843c331ba7e6956e6a1aeefd1107d3.webp",".webp","94892"
"6d0502c9dbeb66a80421869f3161aaef.jpg",".jpg","303200"
"6d0502c9dbeb66a80421869f3161aaef.pdf",".pdf","81075472"
"6d0502c9dbeb66a80421869f3161aaef.webp",".webp","44292"
"6d57e917432f1820f038cf005f69b42e.jpg",".jpg","283596"
"6d57e917432f1820f038cf005f69b42e.pdf",".pdf","688491"
"6d57e917432f1820f038cf005f69b42e.webp",".webp","85542"
"6d76d024cf3ce6ecd6c4a2ce5f59043f.jpg",".jpg","223493"
"6d76d024cf3ce6ecd6c4a2ce5f59043f.pdf",".pdf","10758639"
"6d76d024cf3ce6ecd6c4a2ce5f59043f.webp",".webp","30656"
"6d7a3ce447f1b9f75b8bfee6e98275f7.jpg",".jpg","96437"
"6d7a3ce447f1b9f75b8bfee6e98275f7.pdf",".pdf","29317635"
"6d7a3ce447f1b9f75b8bfee6e98275f7.webp",".webp","16734"
"6d81401d14d04c9ca018705b5b91c0e4.jpg",".jpg","326756"
"6d81401d14d04c9ca018705b5b91c0e4.pdf",".pdf","247150"
"6d81401d14d04c9ca018705b5b91c0e4.webp",".webp","97816"
"6ea87e3d5ff76bd43d6ba16d376956cb.jpg",".jpg","292040"
"6ea87e3d5ff76bd43d6ba16d376956cb.pdf",".pdf","30036655"
"6ea87e3d5ff76bd43d6ba16d376956cb.webp",".webp","28340"
"6ede300e49c07cfa650f4c920d7eb049.jpg",".jpg","318328"
"6ede300e49c07cfa650f4c920d7eb049.pdf",".pdf","26388592"
"6ede300e49c07cfa650f4c920d7eb049.webp",".webp","40310"
"6ee1d0b5b0a762313d88f360ed0c4c86.jpg",".jpg","363406"
"6ee1d0b5b0a762313d88f360ed0c4c86.pdf",".pdf","1876660"
"6ee1d0b5b0a762313d88f360ed0c4c86.webp",".webp","90810"
"6ef616ee85a3fa0ede059fb535ab7c69.jpg",".jpg","210161"
"6ef616ee85a3fa0ede059fb535ab7c69.pdf",".pdf","27479"
"6ef616ee85a3fa0ede059fb535ab7c69.webp",".webp","54544"
"6f4cdeffc566b665417a66b3e1255dd1.jpg",".jpg","232128"
"6f4cdeffc566b665417a66b3e1255dd1.pdf",".pdf","57380693"
"6f4cdeffc566b665417a66b3e1255dd1.webp",".webp","43070"
"709413e17d8e3a28849c057b656a4db1.jpg",".jpg","232011"
"709413e17d8e3a28849c057b656a4db1.pdf",".pdf","738855"
"709413e17d8e3a28849c057b656a4db1.webp",".webp","64862"
"70d1c6f8204a84c7c95de42c21c9ebb7.jpg",".jpg","143917"
"70d1c6f8204a84c7c95de42c21c9ebb7.webp",".webp","42748"
"70d1c6f8204a84c7c95de42c21c9ebb7.zip",".zip","5771424"
"7102f1e80a9412da63fe7383e6093201.jpg",".jpg","336181"
"7102f1e80a9412da63fe7383e6093201.pdf",".pdf","38918678"
"7102f1e80a9412da63fe7383e6093201.webp",".webp","39818"
"71acf7a30fef4ff0e62238ee9a8ea71c.jpg",".jpg","187803"
"71acf7a30fef4ff0e62238ee9a8ea71c.pdf",".pdf","31704976"
"71acf7a30fef4ff0e62238ee9a8ea71c.webp",".webp","28844"
"71c1698db0a1bd3dcdbdac36a83c6d17.jpg",".jpg","490630"
"71c1698db0a1bd3dcdbdac36a83c6d17.webp",".webp","52482"
"724d7b3192836b01e99f33c45a405c42.jpg",".jpg","170921"
"724d7b3192836b01e99f33c45a405c42.pdf",".pdf","66443829"
"724d7b3192836b01e99f33c45a405c42.webp",".webp","27118"
"726471bd31ef01df1c4d797b7402ef0c.jpg",".jpg","175186"
"726471bd31ef01df1c4d797b7402ef0c.pdf",".pdf","10584383"
"726471bd31ef01df1c4d797b7402ef0c.webp",".webp","31100"
"7282f03d043e8251bb566a85ce077cc8.jpg",".jpg","309370"
"7282f03d043e8251bb566a85ce077cc8.pdf",".pdf","52129663"
"7282f03d043e8251bb566a85ce077cc8.webp",".webp","36074"
"729413265d89ee6947b9cc1c4de01a13.jpg",".jpg","181111"
"729413265d89ee6947b9cc1c4de01a13.pdf",".pdf","25578410"
"729413265d89ee6947b9cc1c4de01a13.webp",".webp","33446"
"72a0594cdec6bd1632b74db7c5fd412a.jpg",".jpg","183884"
"72a0594cdec6bd1632b74db7c5fd412a.pdf",".pdf","24698694"
"72a0594cdec6bd1632b74db7c5fd412a.webp",".webp","25772"
"72ac9f31d5e355a12a8ac2e509df0716.jpg",".jpg","290288"
"72ac9f31d5e355a12a8ac2e509df0716.pdf",".pdf","1546695"
"72ac9f31d5e355a12a8ac2e509df0716.webp",".webp","82406"
"72dd4a27ff3c8cf563d64b873782f4a7.jpg",".jpg","142187"
"72dd4a27ff3c8cf563d64b873782f4a7.webp",".webp","41064"
"72dd4a27ff3c8cf563d64b873782f4a7.zip",".zip","31417660"
"72eeab41124312cbc48cdf472fe4af92.jpg",".jpg","254186"
"72eeab41124312cbc48cdf472fe4af92.pdf",".pdf","402059"
"72eeab41124312cbc48cdf472fe4af92.webp",".webp","69048"
"7312960d0fb110104ea01347f30cc98a.jpg",".jpg","233923"
"7312960d0fb110104ea01347f30cc98a.pdf",".pdf","31133896"
"7312960d0fb110104ea01347f30cc98a.webp",".webp","32978"
"73d0650149567420e51a7bc4bee11070.jpg",".jpg","227078"
"73d0650149567420e51a7bc4bee11070.pdf",".pdf","53521"
"73d0650149567420e51a7bc4bee11070.webp",".webp","66152"
"74227d671578746fdadceddc4133795c.jpg",".jpg","157342"
"74227d671578746fdadceddc4133795c.pdf",".pdf","200563"
"74227d671578746fdadceddc4133795c.webp",".webp","32106"
"748127d0968d81074a9997c3f647fe31.jpg",".jpg","277591"
"748127d0968d81074a9997c3f647fe31.pdf",".pdf","1401996"
"748127d0968d81074a9997c3f647fe31.webp",".webp","80064"
"74cffc5d45f6d4c71fed0ec96ff17d9d.jpg",".jpg","228165"
"74cffc5d45f6d4c71fed0ec96ff17d9d.pdf",".pdf","51759501"
"74cffc5d45f6d4c71fed0ec96ff17d9d.webp",".webp","32184"
"74f0afc01b138d14cc7bf1760f35b5b0.jpg",".jpg","205709"
"74f0afc01b138d14cc7bf1760f35b5b0.pdf",".pdf","442799"
"74f0afc01b138d14cc7bf1760f35b5b0.webp",".webp","54650"
"75225494d0068fc5e2a5edca95fbce5b.jpg",".jpg","213334"
"75225494d0068fc5e2a5edca95fbce5b.pdf",".pdf","288852"
"75225494d0068fc5e2a5edca95fbce5b.webp",".webp","55846"
"753c36d141148b2354d58ec8e6875b7b.jpg",".jpg","267403"
"753c36d141148b2354d58ec8e6875b7b.pdf",".pdf","5236940"
"753c36d141148b2354d58ec8e6875b7b.webp",".webp","51958"
"75981d9ead01d55781b98b30f700990e.jpg",".jpg","253875"
"75981d9ead01d55781b98b30f700990e.pdf",".pdf","867827"
"75981d9ead01d55781b98b30f700990e.webp",".webp","70088"
"75d6005de169698c1b13d8572fc213f3.jpg",".jpg","246648"
"75d6005de169698c1b13d8572fc213f3.pdf",".pdf","36679021"
"75d6005de169698c1b13d8572fc213f3.webp",".webp","29452"
"75dbcdf6e6c8977db3c413db21111e53.jpg",".jpg","346475"
"75dbcdf6e6c8977db3c413db21111e53.pdf",".pdf","1055019"
"75dbcdf6e6c8977db3c413db21111e53.webp",".webp","96398"
"75ea0387ac1bca1e4e6da8eea2b79d85.jpg",".jpg","318775"
"75ea0387ac1bca1e4e6da8eea2b79d85.pdf",".pdf","508166"
"75ea0387ac1bca1e4e6da8eea2b79d85.webp",".webp","89770"
"76253b363c57556b3feff5dd08303fc2.jpg",".jpg","276831"
"76253b363c57556b3feff5dd08303fc2.pdf",".pdf","406754"
"76253b363c57556b3feff5dd08303fc2.webp",".webp","74562"
"765a7d6a7da84cc3d60aa4b3b4bd29d2.jpg",".jpg","147746"
"765a7d6a7da84cc3d60aa4b3b4bd29d2.pdf",".pdf","11723380"
"765a7d6a7da84cc3d60aa4b3b4bd29d2.webp",".webp","19508"
"766020fc65e6453b1ff5b7dddf0119f6.jpg",".jpg","257207"
"766020fc65e6453b1ff5b7dddf0119f6.pdf",".pdf","4133151"
"766020fc65e6453b1ff5b7dddf0119f6.webp",".webp","35616"
"766d06603600be4f374d7c50e77bc6b0.jpg",".jpg","202783"
"766d06603600be4f374d7c50e77bc6b0.pdf",".pdf","521673"
"766d06603600be4f374d7c50e77bc6b0.webp",".webp","49632"
"76c44aa97e5bed26555c8aa01fae8d7f.jpg",".jpg","201649"
"76c44aa97e5bed26555c8aa01fae8d7f.pdf",".pdf","35052619"
"76c44aa97e5bed26555c8aa01fae8d7f.webp",".webp","22586"
"76d83e68d8891de51f2f496f282e1587.jpg",".jpg","289530"
"76d83e68d8891de51f2f496f282e1587.pdf",".pdf","527077"
"76d83e68d8891de51f2f496f282e1587.webp",".webp","85430"
"7711971c865b5d6d0b16755d5a0f2f94.jpg",".jpg","248650"
"7711971c865b5d6d0b16755d5a0f2f94.pdf",".pdf","1291375"
"7711971c865b5d6d0b16755d5a0f2f94.webp",".webp","66040"
"771995c8656d22539ceff5642b27c890.jpg",".jpg","102120"
"771995c8656d22539ceff5642b27c890.pdf",".pdf","32809754"
"771995c8656d22539ceff5642b27c890.webp",".webp","34884"
"775728545c5accedc63219fdc21b01ef.jpg",".jpg","425840"
"775728545c5accedc63219fdc21b01ef.pdf",".pdf","31280155"
"775728545c5accedc63219fdc21b01ef.webp",".webp","35276"
"77868b5758910626b8bd808a78a0f29c.jpg",".jpg","309764"
"77868b5758910626b8bd808a78a0f29c.pdf",".pdf","4028499"
"77868b5758910626b8bd808a78a0f29c.webp",".webp","44908"
"77cc3dc2ebdbebdaffee36cb07b32f8f.jpg",".jpg","350713"
"77cc3dc2ebdbebdaffee36cb07b32f8f.pdf",".pdf","31665304"
"77cc3dc2ebdbebdaffee36cb07b32f8f.webp",".webp","47900"
"77e6fa43e68530fff2b19f317ff369b6.jpg",".jpg","173823"
"77e6fa43e68530fff2b19f317ff369b6.pdf",".pdf","51481"
"77e6fa43e68530fff2b19f317ff369b6.webp",".webp","43888"
"78140c88bd3b442eb595f98be9d96a62.jpg",".jpg","187481"
"78140c88bd3b442eb595f98be9d96a62.pdf",".pdf","342713"
"78140c88bd3b442eb595f98be9d96a62.webp",".webp","28216"
"78399eddc546bd98a6b6a53cbbfde730.jpg",".jpg","229180"
"78399eddc546bd98a6b6a53cbbfde730.pdf",".pdf","21553299"
"78399eddc546bd98a6b6a53cbbfde730.webp",".webp","27720"
"7899d927e78a5ad1909a6587bd7cae47.jpg",".jpg","264329"
"7899d927e78a5ad1909a6587bd7cae47.pdf",".pdf","11434088"
"7899d927e78a5ad1909a6587bd7cae47.webp",".webp","59368"
"7925c1d2b3729b11548ecc73002b1190.jpg",".jpg","241056"
"7925c1d2b3729b11548ecc73002b1190.pdf",".pdf","503187"
"7925c1d2b3729b11548ecc73002b1190.webp",".webp","61960"
"79345623698768ef67197f8d0808df00.jpg",".jpg","248228"
"79345623698768ef67197f8d0808df00.pdf",".pdf","425149"
"79345623698768ef67197f8d0808df00.webp",".webp","73256"
"796edebdbf451bb56d61e87bf7603a8b.jpg",".jpg","503015"
"796edebdbf451bb56d61e87bf7603a8b.pdf",".pdf","67707224"
"796edebdbf451bb56d61e87bf7603a8b.webp",".webp","56508"
"7983d676bb595b6be4f8993f556a1d34.jpg",".jpg","313460"
"7983d676bb595b6be4f8993f556a1d34.pdf",".pdf","5051993"
"7983d676bb595b6be4f8993f556a1d34.webp",".webp","79942"
"79b3980e11156df9f87ada571f738cbc.jpg",".jpg","296151"
"79b3980e11156df9f87ada571f738cbc.pdf",".pdf","1624350"
"79b3980e11156df9f87ada571f738cbc.webp",".webp","75806"
"79b484ccd68629c24d81699dd8b2a00b.jpg",".jpg","339349"
"79b484ccd68629c24d81699dd8b2a00b.pdf",".pdf","272176"
"79b484ccd68629c24d81699dd8b2a00b.webp",".webp","94372"
"79e9c254a3ab6822d1df61a1f35f3611.jpg",".jpg","371709"
"79e9c254a3ab6822d1df61a1f35f3611.webp",".webp","81110"
"79e9c254a3ab6822d1df61a1f35f3611.zip",".zip","39221947"
"79f7363b487c31b1899510f1383402fb.jpg",".jpg","196535"
"79f7363b487c31b1899510f1383402fb.pdf",".pdf","5745344"
"79f7363b487c31b1899510f1383402fb.webp",".webp","22660"
"7a0aadf912008e0c1201f32772c97ce6.jpg",".jpg","280501"
"7a0aadf912008e0c1201f32772c97ce6.pdf",".pdf","3185275"
"7a0aadf912008e0c1201f32772c97ce6.webp",".webp","36776"
"7a60522f051ee295ed476ce8dbe44a75.jpg",".jpg","270552"
"7a60522f051ee295ed476ce8dbe44a75.pdf",".pdf","31019121"
"7a60522f051ee295ed476ce8dbe44a75.webp",".webp","36434"
"7ae047bceb859f2e742d6e871fb7db0b.jpg",".jpg","186088"
"7ae047bceb859f2e742d6e871fb7db0b.pdf",".pdf","212443"
"7ae047bceb859f2e742d6e871fb7db0b.webp",".webp","49786"
"7aff4b1404e3fc6125d47d998ed1582a.jpg",".jpg","231234"
"7aff4b1404e3fc6125d47d998ed1582a.pdf",".pdf","205227"
"7aff4b1404e3fc6125d47d998ed1582a.webp",".webp","58434"
"7b0bb8c0431de3b954bbcf0b4d6b2a81.jpg",".jpg","319088"
"7b0bb8c0431de3b954bbcf0b4d6b2a81.pdf",".pdf","483037"
"7b0bb8c0431de3b954bbcf0b4d6b2a81.webp",".webp","87532"
"7b192d220908c4cb6b9b4ed2b580b535.jpg",".jpg","229514"
"7b192d220908c4cb6b9b4ed2b580b535.pdf",".pdf","1293218"
"7b192d220908c4cb6b9b4ed2b580b535.webp",".webp","60352"
"7b299802e93ba4538dd9149910aa90a9.jpg",".jpg","266035"
"7b299802e93ba4538dd9149910aa90a9.webp",".webp","61400"
"7b299802e93ba4538dd9149910aa90a9.zip",".zip","21351264"
"7b4ca8302911023c5d9bcd513c0c64f3.jpg",".jpg","402261"
"7b4ca8302911023c5d9bcd513c0c64f3.pdf",".pdf","2473522"
"7b4ca8302911023c5d9bcd513c0c64f3.webp",".webp","94050"
"7b52d26c0120afc780633a535820504d.jpg",".jpg","215102"
"7b52d26c0120afc780633a535820504d.pdf",".pdf","183891046"
"7b52d26c0120afc780633a535820504d.webp",".webp","25528"
"7b586fedbe2d159f970e3e799962fd7f.jpg",".jpg","244901"
"7b586fedbe2d159f970e3e799962fd7f.pdf",".pdf","98918983"
"7b586fedbe2d159f970e3e799962fd7f.webp",".webp","27092"
"7b79b6c39c82de69a737f3b85f3d9c9d.jpg",".jpg","189962"
"7b79b6c39c82de69a737f3b85f3d9c9d.pdf",".pdf","84210183"
"7b79b6c39c82de69a737f3b85f3d9c9d.webp",".webp","22644"
"7bef67f3ee6e72811b72c889b85a528a.jpg",".jpg","299349"
"7bef67f3ee6e72811b72c889b85a528a.pdf",".pdf","95377993"
"7bef67f3ee6e72811b72c889b85a528a.webp",".webp","39616"
"7c117f0bb66f86b0298bab7a508f757d.jpg",".jpg","314342"
"7c117f0bb66f86b0298bab7a508f757d.pdf",".pdf","623328"
"7c117f0bb66f86b0298bab7a508f757d.webp",".webp","82608"
"7c4bee37a8e7c2e192adf7605ee08ad5.jpg",".jpg","174990"
"7c4bee37a8e7c2e192adf7605ee08ad5.pdf",".pdf","626038"
"7c4bee37a8e7c2e192adf7605ee08ad5.webp",".webp","52100"
"7c9e9fee84da21a422a14b148ecd71dd.jpg",".jpg","267095"
"7c9e9fee84da21a422a14b148ecd71dd.pdf",".pdf","190356"
"7c9e9fee84da21a422a14b148ecd71dd.webp",".webp","74988"
"7ca2f6efa0299f99aee464cfbd50f300.jpg",".jpg","157651"
"7ca2f6efa0299f99aee464cfbd50f300.pdf",".pdf","281126"
"7ca2f6efa0299f99aee464cfbd50f300.webp",".webp","40968"
"7cfb43402735b71cf97bfa1de00b91c8.jpg",".jpg","281451"
"7cfb43402735b71cf97bfa1de00b91c8.pdf",".pdf","1114556"
"7cfb43402735b71cf97bfa1de00b91c8.webp",".webp","67686"
"7d197ed619f211802af4762b073c673b.jpg",".jpg","280495"
"7d197ed619f211802af4762b073c673b.pdf",".pdf","213730249"
"7d197ed619f211802af4762b073c673b.webp",".webp","28342"
"7e056f3dffb0c93a194b410c493b265c.jpg",".jpg","283291"
"7e056f3dffb0c93a194b410c493b265c.pdf",".pdf","100451"
"7e056f3dffb0c93a194b410c493b265c.webp",".webp","84222"
"7e1b73ab2a862b6e78d5f406142040cf.jpg",".jpg","225273"
"7e1b73ab2a862b6e78d5f406142040cf.pdf",".pdf","2883035"
"7e1b73ab2a862b6e78d5f406142040cf.webp",".webp","66422"
"7e384ba8389c52cd619df765d547be09.jpg",".jpg","214887"
"7e384ba8389c52cd619df765d547be09.pdf",".pdf","76822271"
"7e384ba8389c52cd619df765d547be09.webp",".webp","36482"
"7e460141c042cca13776eb1560b4c95d.jpg",".jpg","256597"
"7e460141c042cca13776eb1560b4c95d.pdf",".pdf","187095"
"7e460141c042cca13776eb1560b4c95d.webp",".webp","75952"
"7e4cf3500c9039006a70e9c417ff7d16.jpg",".jpg","238098"
"7e4cf3500c9039006a70e9c417ff7d16.pdf",".pdf","102559353"
"7e4cf3500c9039006a70e9c417ff7d16.webp",".webp","40240"
"7fc9c42d6688357b7aef116fd01724fd.jpg",".jpg","198012"
"7fc9c42d6688357b7aef116fd01724fd.pdf",".pdf","4240079"
"7fc9c42d6688357b7aef116fd01724fd.webp",".webp","48158"
"801ba14d40990295cd84934263e93cde.jpg",".jpg","319630"
"801ba14d40990295cd84934263e93cde.pdf",".pdf","307995"
"801ba14d40990295cd84934263e93cde.webp",".webp","81428"
"8043c650511c02bfbd7fd6f49e07f273.jpg",".jpg","188625"
"8043c650511c02bfbd7fd6f49e07f273.pdf",".pdf","53898888"
"8043c650511c02bfbd7fd6f49e07f273.webp",".webp","22384"
"806aeedcfd98e68ef1f3b7aada092a45.jpg",".jpg","142033"
"806aeedcfd98e68ef1f3b7aada092a45.pdf",".pdf","518463"
"806aeedcfd98e68ef1f3b7aada092a45.webp",".webp","37762"
"80ad18c50efd11d10896b74639306666.jpg",".jpg","413226"
"80ad18c50efd11d10896b74639306666.pdf",".pdf","4118619"
"80ad18c50efd11d10896b74639306666.webp",".webp","120096"
"811ab5ebc29aee53c72e1f97e1a51b2d.jpg",".jpg","174087"
"811ab5ebc29aee53c72e1f97e1a51b2d.pdf",".pdf","7251993"
"811ab5ebc29aee53c72e1f97e1a51b2d.webp",".webp","25658"
"813583adfb5cdb9ba7f3a40255bafa10.jpg",".jpg","269273"
"813583adfb5cdb9ba7f3a40255bafa10.pdf",".pdf","331041"
"813583adfb5cdb9ba7f3a40255bafa10.webp",".webp","68110"
"81a5dda899ee9160da015dc46e1b8b52.jpg",".jpg","285126"
"81a5dda899ee9160da015dc46e1b8b52.pdf",".pdf","10410340"
"81a5dda899ee9160da015dc46e1b8b52.webp",".webp","65388"
"81acc5c8038547bcc15a77ad572188f7.jpg",".jpg","246613"
"81acc5c8038547bcc15a77ad572188f7.pdf",".pdf","76354481"
"81acc5c8038547bcc15a77ad572188f7.webp",".webp","31288"
"81bccd14d30f71157812a1786a9f7b2a.jpg",".jpg","211995"
"81bccd14d30f71157812a1786a9f7b2a.pdf",".pdf","607933"
"81bccd14d30f71157812a1786a9f7b2a.webp",".webp","62140"
"81da7d2fd263097d13fdbbd7bf0a81f8.jpg",".jpg","385508"
"81da7d2fd263097d13fdbbd7bf0a81f8.pdf",".pdf","821109"
"81da7d2fd263097d13fdbbd7bf0a81f8.webp",".webp","95260"
"82070039cb069541329ed51107715e9f.jpg",".jpg","184878"
"82070039cb069541329ed51107715e9f.pdf",".pdf","925382"
"82070039cb069541329ed51107715e9f.webp",".webp","46984"
"8386b1020dbd67ee3724ff01d76e6d84.jpg",".jpg","177738"
"8386b1020dbd67ee3724ff01d76e6d84.pdf",".pdf","2734355"
"8386b1020dbd67ee3724ff01d76e6d84.webp",".webp","42992"
"84491977293e9c000092c4e393663947.jpg",".jpg","557998"
"84491977293e9c000092c4e393663947.pdf",".pdf","9037959"
"84491977293e9c000092c4e393663947.webp",".webp","78414"
"8488d0877a40c1fc9ba958fb0d44a639.jpg",".jpg","422231"
"8488d0877a40c1fc9ba958fb0d44a639.pdf",".pdf","2803398"
"8488d0877a40c1fc9ba958fb0d44a639.webp",".webp","110200"
"84a841b7c585553f38e4332290d60fae.jpg",".jpg","201736"
"84a841b7c585553f38e4332290d60fae.pdf",".pdf","6178299"
"84a841b7c585553f38e4332290d60fae.webp",".webp","37852"
"84ba27bb384364c4f9128ea0c2a71aad.jpg",".jpg","213153"
"84ba27bb384364c4f9128ea0c2a71aad.pdf",".pdf","5111947"
"84ba27bb384364c4f9128ea0c2a71aad.webp",".webp","58498"
"860d8585ca9c1ddc997addcfb6d53dc6.jpg",".jpg","163460"
"860d8585ca9c1ddc997addcfb6d53dc6.pdf",".pdf","28272633"
"860d8585ca9c1ddc997addcfb6d53dc6.webp",".webp","23352"
"864132832321ba2054bb3fbf3c4bd950.jpg",".jpg","247640"
"864132832321ba2054bb3fbf3c4bd950.pdf",".pdf","26608852"
"864132832321ba2054bb3fbf3c4bd950.webp",".webp","32264"
"864ca7caef1fab5151a3f0e4e1460125.jpg",".jpg","228581"
"864ca7caef1fab5151a3f0e4e1460125.pdf",".pdf","2130918"
"864ca7caef1fab5151a3f0e4e1460125.webp",".webp","59252"
"867a1d3f70c20661ca55dbe388f1b531.jpg",".jpg","262564"
"867a1d3f70c20661ca55dbe388f1b531.pdf",".pdf","199273"
"867a1d3f70c20661ca55dbe388f1b531.webp",".webp","78682"
"86bb729ac1b51d3902303c729b4a4629.jpg",".jpg","119824"
"86bb729ac1b51d3902303c729b4a4629.pdf",".pdf","1025081"
"86bb729ac1b51d3902303c729b4a4629.webp",".webp","33766"
"86d4086945a3acef642cf7d0e1503b2b.jpg",".jpg","339622"
"86d4086945a3acef642cf7d0e1503b2b.pdf",".pdf","38057978"
"86d4086945a3acef642cf7d0e1503b2b.webp",".webp","40002"
"86d5702bbf1346f264c1b99e8dc6c9c5.jpg",".jpg","226575"
"86d5702bbf1346f264c1b99e8dc6c9c5.pdf",".pdf","13311941"
"86d5702bbf1346f264c1b99e8dc6c9c5.webp",".webp","33464"
"86e146d2397160d233fc1f919fa28e82.jpg",".jpg","247931"
"86e146d2397160d233fc1f919fa28e82.pdf",".pdf","30375337"
"86e146d2397160d233fc1f919fa28e82.webp",".webp","29554"
"86eec2bc96415c1254211ca8bf6b216b.jpg",".jpg","347640"
"86eec2bc96415c1254211ca8bf6b216b.pdf",".pdf","166133257"
"86eec2bc96415c1254211ca8bf6b216b.webp",".webp","45150"
"870f1ba8a9bcd671403d943078150fe2.jpg",".jpg","157378"
"870f1ba8a9bcd671403d943078150fe2.webp",".webp","36108"
"870f1ba8a9bcd671403d943078150fe2.zip",".zip","48794264"
"875f1a663b8c044fe1c1d3e7b9dde0fc.jpg",".jpg","260183"
"875f1a663b8c044fe1c1d3e7b9dde0fc.pdf",".pdf","267771207"
"875f1a663b8c044fe1c1d3e7b9dde0fc.webp",".webp","36496"
"877c0b45386a2b63e99841b1442e2b84.jpg",".jpg","216996"
"877c0b45386a2b63e99841b1442e2b84.pdf",".pdf","438630"
"877c0b45386a2b63e99841b1442e2b84.webp",".webp","59952"
"87b8af482dab12f3a107e238f74e68a2.jpg",".jpg","260388"
"87b8af482dab12f3a107e238f74e68a2.pdf",".pdf","989227"
"87b8af482dab12f3a107e238f74e68a2.webp",".webp","61680"
"87e0a3b832285e327712d3f7b7342976.jpg",".jpg","328282"
"87e0a3b832285e327712d3f7b7342976.pdf",".pdf","480524"
"87e0a3b832285e327712d3f7b7342976.webp",".webp","85860"
"87e7581a3a0d4520089d56344ee34b9f.jpg",".jpg","228294"
"87e7581a3a0d4520089d56344ee34b9f.pdf",".pdf","25231615"
"87e7581a3a0d4520089d56344ee34b9f.webp",".webp","29012"
"87f04b2ecc70eaf034c5a7ac8648201a.jpg",".jpg","190068"
"87f04b2ecc70eaf034c5a7ac8648201a.pdf",".pdf","38522950"
"87f04b2ecc70eaf034c5a7ac8648201a.webp",".webp","23312"
"883e94a4a2a0ebdce65bdff034d51e99.jpg",".jpg","252654"
"883e94a4a2a0ebdce65bdff034d51e99.pdf",".pdf","125088"
"883e94a4a2a0ebdce65bdff034d51e99.webp",".webp","72554"
"8853903287d58621391474f65450b928.jpg",".jpg","99885"
"8853903287d58621391474f65450b928.pdf",".pdf","11136129"
"8853903287d58621391474f65450b928.webp",".webp","27366"
"88824e85cbd66b40ac4bc3a53b05ed78.jpg",".jpg","137623"
"88824e85cbd66b40ac4bc3a53b05ed78.pdf",".pdf","40643894"
"88824e85cbd66b40ac4bc3a53b05ed78.webp",".webp","19074"
"88b7f2b519fe90765135dc0a70029880.jpg",".jpg","246315"
"88b7f2b519fe90765135dc0a70029880.pdf",".pdf","785493"
"88b7f2b519fe90765135dc0a70029880.webp",".webp","68438"
"88c05756e39da1936d8c6c964dea7350.jpg",".jpg","228170"
"88c05756e39da1936d8c6c964dea7350.pdf",".pdf","438748"
"88c05756e39da1936d8c6c964dea7350.webp",".webp","59774"
"88f2ac7ab736a755bedf388e92f43012.jpg",".jpg","444929"
"88f2ac7ab736a755bedf388e92f43012.pdf",".pdf","6141338"
"88f2ac7ab736a755bedf388e92f43012.webp",".webp","38716"
"893f48cacead4bd0e157bffbe9cd7a27.jpg",".jpg","210236"
"893f48cacead4bd0e157bffbe9cd7a27.pdf",".pdf","72287181"
"893f48cacead4bd0e157bffbe9cd7a27.webp",".webp","26756"
"89417972aadfa6b9c87785b25900207e.jpg",".jpg","350255"
"89417972aadfa6b9c87785b25900207e.pdf",".pdf","303514"
"89417972aadfa6b9c87785b25900207e.webp",".webp","98184"
"895a212bb94c98235af4d93627e08f0d.jpg",".jpg","230491"
"895a212bb94c98235af4d93627e08f0d.pdf",".pdf","5307098"
"895a212bb94c98235af4d93627e08f0d.webp",".webp","63122"
"8986bcea504b391963c325a0e43bdc59.jpg",".jpg","455654"
"8986bcea504b391963c325a0e43bdc59.pdf",".pdf","8597809"
"8986bcea504b391963c325a0e43bdc59.webp",".webp","92564"
"89c05d7717bf876abd175788b3ff4301.jpg",".jpg","158389"
"89c05d7717bf876abd175788b3ff4301.pdf",".pdf","158946"
"89c05d7717bf876abd175788b3ff4301.webp",".webp","40572"
"89caf72f6761f0240c589a88227f4d23.jpg",".jpg","267469"
"89caf72f6761f0240c589a88227f4d23.pdf",".pdf","150974368"
"89caf72f6761f0240c589a88227f4d23.webp",".webp","48358"
"89dfe2099705bf8deac1ac01662d8b97.jpg",".jpg","247249"
"89dfe2099705bf8deac1ac01662d8b97.webp",".webp","54966"
"89dfe2099705bf8deac1ac01662d8b97.zip",".zip","50191678"
"89f3abd4f1535d74e3535f866017a6dc.jpg",".jpg","253722"
"89f3abd4f1535d74e3535f866017a6dc.pdf",".pdf","1751810"
"89f3abd4f1535d74e3535f866017a6dc.webp",".webp","67936"
"8a0b6d5f8bfe10eeef83d55f11ef19e7.jpg",".jpg","275081"
"8a0b6d5f8bfe10eeef83d55f11ef19e7.pdf",".pdf","9008434"
"8a0b6d5f8bfe10eeef83d55f11ef19e7.webp",".webp","24064"
"8a19768604fc6ba326f5d68d62ced78f.jpg",".jpg","351956"
"8a19768604fc6ba326f5d68d62ced78f.pdf",".pdf","34013503"
"8a19768604fc6ba326f5d68d62ced78f.webp",".webp","47458"
"8a29e7294c785bbbd13b22ae0d2762bb.jpg",".jpg","177553"
"8a29e7294c785bbbd13b22ae0d2762bb.pdf",".pdf","623909"
"8a29e7294c785bbbd13b22ae0d2762bb.webp",".webp","51834"
"8a36320a5811132b30cafd656cb6b75e.jpg",".jpg","165828"
"8a36320a5811132b30cafd656cb6b75e.pdf",".pdf","23477530"
"8a36320a5811132b30cafd656cb6b75e.webp",".webp","26912"
"8a406ec42c8e146357c6f755ba8728c8.jpg",".jpg","300324"
"8a406ec42c8e146357c6f755ba8728c8.pdf",".pdf","467354"
"8a406ec42c8e146357c6f755ba8728c8.webp",".webp","86704"
"8a4677d791a8a21ff1e4a8548a7daad5.jpg",".jpg","264202"
"8a4677d791a8a21ff1e4a8548a7daad5.pdf",".pdf","1420281"
"8a4677d791a8a21ff1e4a8548a7daad5.webp",".webp","76002"
"8a684bf2f7cc36cf07e40bd40a70eacf.jpg",".jpg","259141"
"8a684bf2f7cc36cf07e40bd40a70eacf.pdf",".pdf","18211505"
"8a684bf2f7cc36cf07e40bd40a70eacf.webp",".webp","38136"
"8a92c4c6b3a2f15553357a1c6fabdb5e.jpg",".jpg","341338"
"8a92c4c6b3a2f15553357a1c6fabdb5e.pdf",".pdf","546628"
"8a92c4c6b3a2f15553357a1c6fabdb5e.webp",".webp","77270"
"8aee4ef292e64aae5fe2a37bf99d5d3b.jpg",".jpg","238219"
"8aee4ef292e64aae5fe2a37bf99d5d3b.pdf",".pdf","150414"
"8aee4ef292e64aae5fe2a37bf99d5d3b.webp",".webp","67940"
"8af3d6edf76aee39f18296250e84ec14.jpg",".jpg","202410"
"8af3d6edf76aee39f18296250e84ec14.pdf",".pdf","22922266"
"8af3d6edf76aee39f18296250e84ec14.webp",".webp","36350"
"8b3bc2a11252293e2c255aabf6d301b7.jpg",".jpg","174743"
"8b3bc2a11252293e2c255aabf6d301b7.pdf",".pdf","12459497"
"8b3bc2a11252293e2c255aabf6d301b7.webp",".webp","43648"
"8ba6b1af686927b583b41684a5ebf98a.jpg",".jpg","269727"
"8ba6b1af686927b583b41684a5ebf98a.pdf",".pdf","30635804"
"8ba6b1af686927b583b41684a5ebf98a.webp",".webp","34660"
"8c863bc0823220f19eb5de670743057c.jpg",".jpg","155447"
"8c863bc0823220f19eb5de670743057c.pdf",".pdf","340361"
"8c863bc0823220f19eb5de670743057c.webp",".webp","39486"
"8c92556e21aff8919c755d4a12ee6681.jpg",".jpg","275749"
"8c92556e21aff8919c755d4a12ee6681.pdf",".pdf","25745630"
"8c92556e21aff8919c755d4a12ee6681.webp",".webp","35694"
"8cda98812fcd67ad975c8eacdf081bc1.jpg",".jpg","187583"
"8cda98812fcd67ad975c8eacdf081bc1.pdf",".pdf","19607055"
"8cda98812fcd67ad975c8eacdf081bc1.webp",".webp","36720"
"8d6637c8406385b768d8564f1bfe451f.jpg",".jpg","265591"
"8d6637c8406385b768d8564f1bfe451f.pdf",".pdf","586153"
"8d6637c8406385b768d8564f1bfe451f.webp",".webp","74538"
"8d769b65491ff4cbf0666720f4cb23c2.jpg",".jpg","294499"
"8d769b65491ff4cbf0666720f4cb23c2.pdf",".pdf","96806019"
"8d769b65491ff4cbf0666720f4cb23c2.webp",".webp","31058"
"8d7d2f71a01ff07f4dffddc51b630122.jpg",".jpg","184936"
"8d7d2f71a01ff07f4dffddc51b630122.pdf",".pdf","1148309"
"8d7d2f71a01ff07f4dffddc51b630122.webp",".webp","48722"
"8dbedcd06ecce4667e3145ec558a2c5b.jpg",".jpg","257203"
"8dbedcd06ecce4667e3145ec558a2c5b.pdf",".pdf","27515451"
"8dbedcd06ecce4667e3145ec558a2c5b.webp",".webp","27110"
"8de0499bccfd21d115d8aeb04b0156f8.jpg",".jpg","187523"
"8de0499bccfd21d115d8aeb04b0156f8.pdf",".pdf","77785338"
"8de0499bccfd21d115d8aeb04b0156f8.webp",".webp","20544"
"8e9eb1348252ed7074cf68c6c676f2b2.jpg",".jpg","263006"
"8e9eb1348252ed7074cf68c6c676f2b2.webp",".webp","59260"
"8e9eb1348252ed7074cf68c6c676f2b2.zip",".zip","24801030"
"8f28e7693e1543315d9fcf2105a508b6.jpg",".jpg","359397"
"8f28e7693e1543315d9fcf2105a508b6.pdf",".pdf","92132090"
"8f28e7693e1543315d9fcf2105a508b6.webp",".webp","34614"
"8f53d27f673902effc9214679c2890c2.jpg",".jpg","246771"
"8f53d27f673902effc9214679c2890c2.pdf",".pdf","414229"
"8f53d27f673902effc9214679c2890c2.webp",".webp","68838"
"8f70543ca6c03685ebc88e4ec6068887.jpg",".jpg","382052"
"8f70543ca6c03685ebc88e4ec6068887.pdf",".pdf","522314"
"8f70543ca6c03685ebc88e4ec6068887.webp",".webp","87032"
"8f96a0dffeae4501dd27baad561aa052.jpg",".jpg","320590"
"8f96a0dffeae4501dd27baad561aa052.pdf",".pdf","395484"
"8f96a0dffeae4501dd27baad561aa052.webp",".webp","71172"
"8fa18ea3629dae332889a5f7e1576748.jpg",".jpg","351007"
"8fa18ea3629dae332889a5f7e1576748.pdf",".pdf","85958739"
"8fa18ea3629dae332889a5f7e1576748.webp",".webp","42434"
"8fc9ba46eada59173218622b083db847.jpg",".jpg","302101"
"8fc9ba46eada59173218622b083db847.pdf",".pdf","139786733"
"8fc9ba46eada59173218622b083db847.webp",".webp","39714"
"8ffafda3fcc50094cdf496eab865a1eb.jpg",".jpg","181945"
"8ffafda3fcc50094cdf496eab865a1eb.pdf",".pdf","3901988"
"8ffafda3fcc50094cdf496eab865a1eb.webp",".webp","45108"
"8ffced631647d35c9a0d980b778aa74a.jpg",".jpg","298896"
"8ffced631647d35c9a0d980b778aa74a.pdf",".pdf","274368582"
"8ffced631647d35c9a0d980b778aa74a.webp",".webp","36728"
"901074a49a7c2cbc045db032a61511b9.jpg",".jpg","338865"
"901074a49a7c2cbc045db032a61511b9.pdf",".pdf","70261467"
"901074a49a7c2cbc045db032a61511b9.webp",".webp","25086"
"901f73f8b0b112c57503c71376200bf7.jpg",".jpg","245925"
"901f73f8b0b112c57503c71376200bf7.pdf",".pdf","18133028"
"901f73f8b0b112c57503c71376200bf7.webp",".webp","57122"
"907592946c7aac27799bc3704fb098f9.jpg",".jpg","242788"
"907592946c7aac27799bc3704fb098f9.pdf",".pdf","4215252"
"907592946c7aac27799bc3704fb098f9.webp",".webp","66454"
"90897cd2d8aed14000850d95cc1b0ae7.jpg",".jpg","424407"
"90897cd2d8aed14000850d95cc1b0ae7.webp",".webp","98972"
"90897cd2d8aed14000850d95cc1b0ae7.zip",".zip","26340122"
"90b7588f7111e0fc3898bcd3926ef110.jpg",".jpg","248897"
"90b7588f7111e0fc3898bcd3926ef110.pdf",".pdf","1236318"
"90b7588f7111e0fc3898bcd3926ef110.webp",".webp","66052"
"90e9d85ea86d4716780a7bbafecb767c.jpg",".jpg","192186"
"90e9d85ea86d4716780a7bbafecb767c.pdf",".pdf","68675141"
"90e9d85ea86d4716780a7bbafecb767c.webp",".webp","21738"
"9103c46ef783eb9d4b0ecfa9e3ff8311.jpg",".jpg","181110"
"9103c46ef783eb9d4b0ecfa9e3ff8311.pdf",".pdf","57566378"
"9103c46ef783eb9d4b0ecfa9e3ff8311.webp",".webp","19210"
"913837d7b25aa5f5c0be63cf2624dc5a.jpg",".jpg","231340"
"913837d7b25aa5f5c0be63cf2624dc5a.pdf",".pdf","183599"
"913837d7b25aa5f5c0be63cf2624dc5a.webp",".webp","58896"
"9187a989382d47c1a8e44f02430a9c7b.jpg",".jpg","245958"
"9187a989382d47c1a8e44f02430a9c7b.pdf",".pdf","133986825"
"9187a989382d47c1a8e44f02430a9c7b.webp",".webp","29630"
"91de5e9061313e2f6e9cf103c95e7bdf.jpg",".jpg","439740"
"91de5e9061313e2f6e9cf103c95e7bdf.pdf",".pdf","1096344"
"91de5e9061313e2f6e9cf103c95e7bdf.webp",".webp","134360"
"91eb075ba9714b13fbc5806987974ec4.jpg",".jpg","251996"
"91eb075ba9714b13fbc5806987974ec4.pdf",".pdf","870572"
"91eb075ba9714b13fbc5806987974ec4.webp",".webp","69794"
"924360bef16f99351c3e869b13e75f94.jpg",".jpg","186317"
"924360bef16f99351c3e869b13e75f94.pdf",".pdf","80390408"
"924360bef16f99351c3e869b13e75f94.webp",".webp","31952"
"925aafb1a370c234510be06f7d36c576.jpg",".jpg","275793"
"925aafb1a370c234510be06f7d36c576.pdf",".pdf","112119784"
"925aafb1a370c234510be06f7d36c576.webp",".webp","33938"
"925ddb8067601201b98b6dd5ac966872.jpg",".jpg","290957"
"925ddb8067601201b98b6dd5ac966872.pdf",".pdf","4147011"
"925ddb8067601201b98b6dd5ac966872.webp",".webp","81828"
"929b52d0b585643ba3fc6617e11a661b.jpg",".jpg","233991"
"929b52d0b585643ba3fc6617e11a661b.pdf",".pdf","22177727"
"929b52d0b585643ba3fc6617e11a661b.webp",".webp","34724"
"92bba17b35fb8677448e610ada5b99db.jpg",".jpg","330064"
"92bba17b35fb8677448e610ada5b99db.pdf",".pdf","13552663"
"92bba17b35fb8677448e610ada5b99db.webp",".webp","39722"
"937ab8abe7027de1731fceaf9f4694eb.jpg",".jpg","265371"
"937ab8abe7027de1731fceaf9f4694eb.pdf",".pdf","165417"
"937ab8abe7027de1731fceaf9f4694eb.webp",".webp","78986"
"93b240e6c9e47776554fce72d24a9b53.jpg",".jpg","299514"
"93b240e6c9e47776554fce72d24a9b53.pdf",".pdf","458860"
"93b240e6c9e47776554fce72d24a9b53.webp",".webp","75836"
"93c0036c6d70004706d7e5974867d5ee.jpg",".jpg","246592"
"93c0036c6d70004706d7e5974867d5ee.pdf",".pdf","1593197"
"93c0036c6d70004706d7e5974867d5ee.webp",".webp","68140"
"93c81e492e7a0c60a58276ab69deaff0.jpg",".jpg","183327"
"93c81e492e7a0c60a58276ab69deaff0.pdf",".pdf","435075"
"93c81e492e7a0c60a58276ab69deaff0.webp",".webp","53992"
"940f0738409fd0037ec0d7139f2b6426.jpg",".jpg","376433"
"940f0738409fd0037ec0d7139f2b6426.pdf",".pdf","1523258"
"940f0738409fd0037ec0d7139f2b6426.webp",".webp","112558"
"9448de2e1aac703135a0cffc9105db39.jpg",".jpg","307732"
"9448de2e1aac703135a0cffc9105db39.pdf",".pdf","2804239"
"9448de2e1aac703135a0cffc9105db39.webp",".webp","85078"
"94781c90d5c6742b0c5bebfd2850ea86.jpg",".jpg","279807"
"94781c90d5c6742b0c5bebfd2850ea86.pdf",".pdf","693896"
"94781c90d5c6742b0c5bebfd2850ea86.webp",".webp","76818"
"94830ba73c4e74ec7acab68538d91ca2.jpg",".jpg","238650"
"94830ba73c4e74ec7acab68538d91ca2.pdf",".pdf","3606487"
"94830ba73c4e74ec7acab68538d91ca2.webp",".webp","67374"
"948d862120e3a7510ee31e7ac94cca71.jpg",".jpg","281950"
"948d862120e3a7510ee31e7ac94cca71.pdf",".pdf","21100655"
"948d862120e3a7510ee31e7ac94cca71.webp",".webp","35226"
"950abd598f29ecf5fbae8fc3b0092588.jpg",".jpg","222052"
"950abd598f29ecf5fbae8fc3b0092588.pdf",".pdf","83462258"
"950abd598f29ecf5fbae8fc3b0092588.webp",".webp","35988"
"951001ecfd0c9c2fa27377781c89a1aa.jpg",".jpg","218662"
"951001ecfd0c9c2fa27377781c89a1aa.pdf",".pdf","24373170"
"951001ecfd0c9c2fa27377781c89a1aa.webp",".webp","29450"
"9526eab06bfe384b74498b0f37506d2d.jpg",".jpg","132434"
"9526eab06bfe384b74498b0f37506d2d.pdf",".pdf","51187"
"9526eab06bfe384b74498b0f37506d2d.webp",".webp","38236"
"954b2776d7896ae286cfad8bee5fd4ae.jpg",".jpg","276362"
"954b2776d7896ae286cfad8bee5fd4ae.pdf",".pdf","44309566"
"954b2776d7896ae286cfad8bee5fd4ae.webp",".webp","36496"
"95507752cfb757cb0c720fd4b771cf2c.jpg",".jpg","216038"
"95507752cfb757cb0c720fd4b771cf2c.pdf",".pdf","1137776"
"95507752cfb757cb0c720fd4b771cf2c.webp",".webp","60112"
"95747fe30057f4e836df4e901060de53.jpg",".jpg","236030"
"95747fe30057f4e836df4e901060de53.pdf",".pdf","3739688"
"95747fe30057f4e836df4e901060de53.webp",".webp","60926"
"95ae3182f4da8402e44e649cd6a63dd3.jpg",".jpg","197008"
"95ae3182f4da8402e44e649cd6a63dd3.pdf",".pdf","32327277"
"95ae3182f4da8402e44e649cd6a63dd3.webp",".webp","25064"
"95ef9783404666c4b70b993447cadee0.jpg",".jpg","236179"
"95ef9783404666c4b70b993447cadee0.webp",".webp","54466"
"95ef9783404666c4b70b993447cadee0.zip",".zip","942183"
"961c70159704741913a9928b71bf4f37.jpg",".jpg","419161"
"961c70159704741913a9928b71bf4f37.pdf",".pdf","1297825"
"961c70159704741913a9928b71bf4f37.webp",".webp","104278"
"97092b659cb12962aadcacc4df3af729.jpg",".jpg","299421"
"97092b659cb12962aadcacc4df3af729.pdf",".pdf","261292785"
"97092b659cb12962aadcacc4df3af729.webp",".webp","32628"
"971963771f76680ab33a314dae2f694c.jpg",".jpg","206464"
"971963771f76680ab33a314dae2f694c.pdf",".pdf","372190"
"971963771f76680ab33a314dae2f694c.webp",".webp","55848"
"976ef8725bf7d4e41a591f5b0d296fdb.jpg",".jpg","205079"
"976ef8725bf7d4e41a591f5b0d296fdb.pdf",".pdf","6290646"
"976ef8725bf7d4e41a591f5b0d296fdb.webp",".webp","31844"
"9788a9c4e60d1fb202350feecf416e81.jpg",".jpg","179868"
"9788a9c4e60d1fb202350feecf416e81.pdf",".pdf","27954236"
"9788a9c4e60d1fb202350feecf416e81.webp",".webp","25224"
"978c539a2fcd228458118a0c07d59b85.jpg",".jpg","146541"
"978c539a2fcd228458118a0c07d59b85.pdf",".pdf","1828588"
"978c539a2fcd228458118a0c07d59b85.webp",".webp","34328"
"978c8ddebadc346a0d5d74c8a0d8de9a.jpg",".jpg","220996"
"978c8ddebadc346a0d5d74c8a0d8de9a.pdf",".pdf","81388208"
"978c8ddebadc346a0d5d74c8a0d8de9a.webp",".webp","28334"
"97e5bd184845eebb753860f34819cf1e.jpg",".jpg","241219"
"97e5bd184845eebb753860f34819cf1e.pdf",".pdf","40857155"
"97e5bd184845eebb753860f34819cf1e.webp",".webp","22118"
"9800ddaf26c45d7246e796f3ff4cc53d.jpg",".jpg","214012"
"9800ddaf26c45d7246e796f3ff4cc53d.pdf",".pdf","76136130"
"9800ddaf26c45d7246e796f3ff4cc53d.webp",".webp","25084"
"9864c62080e5a8a53a15f0e9330912fa.jpg",".jpg","180025"
"9864c62080e5a8a53a15f0e9330912fa.pdf",".pdf","1071146"
"9864c62080e5a8a53a15f0e9330912fa.webp",".webp","47406"
"987fd5ec15807bddbf3b57336c49e1b6.jpg",".jpg","183922"
"987fd5ec15807bddbf3b57336c49e1b6.pdf",".pdf","9603573"
"987fd5ec15807bddbf3b57336c49e1b6.webp",".webp","26170"
"98c679fa51bfce2752213fe0809bfb39.jpg",".jpg","318593"
"98c679fa51bfce2752213fe0809bfb39.pdf",".pdf","33433161"
"98c679fa51bfce2752213fe0809bfb39.webp",".webp","41678"
"98e5627649bdfc873a0f4302349f4fb7.jpg",".jpg","181536"
"98e5627649bdfc873a0f4302349f4fb7.pdf",".pdf","2048029"
"98e5627649bdfc873a0f4302349f4fb7.webp",".webp","46926"
"99388739aa1a46625fdd515c1577f85f.jpg",".jpg","223158"
"99388739aa1a46625fdd515c1577f85f.pdf",".pdf","61962235"
"99388739aa1a46625fdd515c1577f85f.webp",".webp","28856"
"99da4d5e574f1c26404246968783c922.jpg",".jpg","345860"
"99da4d5e574f1c26404246968783c922.pdf",".pdf","489838"
"99da4d5e574f1c26404246968783c922.webp",".webp","97118"
"9a03cc9ad53d4d271d3c2f75f92e03e2.jpg",".jpg","228367"
"9a03cc9ad53d4d271d3c2f75f92e03e2.pdf",".pdf","35118140"
"9a03cc9ad53d4d271d3c2f75f92e03e2.webp",".webp","38746"
"9a3f620bc3ea550661b6b332fad8eed4.jpg",".jpg","152005"
"9a3f620bc3ea550661b6b332fad8eed4.pdf",".pdf","9865825"
"9a3f620bc3ea550661b6b332fad8eed4.webp",".webp","37902"
"9a49683c702651ed45c52c6dd851916b.jpg",".jpg","365112"
"9a49683c702651ed45c52c6dd851916b.pdf",".pdf","476462"
"9a49683c702651ed45c52c6dd851916b.webp",".webp","105458"
"9a4b60d766cf665a4d954d2572d6c415.jpg",".jpg","157163"
"9a4b60d766cf665a4d954d2572d6c415.pdf",".pdf","156215"
"9a4b60d766cf665a4d954d2572d6c415.webp",".webp","39380"
"9aa4249675de591a5c0a3cb2498ab815.jpg",".jpg","312710"
"9aa4249675de591a5c0a3cb2498ab815.pdf",".pdf","57043226"
"9aa4249675de591a5c0a3cb2498ab815.webp",".webp","43032"
"9aec94cace7ab6c445dc5c705427b9e4.jpg",".jpg","277153"
"9aec94cace7ab6c445dc5c705427b9e4.pdf",".pdf","209571"
"9aec94cace7ab6c445dc5c705427b9e4.webp",".webp","75030"
"9b019b1bf92a250b813993c51617f6e4.jpg",".jpg","398996"
"9b019b1bf92a250b813993c51617f6e4.pdf",".pdf","17276903"
"9b019b1bf92a250b813993c51617f6e4.webp",".webp","26046"
"9b52c56aa058bc7b914b512be0e0f5a7.jpg",".jpg","327246"
"9b52c56aa058bc7b914b512be0e0f5a7.pdf",".pdf","392573"
"9b52c56aa058bc7b914b512be0e0f5a7.webp",".webp","98138"
"9bae6ac7ff8a25e5a294a312f99dde61.jpg",".jpg","282753"
"9bae6ac7ff8a25e5a294a312f99dde61.pdf",".pdf","61369404"
"9bae6ac7ff8a25e5a294a312f99dde61.webp",".webp","46932"
"9bb0ebe0b41bad93e859b82c24a88ddd.jpg",".jpg","143181"
"9bb0ebe0b41bad93e859b82c24a88ddd.pdf",".pdf","7798589"
"9bb0ebe0b41bad93e859b82c24a88ddd.webp",".webp","35202"
"9bb4dabaa9e2d8a428ad6c8fdfea67cd.jpg",".jpg","239946"
"9bb4dabaa9e2d8a428ad6c8fdfea67cd.pdf",".pdf","558314"
"9bb4dabaa9e2d8a428ad6c8fdfea67cd.webp",".webp","64008"
"9c16184da3ccf888c57fd8c27c5dd486.jpg",".jpg","267879"
"9c16184da3ccf888c57fd8c27c5dd486.pdf",".pdf","448661"
"9c16184da3ccf888c57fd8c27c5dd486.webp",".webp","68714"
"9c8f6b777fdeb9bb4c92fb3643a79ba6.jpg",".jpg","241326"
"9c8f6b777fdeb9bb4c92fb3643a79ba6.pdf",".pdf","78537019"
"9c8f6b777fdeb9bb4c92fb3643a79ba6.webp",".webp","36866"
"9cd6e80b0be9c88752df439a2ceb506d.jpg",".jpg","199986"
"9cd6e80b0be9c88752df439a2ceb506d.pdf",".pdf","2119490"
"9cd6e80b0be9c88752df439a2ceb506d.webp",".webp","52486"
"9cf559457f491ff55fce7e55e1887630.jpg",".jpg","277809"
"9cf559457f491ff55fce7e55e1887630.pdf",".pdf","350017"
"9cf559457f491ff55fce7e55e1887630.webp",".webp","77234"
"9cf8fb936d5b8a3189eb5c63de1e6ada.jpg",".jpg","171747"
"9cf8fb936d5b8a3189eb5c63de1e6ada.pdf",".pdf","3098994"
"9cf8fb936d5b8a3189eb5c63de1e6ada.webp",".webp","43610"
"9d307b70f42afcf47baa779aab7aad69.jpg",".jpg","178631"
"9d307b70f42afcf47baa779aab7aad69.pdf",".pdf","513415"
"9d307b70f42afcf47baa779aab7aad69.webp",".webp","44800"
"9e0b827e78035eba4effa82a1ec0890e.jpg",".jpg","165414"
"9e0b827e78035eba4effa82a1ec0890e.pdf",".pdf","3196900"
"9e0b827e78035eba4effa82a1ec0890e.webp",".webp","48030"
"9e6cade55a482829bc0429b8d0b80f9f.jpg",".jpg","306000"
"9e6cade55a482829bc0429b8d0b80f9f.pdf",".pdf","107167356"
"9e6cade55a482829bc0429b8d0b80f9f.webp",".webp","28098"
"9e97ba438d3141efff684e7e8e472f9d.jpg",".jpg","194721"
"9e97ba438d3141efff684e7e8e472f9d.pdf",".pdf","682866"
"9e97ba438d3141efff684e7e8e472f9d.webp",".webp","56780"
"9eb33c0d2381d4d080212ac6497d55ae.jpg",".jpg","274180"
"9eb33c0d2381d4d080212ac6497d55ae.pdf",".pdf","682681"
"9eb33c0d2381d4d080212ac6497d55ae.webp",".webp","68826"
"9eff34c3a234c283c66d477a38c9cc85.jpg",".jpg","357760"
"9eff34c3a234c283c66d477a38c9cc85.pdf",".pdf","87099360"
"9eff34c3a234c283c66d477a38c9cc85.webp",".webp","37572"
"9f98a9d3ef6dd0692f443bab88e2a30c.jpg",".jpg","210751"
"9f98a9d3ef6dd0692f443bab88e2a30c.pdf",".pdf","51319818"
"9f98a9d3ef6dd0692f443bab88e2a30c.webp",".webp","37108"
"9f9de1451759399fb877f998910b25c9.jpg",".jpg","196599"
"9f9de1451759399fb877f998910b25c9.pdf",".pdf","62507516"
"9f9de1451759399fb877f998910b25c9.webp",".webp","30972"
"9fda43284443e94dc953ed398bb3d0fd.jpg",".jpg","172689"
"9fda43284443e94dc953ed398bb3d0fd.pdf",".pdf","1336474"
"9fda43284443e94dc953ed398bb3d0fd.webp",".webp","30882"
"a068341adf389097090e9bf05d53c024.jpg",".jpg","294671"
"a068341adf389097090e9bf05d53c024.pdf",".pdf","31897111"
"a068341adf389097090e9bf05d53c024.webp",".webp","67180"
"a092293c13e73a66aec99e17ae9c347b.jpg",".jpg","297538"
"a092293c13e73a66aec99e17ae9c347b.pdf",".pdf","5556433"
"a092293c13e73a66aec99e17ae9c347b.webp",".webp","42134"
"a0f021c7953ac21fbd346d6e9d040908.jpg",".jpg","133549"
"a0f021c7953ac21fbd346d6e9d040908.pdf",".pdf","57686238"
"a0f021c7953ac21fbd346d6e9d040908.webp",".webp","25070"
"a16fab0fb37ef28bedcecd84cc8c09da.jpg",".jpg","290657"
"a16fab0fb37ef28bedcecd84cc8c09da.pdf",".pdf","206368"
"a16fab0fb37ef28bedcecd84cc8c09da.webp",".webp","81442"
"a1952ba0675b00c391f2597098089287.jpg",".jpg","197348"
"a1952ba0675b00c391f2597098089287.pdf",".pdf","6597348"
"a1952ba0675b00c391f2597098089287.webp",".webp","33102"
"a1c22a40527f1488eb5afc7ea5e2d998.jpg",".jpg","197593"
"a1c22a40527f1488eb5afc7ea5e2d998.pdf",".pdf","83779677"
"a1c22a40527f1488eb5afc7ea5e2d998.webp",".webp","29388"
"a1e1a6de1fed7b4d0a0fc91337e7d6f4.jpg",".jpg","401721"
"a1e1a6de1fed7b4d0a0fc91337e7d6f4.pdf",".pdf","4735224"
"a1e1a6de1fed7b4d0a0fc91337e7d6f4.webp",".webp","90546"
"a25e88dc553d5607da3e3e1c8245928f.jpg",".jpg","165316"
"a25e88dc553d5607da3e3e1c8245928f.pdf",".pdf","729135"
"a25e88dc553d5607da3e3e1c8245928f.webp",".webp","45176"
"a2a306f3b1f2d1743b78f6a9c452698d.jpg",".jpg","203980"
"a2a306f3b1f2d1743b78f6a9c452698d.pdf",".pdf","7131099"
"a2a306f3b1f2d1743b78f6a9c452698d.webp",".webp","22964"
"a38422429f1d5c2678a4d361a7b104ce.jpg",".jpg","314010"
"a38422429f1d5c2678a4d361a7b104ce.pdf",".pdf","324281"
"a38422429f1d5c2678a4d361a7b104ce.webp",".webp","67142"
"a3b79074e13db7f2d1c584fe893ed666.jpg",".jpg","372158"
"a3b79074e13db7f2d1c584fe893ed666.pdf",".pdf","702192"
"a3b79074e13db7f2d1c584fe893ed666.webp",".webp","101648"
"a3c583b29f0ae7dcd1d675e6c6bb50c3.jpg",".jpg","328947"
"a3c583b29f0ae7dcd1d675e6c6bb50c3.pdf",".pdf","50093310"
"a3c583b29f0ae7dcd1d675e6c6bb50c3.webp",".webp","37676"
"a42ffb116c332fcfb2b1d12a81b05658.jpg",".jpg","438820"
"a42ffb116c332fcfb2b1d12a81b05658.pdf",".pdf","67912108"
"a42ffb116c332fcfb2b1d12a81b05658.webp",".webp","41838"
"a4519c1f1af6967b1b7bf274ae7c2ff6.jpg",".jpg","232013"
"a4519c1f1af6967b1b7bf274ae7c2ff6.pdf",".pdf","776494"
"a4519c1f1af6967b1b7bf274ae7c2ff6.webp",".webp","66512"
"a488db9712180d4448769f77d2aef8e5.jpg",".jpg","146124"
"a488db9712180d4448769f77d2aef8e5.pdf",".pdf","275808"
"a488db9712180d4448769f77d2aef8e5.webp",".webp","33802"
"a4c9ff7a62a3193849ba750bd242fce0.jpg",".jpg","411566"
"a4c9ff7a62a3193849ba750bd242fce0.pdf",".pdf","41062543"
"a4c9ff7a62a3193849ba750bd242fce0.webp",".webp","57484"
"a4ff746ae5086e10f5607880542519d6.jpg",".jpg","445372"
"a4ff746ae5086e10f5607880542519d6.pdf",".pdf","372971"
"a4ff746ae5086e10f5607880542519d6.webp",".webp","119940"
"a507c842ac89e7fee335756ebc67e46d.jpg",".jpg","292442"
"a507c842ac89e7fee335756ebc67e46d.pdf",".pdf","263473"
"a507c842ac89e7fee335756ebc67e46d.webp",".webp","88776"
"a53505202b9c9ce55259e1ff3d707ac1.jpg",".jpg","221080"
"a53505202b9c9ce55259e1ff3d707ac1.pdf",".pdf","203372832"
"a53505202b9c9ce55259e1ff3d707ac1.webp",".webp","31558"
"a5e7760d89965fdf30af34987033900a.jpg",".jpg","265038"
"a5e7760d89965fdf30af34987033900a.pdf",".pdf","92610"
"a5e7760d89965fdf30af34987033900a.webp",".webp","79640"
"a662f6e98ba793412ec9c7df6f217c1b.jpg",".jpg","205539"
"a662f6e98ba793412ec9c7df6f217c1b.pdf",".pdf","23553373"
"a662f6e98ba793412ec9c7df6f217c1b.webp",".webp","25442"
"a6d9998021105040e128b1697a85740c.jpg",".jpg","205635"
"a6d9998021105040e128b1697a85740c.pdf",".pdf","15128287"
"a6d9998021105040e128b1697a85740c.webp",".webp","42496"
"a71b86146e27a04b8c6b82840d1d6e89.jpg",".jpg","277122"
"a71b86146e27a04b8c6b82840d1d6e89.pdf",".pdf","47723088"
"a71b86146e27a04b8c6b82840d1d6e89.webp",".webp","46336"
"a720936bb10d84eda45ac6dcaad26e9d.jpg",".jpg","321129"
"a720936bb10d84eda45ac6dcaad26e9d.pdf",".pdf","78240095"
"a720936bb10d84eda45ac6dcaad26e9d.webp",".webp","37912"
"a721ecde2dde9effb76768da391ac497.jpg",".jpg","311370"
"a721ecde2dde9effb76768da391ac497.pdf",".pdf","101067266"
"a721ecde2dde9effb76768da391ac497.webp",".webp","24302"
"a7293963f42ba93e91771a80b06802b3.jpg",".jpg","120172"
"a7293963f42ba93e91771a80b06802b3.pdf",".pdf","12084516"
"a7293963f42ba93e91771a80b06802b3.webp",".webp","27416"
"a7961830bacf31134572e8d2ccfe9dc8.jpg",".jpg","226719"
"a7961830bacf31134572e8d2ccfe9dc8.pdf",".pdf","1198977"
"a7961830bacf31134572e8d2ccfe9dc8.webp",".webp","61944"
"a82deed08ed4cf1e9300536088f13286.jpg",".jpg","193745"
"a82deed08ed4cf1e9300536088f13286.pdf",".pdf","387294"
"a82deed08ed4cf1e9300536088f13286.webp",".webp","55354"
"a983a63777c459bd1e1e400afa1a70ac.jpg",".jpg","387430"
"a983a63777c459bd1e1e400afa1a70ac.pdf",".pdf","107773546"
"a983a63777c459bd1e1e400afa1a70ac.webp",".webp","24890"
"a986cb9a111d95d7ca8f9715b2a72bed.jpg",".jpg","334670"
"a986cb9a111d95d7ca8f9715b2a72bed.pdf",".pdf","1622549"
"a986cb9a111d95d7ca8f9715b2a72bed.webp",".webp","90358"
"a9be7e1dc5830e0ee04e9964fb9e84dc.jpg",".jpg","231407"
"a9be7e1dc5830e0ee04e9964fb9e84dc.pdf",".pdf","2206108"
"a9be7e1dc5830e0ee04e9964fb9e84dc.webp",".webp","54852"
"a9d542dc0d20596b21368f82bc6a2282.jpg",".jpg","221878"
"a9d542dc0d20596b21368f82bc6a2282.pdf",".pdf","190973"
"a9d542dc0d20596b21368f82bc6a2282.webp",".webp","53704"
"a9f888544171a632cb9e304501f3c20c.jpg",".jpg","237688"
"a9f888544171a632cb9e304501f3c20c.pdf",".pdf","375134"
"a9f888544171a632cb9e304501f3c20c.webp",".webp","62966"
"aa2c06c92dd5aefa786335ebb4bb2b91.jpg",".jpg","242405"
"aa2c06c92dd5aefa786335ebb4bb2b91.pdf",".pdf","217215"
"aa2c06c92dd5aefa786335ebb4bb2b91.webp",".webp","66868"
"aa7e1292e78d57fbc43ac1c5fa417774.jpg",".jpg","304200"
"aa7e1292e78d57fbc43ac1c5fa417774.pdf",".pdf","130214044"
"aa7e1292e78d57fbc43ac1c5fa417774.webp",".webp","33698"
"aa9e3acac26664c8f44bd88e769d630c.jpg",".jpg","272723"
"aa9e3acac26664c8f44bd88e769d630c.pdf",".pdf","443924"
"aa9e3acac26664c8f44bd88e769d630c.webp",".webp","71178"
"aaa5f2209065f3551df8a800a84725df.jpg",".jpg","167924"
"aaa5f2209065f3551df8a800a84725df.pdf",".pdf","4469981"
"aaa5f2209065f3551df8a800a84725df.webp",".webp","49386"
"aba3fe568ae8ba438347fd713dd80bab.jpg",".jpg","320153"
"aba3fe568ae8ba438347fd713dd80bab.pdf",".pdf","26902544"
"aba3fe568ae8ba438347fd713dd80bab.webp",".webp","42144"
"abaf349176a58385e0b73fbe76a585f3.jpg",".jpg","245535"
"abaf349176a58385e0b73fbe76a585f3.pdf",".pdf","371425"
"abaf349176a58385e0b73fbe76a585f3.webp",".webp","67666"
"abbca304e38fa2da7a618a9c0b97be6c.jpg",".jpg","85334"
"abbca304e38fa2da7a618a9c0b97be6c.pdf",".pdf","3593475"
"abbca304e38fa2da7a618a9c0b97be6c.webp",".webp","12632"
"abfc2cf7a88488c8cc474c26de5c957e.jpg",".jpg","242805"
"abfc2cf7a88488c8cc474c26de5c957e.pdf",".pdf","249819"
"abfc2cf7a88488c8cc474c26de5c957e.webp",".webp","69626"
"ac0beff7884ad3a42d621dbf5b1bbc9f.jpg",".jpg","246067"
"ac0beff7884ad3a42d621dbf5b1bbc9f.pdf",".pdf","216839"
"ac0beff7884ad3a42d621dbf5b1bbc9f.webp",".webp","70324"
"ac125eb2cebaba49bf3d78672d915a0b.jpg",".jpg","305884"
"ac125eb2cebaba49bf3d78672d915a0b.pdf",".pdf","48518211"
"ac125eb2cebaba49bf3d78672d915a0b.webp",".webp","33280"
"ac14f08c4821f738a45b467558196387.jpg",".jpg","341308"
"ac14f08c4821f738a45b467558196387.pdf",".pdf","32922868"
"ac14f08c4821f738a45b467558196387.webp",".webp","30838"
"ac3ed96db796aa04ac56c486573df72f.jpg",".jpg","216037"
"ac3ed96db796aa04ac56c486573df72f.pdf",".pdf","21321484"
"ac3ed96db796aa04ac56c486573df72f.webp",".webp","31658"
"ac4ef91d0d8f9b9b840a413d86994594.jpg",".jpg","293489"
"ac4ef91d0d8f9b9b840a413d86994594.pdf",".pdf","82250372"
"ac4ef91d0d8f9b9b840a413d86994594.webp",".webp","24440"
"aca7d97687a23dfe00b815d44b2e2daf.jpg",".jpg","249918"
"aca7d97687a23dfe00b815d44b2e2daf.pdf",".pdf","5723716"
"aca7d97687a23dfe00b815d44b2e2daf.webp",".webp","30510"
"acaa28a9381ab134352f2d499eab39db.jpg",".jpg","170174"
"acaa28a9381ab134352f2d499eab39db.pdf",".pdf","4429472"
"acaa28a9381ab134352f2d499eab39db.webp",".webp","42728"
"acb674edeea9e45d58c94016b13351a5.jpg",".jpg","102733"
"acb674edeea9e45d58c94016b13351a5.pdf",".pdf","4589642"
"acb674edeea9e45d58c94016b13351a5.webp",".webp","25100"
"acbeab0ceaf07c0fa36a24c8a7093713.jpg",".jpg","208630"
"acbeab0ceaf07c0fa36a24c8a7093713.pdf",".pdf","26020985"
"acbeab0ceaf07c0fa36a24c8a7093713.webp",".webp","36204"
"ad4d3ada914782f60c0293008d1ce996.jpg",".jpg","148589"
"ad4d3ada914782f60c0293008d1ce996.webp",".webp","37952"
"ad4d3ada914782f60c0293008d1ce996.zip",".zip","43580838"
"adb827ed398cf93b11aa228267a484ff.jpg",".jpg","259595"
"adb827ed398cf93b11aa228267a484ff.webp",".webp","59776"
"adb827ed398cf93b11aa228267a484ff.zip",".zip","258065"
"ae27566e3d3bb6bd72122715aee62b5b.jpg",".jpg","260517"
"ae27566e3d3bb6bd72122715aee62b5b.pdf",".pdf","177230849"
"ae27566e3d3bb6bd72122715aee62b5b.webp",".webp","40390"
"ae5829ab322376d741c86369e6f3bc33.jpg",".jpg","267379"
"ae5829ab322376d741c86369e6f3bc33.pdf",".pdf","388673"
"ae5829ab322376d741c86369e6f3bc33.webp",".webp","74952"
"ae5bfd346a394d81aec5cd07d5f82afb.jpg",".jpg","246556"
"ae5bfd346a394d81aec5cd07d5f82afb.pdf",".pdf","1515484"
"ae5bfd346a394d81aec5cd07d5f82afb.webp",".webp","65026"
"ae68425b5c0e62962b2a03ac644b0d19.jpg",".jpg","158134"
"ae68425b5c0e62962b2a03ac644b0d19.pdf",".pdf","2385172"
"ae68425b5c0e62962b2a03ac644b0d19.webp",".webp","35694"
"aefd9e1e13c98090575d8f4cd8b6a2af.jpg",".jpg","239578"
"aefd9e1e13c98090575d8f4cd8b6a2af.pdf",".pdf","308950"
"aefd9e1e13c98090575d8f4cd8b6a2af.webp",".webp","58002"
"af3954f8a27425257b14c1326cc082a3.jpg",".jpg","299686"
"af3954f8a27425257b14c1326cc082a3.pdf",".pdf","394384740"
"af3954f8a27425257b14c1326cc082a3.webp",".webp","41402"
"afa5424b23e2a1ed614ac3cca4dfdc7b.jpg",".jpg","288746"
"afa5424b23e2a1ed614ac3cca4dfdc7b.pdf",".pdf","302067"
"afa5424b23e2a1ed614ac3cca4dfdc7b.webp",".webp","76226"
"afd7172379c2bf6e2e3cee16f072c9dc.jpg",".jpg","265502"
"afd7172379c2bf6e2e3cee16f072c9dc.pdf",".pdf","19139308"
"afd7172379c2bf6e2e3cee16f072c9dc.webp",".webp","63904"
"b02c3bc7621338e2ed843ae4c0d32085.jpg",".jpg","307254"
"b02c3bc7621338e2ed843ae4c0d32085.pdf",".pdf","875083"
"b02c3bc7621338e2ed843ae4c0d32085.webp",".webp","79910"
"b0bb0477e6bb5dbca9520c3bf0222cb4.jpg",".jpg","334171"
"b0bb0477e6bb5dbca9520c3bf0222cb4.pdf",".pdf","3731378"
"b0bb0477e6bb5dbca9520c3bf0222cb4.webp",".webp","93224"
"b12db1258282aa42b5357bfbc0a48624.jpg",".jpg","319647"
"b12db1258282aa42b5357bfbc0a48624.pdf",".pdf","401539"
"b12db1258282aa42b5357bfbc0a48624.webp",".webp","85730"
"b13fb7384a17d2ed5db46ee98e201a21.jpg",".jpg","237631"
"b13fb7384a17d2ed5db46ee98e201a21.pdf",".pdf","7084240"
"b13fb7384a17d2ed5db46ee98e201a21.webp",".webp","50304"
"b1b225cd917581dafb2714cf48b99dc5.jpg",".jpg","235883"
"b1b225cd917581dafb2714cf48b99dc5.pdf",".pdf","421898"
"b1b225cd917581dafb2714cf48b99dc5.webp",".webp","53144"
"b2b1c0278a27833abe09343a9c5fa254.jpg",".jpg","246185"
"b2b1c0278a27833abe09343a9c5fa254.pdf",".pdf","189101"
"b2b1c0278a27833abe09343a9c5fa254.webp",".webp","52092"
"b3239ec53b125ca748f4fc7034b6ec88.jpg",".jpg","274354"
"b3239ec53b125ca748f4fc7034b6ec88.pdf",".pdf","369948"
"b3239ec53b125ca748f4fc7034b6ec88.webp",".webp","80604"
"b34cf727428995f6cfaf7f98ed147abe.jpg",".jpg","235716"
"b34cf727428995f6cfaf7f98ed147abe.pdf",".pdf","5856826"
"b34cf727428995f6cfaf7f98ed147abe.webp",".webp","60938"
"b39de807ea75fc083b7b7ea31aeb8519.jpg",".jpg","323653"
"b39de807ea75fc083b7b7ea31aeb8519.pdf",".pdf","9123775"
"b39de807ea75fc083b7b7ea31aeb8519.webp",".webp","70030"
"b3c2e8ed864220d210d2c55fcef81be6.jpg",".jpg","354765"
"b3c2e8ed864220d210d2c55fcef81be6.pdf",".pdf","28776491"
"b3c2e8ed864220d210d2c55fcef81be6.webp",".webp","37698"
"b3d01c220ba05359a301752a9725fe88.jpg",".jpg","310121"
"b3d01c220ba05359a301752a9725fe88.pdf",".pdf","8437928"
"b3d01c220ba05359a301752a9725fe88.webp",".webp","88944"
"b403b018451bd6a254283c25b125b3c1.jpg",".jpg","347497"
"b403b018451bd6a254283c25b125b3c1.pdf",".pdf","1295808"
"b403b018451bd6a254283c25b125b3c1.webp",".webp","56064"
"b4514bddee861cb5707a764b3c766a6e.jpg",".jpg","459006"
"b4514bddee861cb5707a764b3c766a6e.pdf",".pdf","2948195"
"b4514bddee861cb5707a764b3c766a6e.webp",".webp","48248"
"b464f2c0becdce1d24d22b4fe9154fef.jpg",".jpg","190168"
"b464f2c0becdce1d24d22b4fe9154fef.webp",".webp","44612"
"b464f2c0becdce1d24d22b4fe9154fef.zip",".zip","6402024"
"b4a7b8c2975dc22d6ef9292c9fe5486c.jpg",".jpg","507279"
"b4a7b8c2975dc22d6ef9292c9fe5486c.pdf",".pdf","17918292"
"b4a7b8c2975dc22d6ef9292c9fe5486c.webp",".webp","93408"
"b4df47c6c76b1d3a51d8fba6f5b48e5c.jpg",".jpg","155975"
"b4df47c6c76b1d3a51d8fba6f5b48e5c.pdf",".pdf","156449"
"b4df47c6c76b1d3a51d8fba6f5b48e5c.webp",".webp","39460"
"b4e2114f4fa50282fe33485907706e5b.jpg",".jpg","204598"
"b4e2114f4fa50282fe33485907706e5b.pdf",".pdf","17993931"
"b4e2114f4fa50282fe33485907706e5b.webp",".webp","36726"
"b50a29cedf4c0e6c07ac2b680912e698.jpg",".jpg","387377"
"b50a29cedf4c0e6c07ac2b680912e698.webp",".webp","89102"
"b50a29cedf4c0e6c07ac2b680912e698.zip",".zip","13319192"
"b57bed8d8a682fc7cbf1e629358aacda.jpg",".jpg","176431"
"b57bed8d8a682fc7cbf1e629358aacda.pdf",".pdf","14900874"
"b57bed8d8a682fc7cbf1e629358aacda.webp",".webp","42750"
"b5862be9d03558378f4ebcc00ab9f68c.jpg",".jpg","214713"
"b5862be9d03558378f4ebcc00ab9f68c.pdf",".pdf","1197744"
"b5862be9d03558378f4ebcc00ab9f68c.webp",".webp","57962"
"b58930d99693760294a36b7de095360b.jpg",".jpg","190999"
"b58930d99693760294a36b7de095360b.pdf",".pdf","123901"
"b58930d99693760294a36b7de095360b.webp",".webp","55480"
"b58a150027858fb0bc686a426d6613d3.jpg",".jpg","246486"
"b58a150027858fb0bc686a426d6613d3.pdf",".pdf","455258"
"b58a150027858fb0bc686a426d6613d3.webp",".webp","61822"
"b5b7ff56b6eb6a59a39f49e888302619.jpg",".jpg","280991"
"b5b7ff56b6eb6a59a39f49e888302619.pdf",".pdf","7404930"
"b5b7ff56b6eb6a59a39f49e888302619.webp",".webp","34734"
"b5da01a182814c5fe8975711b56eed76.jpg",".jpg","248392"
"b5da01a182814c5fe8975711b56eed76.pdf",".pdf","497819"
"b5da01a182814c5fe8975711b56eed76.webp",".webp","67392"
"b5e7e11323a9eef91d615f3999074185.jpg",".jpg","200727"
"b5e7e11323a9eef91d615f3999074185.pdf",".pdf","925455"
"b5e7e11323a9eef91d615f3999074185.webp",".webp","56480"
"b61785cc032eb2eca3bedabea93621b6.jpg",".jpg","221363"
"b61785cc032eb2eca3bedabea93621b6.pdf",".pdf","1104384"
"b61785cc032eb2eca3bedabea93621b6.webp",".webp","64020"
"b624cb81305d085c690a408693945595.jpg",".jpg","575410"
"b624cb81305d085c690a408693945595.pdf",".pdf","123528"
"b624cb81305d085c690a408693945595.webp",".webp","100480"
"b6534ffccbb6c45d991463aa9cf5e99c.jpg",".jpg","275610"
"b6534ffccbb6c45d991463aa9cf5e99c.pdf",".pdf","1589223"
"b6534ffccbb6c45d991463aa9cf5e99c.webp",".webp","71314"
"b6b5a9b7ab7520b058f3917705d92540.jpg",".jpg","231935"
"b6b5a9b7ab7520b058f3917705d92540.pdf",".pdf","391280"
"b6b5a9b7ab7520b058f3917705d92540.webp",".webp","62564"
"b789040b390b200a9eaf8f6e69c276ce.jpg",".jpg","182904"
"b789040b390b200a9eaf8f6e69c276ce.pdf",".pdf","338962"
"b789040b390b200a9eaf8f6e69c276ce.webp",".webp","44828"
"b7be6e81b9ca4285b571dc8d0a9826e8.jpg",".jpg","319087"
"b7be6e81b9ca4285b571dc8d0a9826e8.pdf",".pdf","892260"
"b7be6e81b9ca4285b571dc8d0a9826e8.webp",".webp","75616"
"b7f5ffe93a7a64697d0cd2055a4b6b69.jpg",".jpg","217830"
"b7f5ffe93a7a64697d0cd2055a4b6b69.pdf",".pdf","39661045"
"b7f5ffe93a7a64697d0cd2055a4b6b69.webp",".webp","34520"
"b8dae3181c178b09a8ad9309ca375dfc.jpg",".jpg","384407"
"b8dae3181c178b09a8ad9309ca375dfc.pdf",".pdf","1557139"
"b8dae3181c178b09a8ad9309ca375dfc.webp",".webp","79300"
"b8e7406e24db82a4c3b2e8a82154cd55.jpg",".jpg","301189"
"b8e7406e24db82a4c3b2e8a82154cd55.pdf",".pdf","73703272"
"b8e7406e24db82a4c3b2e8a82154cd55.webp",".webp","25616"
"b93dce2e650213bfec55fa8b6fd5161e.jpg",".jpg","173491"
"b93dce2e650213bfec55fa8b6fd5161e.pdf",".pdf","37567697"
"b93dce2e650213bfec55fa8b6fd5161e.webp",".webp","24630"
"b93e9776e8fca87d5817dee916925f73.jpg",".jpg","218720"
"b93e9776e8fca87d5817dee916925f73.pdf",".pdf","392746"
"b93e9776e8fca87d5817dee916925f73.webp",".webp","60610"
"b972a85813717b1a9c4637c71b80acb8.jpg",".jpg","277351"
"b972a85813717b1a9c4637c71b80acb8.pdf",".pdf","2199205"
"b972a85813717b1a9c4637c71b80acb8.webp",".webp","71362"
"b990e2b2b026fc49762526284d0559fb.jpg",".jpg","453800"
"b990e2b2b026fc49762526284d0559fb.pdf",".pdf","28371457"
"b990e2b2b026fc49762526284d0559fb.webp",".webp","36052"
"b9c34d5bcfbc9522525f630bd7ba1803.jpg",".jpg","255008"
"b9c34d5bcfbc9522525f630bd7ba1803.pdf",".pdf","649481"
"b9c34d5bcfbc9522525f630bd7ba1803.webp",".webp","64362"
"b9e6052395ba047bd154ea45130026fc.jpg",".jpg","238642"
"b9e6052395ba047bd154ea45130026fc.pdf",".pdf","9139957"
"b9e6052395ba047bd154ea45130026fc.webp",".webp","28716"
"b9fa0a5313a94b4033ecde5c9ba4511b.jpg",".jpg","189937"
"b9fa0a5313a94b4033ecde5c9ba4511b.pdf",".pdf","111827145"
"b9fa0a5313a94b4033ecde5c9ba4511b.webp",".webp","30752"
"ba23aa445555a3e19be43a792baae081.jpg",".jpg","479015"
"ba23aa445555a3e19be43a792baae081.pdf",".pdf","107956781"
"ba23aa445555a3e19be43a792baae081.webp",".webp","51546"
"ba296e718e5bbfd498d9d582e05963d2.jpg",".jpg","396967"
"ba296e718e5bbfd498d9d582e05963d2.pdf",".pdf","3125827"
"ba296e718e5bbfd498d9d582e05963d2.webp",".webp","107498"
"bae784718e131c7e7b87f13c685db65f.jpg",".jpg","233526"
"bae784718e131c7e7b87f13c685db65f.pdf",".pdf","399798"
"bae784718e131c7e7b87f13c685db65f.webp",".webp","64310"
"bb0d7a94a62958e27cbe6d4e122ae9a3.jpg",".jpg","308321"
"bb0d7a94a62958e27cbe6d4e122ae9a3.pdf",".pdf","53382"
"bb0d7a94a62958e27cbe6d4e122ae9a3.webp",".webp","98164"
"bb3abe41e408bc1dede47f66412ff8fe.jpg",".jpg","332063"
"bb3abe41e408bc1dede47f66412ff8fe.pdf",".pdf","132449432"
"bb3abe41e408bc1dede47f66412ff8fe.webp",".webp","50432"
"bb63ce4438764bbb2b74a878a4212e47.jpg",".jpg","230122"
"bb63ce4438764bbb2b74a878a4212e47.pdf",".pdf","673242"
"bb63ce4438764bbb2b74a878a4212e47.webp",".webp","63446"
"bbae58d55692d5efec8f01906b358743.jpg",".jpg","201539"
"bbae58d55692d5efec8f01906b358743.pdf",".pdf","7159271"
"bbae58d55692d5efec8f01906b358743.webp",".webp","40118"
"bbd667677aa758295f4dda426719deee.jpg",".jpg","375234"
"bbd667677aa758295f4dda426719deee.pdf",".pdf","669584"
"bbd667677aa758295f4dda426719deee.webp",".webp","88888"
"bbd6bd3414f1ce89bec8ee8acafef0d3.jpg",".jpg","221696"
"bbd6bd3414f1ce89bec8ee8acafef0d3.pdf",".pdf","28672974"
"bbd6bd3414f1ce89bec8ee8acafef0d3.webp",".webp","30386"
"bc924f9ca8ace537aca5219129fe4cbc.jpg",".jpg","209947"
"bc924f9ca8ace537aca5219129fe4cbc.pdf",".pdf","41929958"
"bc924f9ca8ace537aca5219129fe4cbc.webp",".webp","35270"
"bcad0bf59113d9f57bbb486807018e38.jpg",".jpg","220862"
"bcad0bf59113d9f57bbb486807018e38.pdf",".pdf","123802"
"bcad0bf59113d9f57bbb486807018e38.webp",".webp","66658"
"bd34881f9f6a917a05a9b85ea3a31665.jpg",".jpg","229705"
"bd34881f9f6a917a05a9b85ea3a31665.pdf",".pdf","1331348"
"bd34881f9f6a917a05a9b85ea3a31665.webp",".webp","61936"
"bd5450ea00a7844950b8f6b2579b4f06.jpg",".jpg","269275"
"bd5450ea00a7844950b8f6b2579b4f06.pdf",".pdf","44811989"
"bd5450ea00a7844950b8f6b2579b4f06.webp",".webp","38310"
"bd9d10ec01facedbd7103878b4ef2102.jpg",".jpg","192464"
"bd9d10ec01facedbd7103878b4ef2102.pdf",".pdf","277416"
"bd9d10ec01facedbd7103878b4ef2102.webp",".webp","56654"
"bdb1fc3eb895400d8fd7e6f2ad57a9dc.jpg",".jpg","209182"
"bdb1fc3eb895400d8fd7e6f2ad57a9dc.pdf",".pdf","25610429"
"bdb1fc3eb895400d8fd7e6f2ad57a9dc.webp",".webp","29324"
"bdf4418eb87621556f5288b505dab1f8.jpg",".jpg","219015"
"bdf4418eb87621556f5288b505dab1f8.pdf",".pdf","2193499"
"bdf4418eb87621556f5288b505dab1f8.webp",".webp","41566"
"be10e83fe557073cbfe158737729a9d4.jpg",".jpg","150999"
"be10e83fe557073cbfe158737729a9d4.pdf",".pdf","4241996"
"be10e83fe557073cbfe158737729a9d4.webp",".webp","30364"
"be2ab3aa7478fc4681261c187b434459.jpg",".jpg","143581"
"be2ab3aa7478fc4681261c187b434459.pdf",".pdf","4118195"
"be2ab3aa7478fc4681261c187b434459.webp",".webp","26936"
"be5019e3c9f813463acb6e2b7b74b99d.jpg",".jpg","280028"
"be5019e3c9f813463acb6e2b7b74b99d.pdf",".pdf","247522"
"be5019e3c9f813463acb6e2b7b74b99d.webp",".webp","76540"
"be6a876bff4b1d19d39d0b3893fc62a8.jpg",".jpg","356768"
"be6a876bff4b1d19d39d0b3893fc62a8.pdf",".pdf","2383444"
"be6a876bff4b1d19d39d0b3893fc62a8.webp",".webp","99384"
"be7aa0e8852bd3494304d94ade003aa0.jpg",".jpg","239311"
"be7aa0e8852bd3494304d94ade003aa0.pdf",".pdf","610276"
"be7aa0e8852bd3494304d94ade003aa0.webp",".webp","60756"
"bebacbc346967ad35ed551bce8a08a7e.jpg",".jpg","391182"
"bebacbc346967ad35ed551bce8a08a7e.pdf",".pdf","1872230"
"bebacbc346967ad35ed551bce8a08a7e.webp",".webp","105818"
"bf0d8c6af1a304520386ef295817eb8f.jpg",".jpg","283584"
"bf0d8c6af1a304520386ef295817eb8f.webp",".webp","65048"
"bf0d8c6af1a304520386ef295817eb8f.zip",".zip","39506023"
"bf8cefe21581a60a509571a0225b370a.jpg",".jpg","242516"
"bf8cefe21581a60a509571a0225b370a.pdf",".pdf","449414"
"bf8cefe21581a60a509571a0225b370a.webp",".webp","71476"
"bfbeb927bc88b0fb73c6ba5dfe16be81.jpg",".jpg","336967"
"bfbeb927bc88b0fb73c6ba5dfe16be81.pdf",".pdf","432518"
"bfbeb927bc88b0fb73c6ba5dfe16be81.webp",".webp","89834"
"bfe7791f4578e7129fc0624c84c5708d.jpg",".jpg","255040"
"bfe7791f4578e7129fc0624c84c5708d.pdf",".pdf","681495"
"bfe7791f4578e7129fc0624c84c5708d.webp",".webp","74292"
"bfed5b5572c6249cb91668051a1f1b0d.jpg",".jpg","231250"
"bfed5b5572c6249cb91668051a1f1b0d.pdf",".pdf","123259635"
"bfed5b5572c6249cb91668051a1f1b0d.webp",".webp","26828"
"c00600fc9eb489fae835fa79c5ae90eb.jpg",".jpg","240797"
"c00600fc9eb489fae835fa79c5ae90eb.pdf",".pdf","359363"
"c00600fc9eb489fae835fa79c5ae90eb.webp",".webp","57828"
"c09b7a767ffee58972e52f35d9ad5566.jpg",".jpg","189341"
"c09b7a767ffee58972e52f35d9ad5566.pdf",".pdf","346203"
"c09b7a767ffee58972e52f35d9ad5566.webp",".webp","54772"
"c0ac1091389561671b1e671ecc5cedfa.jpg",".jpg","251194"
"c0ac1091389561671b1e671ecc5cedfa.pdf",".pdf","34378885"
"c0ac1091389561671b1e671ecc5cedfa.webp",".webp","39684"
"c0ec4c89f8fc408169fdcb463c90c05a.jpg",".jpg","209425"
"c0ec4c89f8fc408169fdcb463c90c05a.pdf",".pdf","207376"
"c0ec4c89f8fc408169fdcb463c90c05a.webp",".webp","56146"
"c1251c907eaf56d6b07ce635371fcf95.jpg",".jpg","230150"
"c1251c907eaf56d6b07ce635371fcf95.pdf",".pdf","288816"
"c1251c907eaf56d6b07ce635371fcf95.webp",".webp","58790"
"c1c02c53ee13c0350af48736043bd2ce.jpg",".jpg","238480"
"c1c02c53ee13c0350af48736043bd2ce.pdf",".pdf","1497553"
"c1c02c53ee13c0350af48736043bd2ce.webp",".webp","69342"
"c1d109d32f16c715573b90dc6e9a9721.jpg",".jpg","229035"
"c1d109d32f16c715573b90dc6e9a9721.pdf",".pdf","1604573"
"c1d109d32f16c715573b90dc6e9a9721.webp",".webp","66946"
"c28516c721c6cf7a4233873171bd1df0.jpg",".jpg","278707"
"c28516c721c6cf7a4233873171bd1df0.pdf",".pdf","155374052"
"c28516c721c6cf7a4233873171bd1df0.webp",".webp","28588"
"c287fe784ad09b9476ee90d9f5948bbf.jpg",".jpg","232703"
"c287fe784ad09b9476ee90d9f5948bbf.pdf",".pdf","102231766"
"c287fe784ad09b9476ee90d9f5948bbf.webp",".webp","28978"
"c28a67a40ba4f5ba8cac663fc8c6becf.jpg",".jpg","254302"
"c28a67a40ba4f5ba8cac663fc8c6becf.pdf",".pdf","49407260"
"c28a67a40ba4f5ba8cac663fc8c6becf.webp",".webp","26666"
"c2bbb58aaa754ad6e6dfa956c8459406.jpg",".jpg","133032"
"c2bbb58aaa754ad6e6dfa956c8459406.pdf",".pdf","17436598"
"c2bbb58aaa754ad6e6dfa956c8459406.webp",".webp","32136"
"c2efbca199b91cfc2ef667cd20201fbd.jpg",".jpg","190298"
"c2efbca199b91cfc2ef667cd20201fbd.pdf",".pdf","3594403"
"c2efbca199b91cfc2ef667cd20201fbd.webp",".webp","32388"
"c375804ce7b1fe32aa1e1e676b4a221d.jpg",".jpg","216988"
"c375804ce7b1fe32aa1e1e676b4a221d.pdf",".pdf","102854061"
"c375804ce7b1fe32aa1e1e676b4a221d.webp",".webp","23366"
"c3ebb5477cf5cd636b86a68c0ef9d48d.jpg",".jpg","102823"
"c3ebb5477cf5cd636b86a68c0ef9d48d.pdf",".pdf","5496459"
"c3ebb5477cf5cd636b86a68c0ef9d48d.webp",".webp","38762"
"c40de72eb466f8b19af6a6b8a33cc7f1.jpg",".jpg","233740"
"c40de72eb466f8b19af6a6b8a33cc7f1.pdf",".pdf","400588"
"c40de72eb466f8b19af6a6b8a33cc7f1.webp",".webp","55548"
"c4776ec2efe4e25ceab46283d032fe7f.jpg",".jpg","90847"
"c4776ec2efe4e25ceab46283d032fe7f.pdf",".pdf","26428965"
"c4776ec2efe4e25ceab46283d032fe7f.webp",".webp","19634"
"c50d28a6f506ef0914c09b2c5bd1d18a.jpg",".jpg","251670"
"c50d28a6f506ef0914c09b2c5bd1d18a.pdf",".pdf","151639299"
"c50d28a6f506ef0914c09b2c5bd1d18a.webp",".webp","42414"
"c53716eb4768321464b2eb1a830ee0ad.jpg",".jpg","329963"
"c53716eb4768321464b2eb1a830ee0ad.pdf",".pdf","1522616"
"c53716eb4768321464b2eb1a830ee0ad.webp",".webp","92278"
"c593471723a6694a21736c692c0b454e.jpg",".jpg","231990"
"c593471723a6694a21736c692c0b454e.pdf",".pdf","680240"
"c593471723a6694a21736c692c0b454e.webp",".webp","60484"
"c5b8df80724f60c1ac23a4dbf72ae862.jpg",".jpg","163834"
"c5b8df80724f60c1ac23a4dbf72ae862.pdf",".pdf","17796691"
"c5b8df80724f60c1ac23a4dbf72ae862.webp",".webp","28662"
"c66ebbb39d2eaa5977e86684d47f373b.jpg",".jpg","232763"
"c66ebbb39d2eaa5977e86684d47f373b.pdf",".pdf","2703061"
"c66ebbb39d2eaa5977e86684d47f373b.webp",".webp","57528"
"c6b060a4cc5f1b41614f562fae864a3d.jpg",".jpg","312493"
"c6b060a4cc5f1b41614f562fae864a3d.pdf",".pdf","91232451"
"c6b060a4cc5f1b41614f562fae864a3d.webp",".webp","25468"
"c6cd6634322f3279285f4c2bbf906399.jpg",".jpg","228194"
"c6cd6634322f3279285f4c2bbf906399.pdf",".pdf","1344112"
"c6cd6634322f3279285f4c2bbf906399.webp",".webp","62844"
"c73dc52bf566d0b3f2b277f32406b4b9.jpg",".jpg","271172"
"c73dc52bf566d0b3f2b277f32406b4b9.pdf",".pdf","533502"
"c73dc52bf566d0b3f2b277f32406b4b9.webp",".webp","68552"
"c75237dbd6f6a477af5bb09852e232e0.jpg",".jpg","303900"
"c75237dbd6f6a477af5bb09852e232e0.pdf",".pdf","315818"
"c75237dbd6f6a477af5bb09852e232e0.webp",".webp","77108"
"c79336f53a916d999319aded55abd78b.jpg",".jpg","283278"
"c79336f53a916d999319aded55abd78b.pdf",".pdf","132466545"
"c79336f53a916d999319aded55abd78b.webp",".webp","41826"
"c83bedbfbf780f64ea459e8b5bb8682d.jpg",".jpg","238780"
"c83bedbfbf780f64ea459e8b5bb8682d.pdf",".pdf","167382956"
"c83bedbfbf780f64ea459e8b5bb8682d.webp",".webp","37902"
"c876b9c4ba06f4537533ddce3db361c6.jpg",".jpg","241452"
"c876b9c4ba06f4537533ddce3db361c6.pdf",".pdf","22468244"
"c876b9c4ba06f4537533ddce3db361c6.webp",".webp","26290"
"c8d8cd96b1ffd57f991c5a33734341b1.jpg",".jpg","297171"
"c8d8cd96b1ffd57f991c5a33734341b1.pdf",".pdf","3223992"
"c8d8cd96b1ffd57f991c5a33734341b1.webp",".webp","79016"
"c8e8f9960aa2e223aeeba3a42efbaff5.jpg",".jpg","290012"
"c8e8f9960aa2e223aeeba3a42efbaff5.pdf",".pdf","3714370"
"c8e8f9960aa2e223aeeba3a42efbaff5.webp",".webp","82326"
"c8e97b1d423103e1693c6a33eb5669a2.jpg",".jpg","235730"
"c8e97b1d423103e1693c6a33eb5669a2.pdf",".pdf","774427"
"c8e97b1d423103e1693c6a33eb5669a2.webp",".webp","60238"
"c8f6a9c7e6a787afb79c1d598e08b0d8.jpg",".jpg","316584"
"c8f6a9c7e6a787afb79c1d598e08b0d8.pdf",".pdf","217616"
"c8f6a9c7e6a787afb79c1d598e08b0d8.webp",".webp","90782"
"c93cd3f32fdcdacf20b59129e3796b47.jpg",".jpg","310313"
"c93cd3f32fdcdacf20b59129e3796b47.pdf",".pdf","7403938"
"c93cd3f32fdcdacf20b59129e3796b47.webp",".webp","87622"
"c99d0ea28615e3deb23930d7b036596e.jpg",".jpg","230321"
"c99d0ea28615e3deb23930d7b036596e.pdf",".pdf","47334932"
"c99d0ea28615e3deb23930d7b036596e.webp",".webp","26078"
"c9b61a9905db4bfcf56906b72df6fe9f.jpg",".jpg","424917"
"c9b61a9905db4bfcf56906b72df6fe9f.pdf",".pdf","2008932"
"c9b61a9905db4bfcf56906b72df6fe9f.webp",".webp","109312"
"c9c7e4833388a8b53e112938ac1df847.jpg",".jpg","412149"
"c9c7e4833388a8b53e112938ac1df847.pdf",".pdf","1485768"
"c9c7e4833388a8b53e112938ac1df847.webp",".webp","126524"
"c9c855cf4ac2c771ac98734246847656.jpg",".jpg","651033"
"c9c855cf4ac2c771ac98734246847656.pdf",".pdf","15664467"
"c9c855cf4ac2c771ac98734246847656.webp",".webp","101246"
"ca6032af237b26b30331030fd94549a0.jpg",".jpg","272477"
"ca6032af237b26b30331030fd94549a0.pdf",".pdf","348196225"
"ca6032af237b26b30331030fd94549a0.webp",".webp","53974"
"cabae899bc16dea5ef813e802ca92809.jpg",".jpg","364905"
"cabae899bc16dea5ef813e802ca92809.pdf",".pdf","636052"
"cabae899bc16dea5ef813e802ca92809.webp",".webp","78670"
"cac409c1878ac487af3a39687c924ffc.jpg",".jpg","111114"
"cac409c1878ac487af3a39687c924ffc.pdf",".pdf","5944147"
"cac409c1878ac487af3a39687c924ffc.webp",".webp","20768"
"cb1ebca2dd24f56a81edfb5a9bbe265e.jpg",".jpg","205253"
"cb1ebca2dd24f56a81edfb5a9bbe265e.pdf",".pdf","14871053"
"cb1ebca2dd24f56a81edfb5a9bbe265e.webp",".webp","36872"
"cb33720df78192c621645612d49b36f8.jpg",".jpg","294048"
"cb33720df78192c621645612d49b36f8.pdf",".pdf","1449012"
"cb33720df78192c621645612d49b36f8.webp",".webp","89498"
"cb353d52b0b1dfe069038faab273efe7.jpg",".jpg","344073"
"cb353d52b0b1dfe069038faab273efe7.pdf",".pdf","403233"
"cb353d52b0b1dfe069038faab273efe7.webp",".webp","94660"
"cb579b6a18e28dcca3c226fd08a81362.jpg",".jpg","254654"
"cb579b6a18e28dcca3c226fd08a81362.webp",".webp","58562"
"cb579b6a18e28dcca3c226fd08a81362.zip",".zip","133928325"
"cb969c1ad8fed47a63a19eb16a3368d4.jpg",".jpg","369730"
"cb969c1ad8fed47a63a19eb16a3368d4.pdf",".pdf","279281253"
"cb969c1ad8fed47a63a19eb16a3368d4.webp",".webp","55378"
"cbba62422061ea8eaf1ca8f1b68ce281.jpg",".jpg","229471"
"cbba62422061ea8eaf1ca8f1b68ce281.pdf",".pdf","223247"
"cbba62422061ea8eaf1ca8f1b68ce281.webp",".webp","63112"
"cbdf08cbbecffb096c220bc15f477d53.jpg",".jpg","307514"
"cbdf08cbbecffb096c220bc15f477d53.webp",".webp","65850"
"cbdf08cbbecffb096c220bc15f477d53.zip",".zip","54124"
"cc8e160a156df4304ef2ecaf900bf46b.jpg",".jpg","701226"
"cc8e160a156df4304ef2ecaf900bf46b.pdf",".pdf","47918305"
"cc8e160a156df4304ef2ecaf900bf46b.webp",".webp","124250"
"cce62ff0ce195c494ca9c14947bcfe98.jpg",".jpg","130227"
"cce62ff0ce195c494ca9c14947bcfe98.pdf",".pdf","1301363"
"cce62ff0ce195c494ca9c14947bcfe98.webp",".webp","22838"
"cd38a4ea748f8c4bad0ed951c854285e.jpg",".jpg","240384"
"cd38a4ea748f8c4bad0ed951c854285e.pdf",".pdf","6944019"
"cd38a4ea748f8c4bad0ed951c854285e.webp",".webp","65328"
"cd5236541336f5ebbc0fbaedf4392629.jpg",".jpg","275141"
"cd5236541336f5ebbc0fbaedf4392629.pdf",".pdf","257275041"
"cd5236541336f5ebbc0fbaedf4392629.webp",".webp","32588"
"cd585a316792bc2215ab145074ee1bc0.jpg",".jpg","228060"
"cd585a316792bc2215ab145074ee1bc0.pdf",".pdf","1183157"
"cd585a316792bc2215ab145074ee1bc0.webp",".webp","60242"
"cd7b59dda6f2c56652c88459dee6f524.jpg",".jpg","246007"
"cd7b59dda6f2c56652c88459dee6f524.pdf",".pdf","870832"
"cd7b59dda6f2c56652c88459dee6f524.webp",".webp","67418"
"cd7e5942ce4103e93e2cdb63ba4a93c6.jpg",".jpg","256145"
"cd7e5942ce4103e93e2cdb63ba4a93c6.pdf",".pdf","916074"
"cd7e5942ce4103e93e2cdb63ba4a93c6.webp",".webp","61562"
"cdff1b50cad1186d9fd6b822a5b00f86.jpg",".jpg","213430"
"cdff1b50cad1186d9fd6b822a5b00f86.webp",".webp","48864"
"cdff1b50cad1186d9fd6b822a5b00f86.zip",".zip","20189826"
"ce3c183f24860ef819f2cec738d14c05.jpg",".jpg","459967"
"ce3c183f24860ef819f2cec738d14c05.pdf",".pdf","110498518"
"ce3c183f24860ef819f2cec738d14c05.webp",".webp","45708"
"ce97c823196212c1cb6998710da384fb.jpg",".jpg","242682"
"ce97c823196212c1cb6998710da384fb.pdf",".pdf","23941783"
"ce97c823196212c1cb6998710da384fb.webp",".webp","37070"
"cea6f356655a3c870392f19d8b0720fb.jpg",".jpg","167057"
"cea6f356655a3c870392f19d8b0720fb.pdf",".pdf","52289808"
"cea6f356655a3c870392f19d8b0720fb.webp",".webp","26146"
"cea8d3fbbd654a034177eac609fdb01e.jpg",".jpg","262572"
"cea8d3fbbd654a034177eac609fdb01e.pdf",".pdf","3726538"
"cea8d3fbbd654a034177eac609fdb01e.webp",".webp","61036"
"ceae2a1d49909087f5051e33dbd9ad74.jpg",".jpg","260624"
"ceae2a1d49909087f5051e33dbd9ad74.pdf",".pdf","1398745"
"ceae2a1d49909087f5051e33dbd9ad74.webp",".webp","69936"
"cebe2f8471281bc7e2a202bfbbad2d6e.jpg",".jpg","282920"
"cebe2f8471281bc7e2a202bfbbad2d6e.pdf",".pdf","221078"
"cebe2f8471281bc7e2a202bfbbad2d6e.webp",".webp","81820"
"cf1f087504dcab57d0a4c84b46d433b1.jpg",".jpg","376946"
"cf1f087504dcab57d0a4c84b46d433b1.pdf",".pdf","725288"
"cf1f087504dcab57d0a4c84b46d433b1.webp",".webp","96456"
"cfde3b41fbb0f45df5d1ea0c9389b2ec.jpg",".jpg","260751"
"cfde3b41fbb0f45df5d1ea0c9389b2ec.pdf",".pdf","806014"
"cfde3b41fbb0f45df5d1ea0c9389b2ec.webp",".webp","74592"
"cff2fb2ee5eba8180781836ab9a268c4.jpg",".jpg","236875"
"cff2fb2ee5eba8180781836ab9a268c4.pdf",".pdf","1976320"
"cff2fb2ee5eba8180781836ab9a268c4.webp",".webp","71280"
"d06302955a999caf9846690fa2964b92.jpg",".jpg","314538"
"d06302955a999caf9846690fa2964b92.webp",".webp","70728"
"d06302955a999caf9846690fa2964b92.zip",".zip","17740181"
"d0677a76df07c0a7e2ab76cc64a1c18d.jpg",".jpg","247564"
"d0677a76df07c0a7e2ab76cc64a1c18d.pdf",".pdf","129624496"
"d0677a76df07c0a7e2ab76cc64a1c18d.webp",".webp","27810"
"d067b4aa14a05457162906222eab2dc1.jpg",".jpg","273228"
"d067b4aa14a05457162906222eab2dc1.pdf",".pdf","1168630"
"d067b4aa14a05457162906222eab2dc1.webp",".webp","74650"
"d0741d59183c727ee64529eba045ad5d.jpg",".jpg","260676"
"d0741d59183c727ee64529eba045ad5d.pdf",".pdf","212544051"
"d0741d59183c727ee64529eba045ad5d.webp",".webp","39682"
"d084ca00aa6a0d5c97f81c63ac93abe1.jpg",".jpg","210740"
"d084ca00aa6a0d5c97f81c63ac93abe1.pdf",".pdf","54489170"
"d084ca00aa6a0d5c97f81c63ac93abe1.webp",".webp","24022"
"d0853b6e2ce355f12b4f119dea47567a.jpg",".jpg","267381"
"d0853b6e2ce355f12b4f119dea47567a.pdf",".pdf","45223426"
"d0853b6e2ce355f12b4f119dea47567a.webp",".webp","38126"
"d0a4279569b9fe79de8d00dfa0827392.jpg",".jpg","149749"
"d0a4279569b9fe79de8d00dfa0827392.pdf",".pdf","1703309"
"d0a4279569b9fe79de8d00dfa0827392.webp",".webp","40624"
"d1eb80f498b81137c90e9e52bb824f84.jpg",".jpg","304100"
"d1eb80f498b81137c90e9e52bb824f84.pdf",".pdf","51521335"
"d1eb80f498b81137c90e9e52bb824f84.webp",".webp","45616"
"d1ecd9887b3b93e2da4915d6dca1940f.jpg",".jpg","229367"
"d1ecd9887b3b93e2da4915d6dca1940f.pdf",".pdf","1287689"
"d1ecd9887b3b93e2da4915d6dca1940f.webp",".webp","66262"
"d23966bc5bd8bc4042ca5318e32311b0.jpg",".jpg","230735"
"d23966bc5bd8bc4042ca5318e32311b0.pdf",".pdf","12718186"
"d23966bc5bd8bc4042ca5318e32311b0.webp",".webp","34716"
"d26d12213f3883ddea4fe15b683a0676.jpg",".jpg","313255"
"d26d12213f3883ddea4fe15b683a0676.pdf",".pdf","101858286"
"d26d12213f3883ddea4fe15b683a0676.webp",".webp","27250"
"d2a5c7f1cbb598fc257731b2e3bf42c6.jpg",".jpg","335882"
"d2a5c7f1cbb598fc257731b2e3bf42c6.pdf",".pdf","367745"
"d2a5c7f1cbb598fc257731b2e3bf42c6.webp",".webp","102028"
"d2b4051bcb3693b21d406690567ce192.jpg",".jpg","181977"
"d2b4051bcb3693b21d406690567ce192.pdf",".pdf","279275"
"d2b4051bcb3693b21d406690567ce192.webp",".webp","52794"
"d2c7dba3c16005c19603778664e584ab.jpg",".jpg","310772"
"d2c7dba3c16005c19603778664e584ab.pdf",".pdf","337961"
"d2c7dba3c16005c19603778664e584ab.webp",".webp","84206"
"d2f1c75a9110dc1f13f61edec7150999.jpg",".jpg","229294"
"d2f1c75a9110dc1f13f61edec7150999.pdf",".pdf","182571"
"d2f1c75a9110dc1f13f61edec7150999.webp",".webp","58332"
"d3a7b2593126e5646dd470dba681c996.jpg",".jpg","299065"
"d3a7b2593126e5646dd470dba681c996.pdf",".pdf","521258"
"d3a7b2593126e5646dd470dba681c996.webp",".webp","91398"
"d4008144c934abfd4a0d85610254e4fb.jpg",".jpg","368600"
"d4008144c934abfd4a0d85610254e4fb.pdf",".pdf","538255"
"d4008144c934abfd4a0d85610254e4fb.webp",".webp","109336"
"d4082875ceb29f91df11117b70bffae0.jpg",".jpg","242681"
"d4082875ceb29f91df11117b70bffae0.pdf",".pdf","1279643"
"d4082875ceb29f91df11117b70bffae0.webp",".webp","46018"
"d42ffa323388de30d9988553e1bf3dda.jpg",".jpg","212508"
"d42ffa323388de30d9988553e1bf3dda.pdf",".pdf","349536"
"d42ffa323388de30d9988553e1bf3dda.webp",".webp","57908"
"d435a8af6248ac2141c14987ab4ed0ed.jpg",".jpg","307410"
"d435a8af6248ac2141c14987ab4ed0ed.pdf",".pdf","143438091"
"d435a8af6248ac2141c14987ab4ed0ed.webp",".webp","42606"
"d46546a569f366a13acd50ac57d5e812.jpg",".jpg","97591"
"d46546a569f366a13acd50ac57d5e812.pdf",".pdf","10292674"
"d46546a569f366a13acd50ac57d5e812.webp",".webp","24820"
"d48875497d31f88735659851ebde24fe.jpg",".jpg","283265"
"d48875497d31f88735659851ebde24fe.pdf",".pdf","725128"
"d48875497d31f88735659851ebde24fe.webp",".webp","74354"
"d4b6ef078ac4d425c3ac4f0c41977b51.jpg",".jpg","282083"
"d4b6ef078ac4d425c3ac4f0c41977b51.pdf",".pdf","347227"
"d4b6ef078ac4d425c3ac4f0c41977b51.webp",".webp","84840"
"d512efa092f8183d64c14842525fe0d5.jpg",".jpg","215408"
"d512efa092f8183d64c14842525fe0d5.pdf",".pdf","1512837"
"d512efa092f8183d64c14842525fe0d5.webp",".webp","67408"
"d56331fcadf8520bd38bb2d1da918417.jpg",".jpg","361810"
"d56331fcadf8520bd38bb2d1da918417.pdf",".pdf","537893"
"d56331fcadf8520bd38bb2d1da918417.webp",".webp","84036"
"d5876c57b5f31c83fa738dd6d9694c50.jpg",".jpg","203695"
"d5876c57b5f31c83fa738dd6d9694c50.pdf",".pdf","97693140"
"d5876c57b5f31c83fa738dd6d9694c50.webp",".webp","25034"
"d6173b46b30e109b9e488fb9180edce7.jpg",".jpg","289313"
"d6173b46b30e109b9e488fb9180edce7.pdf",".pdf","595006"
"d6173b46b30e109b9e488fb9180edce7.webp",".webp","81928"
"d63fb218f2001082dbce08a7a3172498.jpg",".jpg","235839"
"d63fb218f2001082dbce08a7a3172498.pdf",".pdf","196725"
"d63fb218f2001082dbce08a7a3172498.webp",".webp","50332"
"d64869f8dcd0c908a871334d14b247f8.jpg",".jpg","203487"
"d64869f8dcd0c908a871334d14b247f8.pdf",".pdf","284291"
"d64869f8dcd0c908a871334d14b247f8.webp",".webp","58586"
"d6518bfa7ce38149fce9e7dcff22874a.jpg",".jpg","253348"
"d6518bfa7ce38149fce9e7dcff22874a.pdf",".pdf","24529885"
"d6518bfa7ce38149fce9e7dcff22874a.webp",".webp","27930"
"d6ba0b8fefebb74ac6d13f806d752618.jpg",".jpg","162373"
"d6ba0b8fefebb74ac6d13f806d752618.pdf",".pdf","11886968"
"d6ba0b8fefebb74ac6d13f806d752618.webp",".webp","21146"
"d6e30ed70f74dd20bb53381a5d1e185a.jpg",".jpg","248086"
"d6e30ed70f74dd20bb53381a5d1e185a.pdf",".pdf","362456"
"d6e30ed70f74dd20bb53381a5d1e185a.webp",".webp","37276"
"d7236fb2af83586e7b73087a15a4ae7a.jpg",".jpg","344650"
"d7236fb2af83586e7b73087a15a4ae7a.pdf",".pdf","897382"
"d7236fb2af83586e7b73087a15a4ae7a.webp",".webp","100140"
"d7cef4d73777668e460e563cefe6e940.jpg",".jpg","354876"
"d7cef4d73777668e460e563cefe6e940.pdf",".pdf","503402"
"d7cef4d73777668e460e563cefe6e940.webp",".webp","101698"
"d7e6f27b3caee0443d119a6804d93fb4.jpg",".jpg","180942"
"d7e6f27b3caee0443d119a6804d93fb4.pdf",".pdf","266585"
"d7e6f27b3caee0443d119a6804d93fb4.webp",".webp","52914"
"d90c3c5665ae897fe9110e5a9ecbc0c0.jpg",".jpg","330855"
"d90c3c5665ae897fe9110e5a9ecbc0c0.pdf",".pdf","4656326"
"d90c3c5665ae897fe9110e5a9ecbc0c0.webp",".webp","91408"
"da392d7f0fd527f67bd10d72a91317ce.jpg",".jpg","152826"
"da392d7f0fd527f67bd10d72a91317ce.pdf",".pdf","285880673"
"da392d7f0fd527f67bd10d72a91317ce.webp",".webp","18588"
"da457d9b12ecb5e50f4a26e54dd482d6.jpg",".jpg","219542"
"da457d9b12ecb5e50f4a26e54dd482d6.pdf",".pdf","1951069"
"da457d9b12ecb5e50f4a26e54dd482d6.webp",".webp","66670"
"da83335d9211ed08b587f6477df9fb99.jpg",".jpg","256695"
"da83335d9211ed08b587f6477df9fb99.pdf",".pdf","15258540"
"da83335d9211ed08b587f6477df9fb99.webp",".webp","34478"
"da85b8f062e8fbcd0cec50132e9d05fe.jpg",".jpg","288138"
"da85b8f062e8fbcd0cec50132e9d05fe.pdf",".pdf","30754892"
"da85b8f062e8fbcd0cec50132e9d05fe.webp",".webp","49800"
"db1d0153d20bc177c614f06981850a34.jpg",".jpg","155124"
"db1d0153d20bc177c614f06981850a34.pdf",".pdf","8479137"
"db1d0153d20bc177c614f06981850a34.webp",".webp","32968"
"db1ee21d9dd21ab8828c1e87af45d0f2.jpg",".jpg","334738"
"db1ee21d9dd21ab8828c1e87af45d0f2.pdf",".pdf","354251"
"db1ee21d9dd21ab8828c1e87af45d0f2.webp",".webp","68992"
"db75fd2c04b490e6c11e55a913d12b76.jpg",".jpg","127097"
"db75fd2c04b490e6c11e55a913d12b76.pdf",".pdf","1079189"
"db75fd2c04b490e6c11e55a913d12b76.webp",".webp","26422"
"db88b5202d55128296d337ab7c2da1f2.jpg",".jpg","245108"
"db88b5202d55128296d337ab7c2da1f2.pdf",".pdf","42322492"
"db88b5202d55128296d337ab7c2da1f2.webp",".webp","32330"
"dbdca64a172e5351a3207a9744bce7f2.jpg",".jpg","200993"
"dbdca64a172e5351a3207a9744bce7f2.pdf",".pdf","862724"
"dbdca64a172e5351a3207a9744bce7f2.webp",".webp","59592"
"dcdeab990b625c35efb4bb928912b648.jpg",".jpg","333843"
"dcdeab990b625c35efb4bb928912b648.pdf",".pdf","890904"
"dcdeab990b625c35efb4bb928912b648.webp",".webp","75312"
"dd57c1cad8aabe9be1216e1906fdcb8f.jpg",".jpg","315461"
"dd57c1cad8aabe9be1216e1906fdcb8f.pdf",".pdf","2603336"
"dd57c1cad8aabe9be1216e1906fdcb8f.webp",".webp","96618"
"dd6388976e48a6ce2f8a30355acfcba0.jpg",".jpg","182740"
"dd6388976e48a6ce2f8a30355acfcba0.pdf",".pdf","235111858"
"dd6388976e48a6ce2f8a30355acfcba0.webp",".webp","25802"
"ddc5290e160f4433f27665753a40ce62.jpg",".jpg","255218"
"ddc5290e160f4433f27665753a40ce62.pdf",".pdf","94743130"
"ddc5290e160f4433f27665753a40ce62.webp",".webp","34370"
"de68b153bfe8f8e8ee2df0e077545533.jpg",".jpg","221410"
"de68b153bfe8f8e8ee2df0e077545533.pdf",".pdf","70802955"
"de68b153bfe8f8e8ee2df0e077545533.webp",".webp","24420"
"de70c14f746855ea0f2ef024ad22c3eb.jpg",".jpg","197959"
"de70c14f746855ea0f2ef024ad22c3eb.pdf",".pdf","639042"
"de70c14f746855ea0f2ef024ad22c3eb.webp",".webp","54984"
"dea2f4822df9b5802803a3b3875100ba.jpg",".jpg","147268"
"dea2f4822df9b5802803a3b3875100ba.pdf",".pdf","7058882"
"dea2f4822df9b5802803a3b3875100ba.webp",".webp","25780"
"deb0eba26c9445ff997c1daebd5ded18.jpg",".jpg","338071"
"deb0eba26c9445ff997c1daebd5ded18.webp",".webp","76900"
"deb0eba26c9445ff997c1daebd5ded18.zip",".zip","43013223"
"deb79ed7293b143cf5735bba34c6c39c.jpg",".jpg","279904"
"deb79ed7293b143cf5735bba34c6c39c.pdf",".pdf","3157260"
"deb79ed7293b143cf5735bba34c6c39c.webp",".webp","75276"
"debb2a13def8c76d61f98cc0afde7e65.jpg",".jpg","335531"
"debb2a13def8c76d61f98cc0afde7e65.pdf",".pdf","24653889"
"debb2a13def8c76d61f98cc0afde7e65.webp",".webp","32752"
"dee3ec0cac74c2dedb303c58a1a3a7cc.jpg",".jpg","301940"
"dee3ec0cac74c2dedb303c58a1a3a7cc.pdf",".pdf","380123"
"dee3ec0cac74c2dedb303c58a1a3a7cc.webp",".webp","92900"
"df309d84172a5198559c56f74122f842.jpg",".jpg","285549"
"df309d84172a5198559c56f74122f842.pdf",".pdf","1356807"
"df309d84172a5198559c56f74122f842.webp",".webp","80156"
"df7733fd40c247cba5aeea385bac2125.jpg",".jpg","159132"
"df7733fd40c247cba5aeea385bac2125.pdf",".pdf","9377053"
"df7733fd40c247cba5aeea385bac2125.webp",".webp","19108"
"df9249c8f7c181ba28ea65d783f5327e.jpg",".jpg","340273"
"df9249c8f7c181ba28ea65d783f5327e.pdf",".pdf","439767"
"df9249c8f7c181ba28ea65d783f5327e.webp",".webp","71828"
"e03103b4e075f619532000ae311c270d.jpg",".jpg","209107"
"e03103b4e075f619532000ae311c270d.pdf",".pdf","167150503"
"e03103b4e075f619532000ae311c270d.webp",".webp","27118"
"e05c2742e1e844d6b0513a4b60be6368.jpg",".jpg","173109"
"e05c2742e1e844d6b0513a4b60be6368.pdf",".pdf","9070929"
"e05c2742e1e844d6b0513a4b60be6368.webp",".webp","38858"
"e0b88ab538dcd3180ba892247baf7760.jpg",".jpg","283775"
"e0b88ab538dcd3180ba892247baf7760.pdf",".pdf","24938951"
"e0b88ab538dcd3180ba892247baf7760.webp",".webp","46186"
"e0e39993ef241336b4ece1031a97c132.jpg",".jpg","129661"
"e0e39993ef241336b4ece1031a97c132.pdf",".pdf","74938"
"e0e39993ef241336b4ece1031a97c132.webp",".webp","33740"
"e154859d4f48893ec7653e6ac0836ad8.jpg",".jpg","206823"
"e154859d4f48893ec7653e6ac0836ad8.pdf",".pdf","554005"
"e154859d4f48893ec7653e6ac0836ad8.webp",".webp","50028"
"e17571c192d5fbf4a37bd7e56c57e473.jpg",".jpg","192202"
"e17571c192d5fbf4a37bd7e56c57e473.pdf",".pdf","231292169"
"e17571c192d5fbf4a37bd7e56c57e473.webp",".webp","27996"
"e1b1ece685e096a39ff3056378603800.jpg",".jpg","282459"
"e1b1ece685e096a39ff3056378603800.pdf",".pdf","2234412"
"e1b1ece685e096a39ff3056378603800.webp",".webp","82486"
"e1cbad4deb7f30d89bf6f4555ab3c0c8.jpg",".jpg","198143"
"e1cbad4deb7f30d89bf6f4555ab3c0c8.pdf",".pdf","29382576"
"e1cbad4deb7f30d89bf6f4555ab3c0c8.webp",".webp","61562"
"e1f567be668c4f214187981651b06f7c.jpg",".jpg","246572"
"e1f567be668c4f214187981651b06f7c.pdf",".pdf","289503"
"e1f567be668c4f214187981651b06f7c.webp",".webp","68822"
"e265d188d900a53c7328a32029ed1a2b.jpg",".jpg","337222"
"e265d188d900a53c7328a32029ed1a2b.pdf",".pdf","56589764"
"e265d188d900a53c7328a32029ed1a2b.webp",".webp","29178"
"e26a2b763b469808870a2dcae231fbf7.jpg",".jpg","235127"
"e26a2b763b469808870a2dcae231fbf7.pdf",".pdf","5538241"
"e26a2b763b469808870a2dcae231fbf7.webp",".webp","67012"
"e28b97fad4825ebb86c1bedffffcc9dc.jpg",".jpg","254972"
"e28b97fad4825ebb86c1bedffffcc9dc.pdf",".pdf","2588584"
"e28b97fad4825ebb86c1bedffffcc9dc.webp",".webp","65956"
"e2d138008f2b50a6819deddee48bd745.jpg",".jpg","371429"
"e2d138008f2b50a6819deddee48bd745.pdf",".pdf","99084438"
"e2d138008f2b50a6819deddee48bd745.webp",".webp","44762"
"e2f02b883633c1ca94dde89873a73a6b.jpg",".jpg","333368"
"e2f02b883633c1ca94dde89873a73a6b.webp",".webp","72326"
"e2f02b883633c1ca94dde89873a73a6b.zip",".zip","13580757"
"e34bebb9a0ae503b094de7bbff83877e.jpg",".jpg","175465"
"e34bebb9a0ae503b094de7bbff83877e.pdf",".pdf","15135255"
"e34bebb9a0ae503b094de7bbff83877e.webp",".webp","38596"
"e39711f6650499e06f12a45d8b2c9522.jpg",".jpg","227811"
"e39711f6650499e06f12a45d8b2c9522.pdf",".pdf","499488"
"e39711f6650499e06f12a45d8b2c9522.webp",".webp","56610"
"e39c2f0f4e8aee249c95dd8874249eef.jpg",".jpg","207656"
"e39c2f0f4e8aee249c95dd8874249eef.pdf",".pdf","604170"
"e39c2f0f4e8aee249c95dd8874249eef.webp",".webp","57478"
"e3c36c8ede7fa95198867cb91db35cfd.jpg",".jpg","176856"
"e3c36c8ede7fa95198867cb91db35cfd.pdf",".pdf","208580"
"e3c36c8ede7fa95198867cb91db35cfd.webp",".webp","45006"
"e3c523e673314ecd9e797d43e97f0006.jpg",".jpg","289489"
"e3c523e673314ecd9e797d43e97f0006.pdf",".pdf","795941"
"e3c523e673314ecd9e797d43e97f0006.webp",".webp","74010"
"e3cc31bd3895e142b2de0b46170852b4.jpg",".jpg","302680"
"e3cc31bd3895e142b2de0b46170852b4.pdf",".pdf","28249232"
"e3cc31bd3895e142b2de0b46170852b4.webp",".webp","30248"
"e406ec901fd1d3d5b326f5e7d2619758.jpg",".jpg","179035"
"e406ec901fd1d3d5b326f5e7d2619758.pdf",".pdf","176785"
"e406ec901fd1d3d5b326f5e7d2619758.webp",".webp","54934"
"e4389641249a0f69ea9e61be1e00855b.jpg",".jpg","266299"
"e4389641249a0f69ea9e61be1e00855b.pdf",".pdf","10240348"
"e4389641249a0f69ea9e61be1e00855b.webp",".webp","30326"
"e44c14587796bc7ad276d37c81eefa09.jpg",".jpg","326308"
"e44c14587796bc7ad276d37c81eefa09.pdf",".pdf","343773"
"e44c14587796bc7ad276d37c81eefa09.webp",".webp","91424"
"e4c1211b4ac2bef55f43d2d5bed8fc3d.jpg",".jpg","266025"
"e4c1211b4ac2bef55f43d2d5bed8fc3d.pdf",".pdf","49148334"
"e4c1211b4ac2bef55f43d2d5bed8fc3d.webp",".webp","42102"
"e4f0a102bad99cacbc17e63eab364221.jpg",".jpg","332704"
"e4f0a102bad99cacbc17e63eab364221.pdf",".pdf","717456"
"e4f0a102bad99cacbc17e63eab364221.webp",".webp","92164"
"e4fd5eaa2dba9358acdfacfa570c7bc2.jpg",".jpg","288320"
"e4fd5eaa2dba9358acdfacfa570c7bc2.pdf",".pdf","738804"
"e4fd5eaa2dba9358acdfacfa570c7bc2.webp",".webp","81222"
"e55055d4af7ecb20dcc6e470e53822e0.jpg",".jpg","178041"
"e55055d4af7ecb20dcc6e470e53822e0.pdf",".pdf","231871"
"e55055d4af7ecb20dcc6e470e53822e0.webp",".webp","35622"
"e577a4817f5fa4f30dbade000b71a00c.jpg",".jpg","319183"
"e577a4817f5fa4f30dbade000b71a00c.pdf",".pdf","438175"
"e577a4817f5fa4f30dbade000b71a00c.webp",".webp","100286"
"e578fc44b6e3d520456368e8e51d457e.jpg",".jpg","360355"
"e578fc44b6e3d520456368e8e51d457e.pdf",".pdf","1071486"
"e578fc44b6e3d520456368e8e51d457e.webp",".webp","80462"
"e5ed4c4e05b2a6a1338eae5e8745bbce.jpg",".jpg","311994"
"e5ed4c4e05b2a6a1338eae5e8745bbce.pdf",".pdf","1255323"
"e5ed4c4e05b2a6a1338eae5e8745bbce.webp",".webp","69096"
"e66ce7007cd563e6c7e8acc58f27ef90.jpg",".jpg","110600"
"e66ce7007cd563e6c7e8acc58f27ef90.pdf",".pdf","5984104"
"e66ce7007cd563e6c7e8acc58f27ef90.webp",".webp","23002"
"e6869464777a90d754e3418cecd3bfb3.jpg",".jpg","512030"
"e6869464777a90d754e3418cecd3bfb3.pdf",".pdf","1442682"
"e6869464777a90d754e3418cecd3bfb3.webp",".webp","120672"
"e6c3fc3f26d94e8a9331c39b6092a26f.jpg",".jpg","237370"
"e6c3fc3f26d94e8a9331c39b6092a26f.pdf",".pdf","3177900"
"e6c3fc3f26d94e8a9331c39b6092a26f.webp",".webp","67572"
"e6cd17de3be97c3c626426b5ed063025.jpg",".jpg","179963"
"e6cd17de3be97c3c626426b5ed063025.pdf",".pdf","14071786"
"e6cd17de3be97c3c626426b5ed063025.webp",".webp","24422"
"e7677b095ec223d810a92f39f4163f0d.jpg",".jpg","176139"
"e7677b095ec223d810a92f39f4163f0d.pdf",".pdf","8970149"
"e7677b095ec223d810a92f39f4163f0d.webp",".webp","25068"
"e767cc0311d85c386bc9affc88b59b90.jpg",".jpg","221044"
"e767cc0311d85c386bc9affc88b59b90.pdf",".pdf","793572"
"e767cc0311d85c386bc9affc88b59b90.webp",".webp","57434"
"e7840cad9fb182213d343f2e2b48ca13.jpg",".jpg","309523"
"e7840cad9fb182213d343f2e2b48ca13.pdf",".pdf","1001624"
"e7840cad9fb182213d343f2e2b48ca13.webp",".webp","85926"
"e7ef756eb20fe52424bc84609e330ff1.jpg",".jpg","216893"
"e7ef756eb20fe52424bc84609e330ff1.pdf",".pdf","590879"
"e7ef756eb20fe52424bc84609e330ff1.webp",".webp","56848"
"e84370223d918c343d00abcbe05bb684.jpg",".jpg","231888"
"e84370223d918c343d00abcbe05bb684.pdf",".pdf","1335818"
"e84370223d918c343d00abcbe05bb684.webp",".webp","61862"
"e8856a03d8dcff731802fe3f8c333fc1.jpg",".jpg","250989"
"e8856a03d8dcff731802fe3f8c333fc1.pdf",".pdf","387783"
"e8856a03d8dcff731802fe3f8c333fc1.webp",".webp","73160"
"e890393f0304ec5147f0e3813a76eb2c.jpg",".jpg","101197"
"e890393f0304ec5147f0e3813a76eb2c.pdf",".pdf","6133728"
"e890393f0304ec5147f0e3813a76eb2c.webp",".webp","23862"
"e8b06a81649a2c5ce02b214336834a64.jpg",".jpg","255710"
"e8b06a81649a2c5ce02b214336834a64.pdf",".pdf","61409"
"e8b06a81649a2c5ce02b214336834a64.webp",".webp","69732"
"e9001b2bbf800581331b16e664e657bd.jpg",".jpg","145622"
"e9001b2bbf800581331b16e664e657bd.pdf",".pdf","36822928"
"e9001b2bbf800581331b16e664e657bd.webp",".webp","22066"
"e93b16268899bde4b03d37c26379945a.jpg",".jpg","580085"
"e93b16268899bde4b03d37c26379945a.pdf",".pdf","164513361"
"e93b16268899bde4b03d37c26379945a.webp",".webp","83290"
"e974e6d822ace17423d372dfbf0a696b.jpg",".jpg","223282"
"e974e6d822ace17423d372dfbf0a696b.pdf",".pdf","336995"
"e974e6d822ace17423d372dfbf0a696b.webp",".webp","62186"
"e9a8994aedbb6757ab425b7e379c5519.jpg",".jpg","305650"
"e9a8994aedbb6757ab425b7e379c5519.pdf",".pdf","2913764"
"e9a8994aedbb6757ab425b7e379c5519.webp",".webp","78536"
"e9efe75ec8faf0f5fe344999dc6a61da.jpg",".jpg","340194"
"e9efe75ec8faf0f5fe344999dc6a61da.webp",".webp","73238"
"e9efe75ec8faf0f5fe344999dc6a61da.zip",".zip","104914045"
"ea3e76bc82602bd146eef2124b820790.jpg",".jpg","238909"
"ea3e76bc82602bd146eef2124b820790.pdf",".pdf","136428"
"ea3e76bc82602bd146eef2124b820790.webp",".webp","65556"
"ea6ce30c1897865b63873970145e68e3.jpg",".jpg","314967"
"ea6ce30c1897865b63873970145e68e3.webp",".webp","68552"
"ea6ce30c1897865b63873970145e68e3.zip",".zip","43853316"
"ea80087009e8bcf78dbc45f475890fb8.jpg",".jpg","177474"
"ea80087009e8bcf78dbc45f475890fb8.pdf",".pdf","34157265"
"ea80087009e8bcf78dbc45f475890fb8.webp",".webp","23278"
"eaea67ccc96809b1a8489f2c1cf10b2f.jpg",".jpg","411003"
"eaea67ccc96809b1a8489f2c1cf10b2f.pdf",".pdf","205601"
"eaea67ccc96809b1a8489f2c1cf10b2f.webp",".webp","118338"
"eb30ada79c8df0abd0df64dc9e7be4fd.jpg",".jpg","286680"
"eb30ada79c8df0abd0df64dc9e7be4fd.webp",".webp","64538"
"eb30ada79c8df0abd0df64dc9e7be4fd.zip",".zip","21917645"
"eb6e89f4d5f1eebebe552eca4ce2258a.jpg",".jpg","263883"
"eb6e89f4d5f1eebebe552eca4ce2258a.pdf",".pdf","4566523"
"eb6e89f4d5f1eebebe552eca4ce2258a.webp",".webp","69510"
"ebc12de87edeb49759025a4ab3e39145.jpg",".jpg","221761"
"ebc12de87edeb49759025a4ab3e39145.pdf",".pdf","580368"
"ebc12de87edeb49759025a4ab3e39145.webp",".webp","61970"
"ebd27366e85c9fd24d5460ba8b104d72.jpg",".jpg","417674"
"ebd27366e85c9fd24d5460ba8b104d72.pdf",".pdf","882869"
"ebd27366e85c9fd24d5460ba8b104d72.webp",".webp","96416"
"ebe4e1b762090fd3b151a039066f5712.jpg",".jpg","220355"
"ebe4e1b762090fd3b151a039066f5712.pdf",".pdf","644069"
"ebe4e1b762090fd3b151a039066f5712.webp",".webp","59548"
"ebf74504a5c50d3b08c804e244e27499.jpg",".jpg","208609"
"ebf74504a5c50d3b08c804e244e27499.pdf",".pdf","1468970"
"ebf74504a5c50d3b08c804e244e27499.webp",".webp","41806"
"ec06d154fb3ec32eaea65cd1d1fe5618.jpg",".jpg","315510"
"ec06d154fb3ec32eaea65cd1d1fe5618.pdf",".pdf","1274427"
"ec06d154fb3ec32eaea65cd1d1fe5618.webp",".webp","75898"
"ec0bbb2bb68552f535d0220ccf26cf77.jpg",".jpg","202603"
"ec0bbb2bb68552f535d0220ccf26cf77.pdf",".pdf","541127"
"ec0bbb2bb68552f535d0220ccf26cf77.webp",".webp","57662"
"ec177e10b14855c2631707261e4cc0bd.jpg",".jpg","296156"
"ec177e10b14855c2631707261e4cc0bd.pdf",".pdf","484860"
"ec177e10b14855c2631707261e4cc0bd.webp",".webp","75372"
"ec1806c2e35df843f17634980be3594c.jpg",".jpg","294656"
"ec1806c2e35df843f17634980be3594c.pdf",".pdf","78910"
"ec1806c2e35df843f17634980be3594c.webp",".webp","89072"
"ec21533f9f3c4e7798902fc1f69cc3e7.jpg",".jpg","292518"
"ec21533f9f3c4e7798902fc1f69cc3e7.pdf",".pdf","147422846"
"ec21533f9f3c4e7798902fc1f69cc3e7.webp",".webp","32250"
"ec2b0c7cf248d90ac25d1782abdb5acb.jpg",".jpg","215727"
"ec2b0c7cf248d90ac25d1782abdb5acb.pdf",".pdf","941282"
"ec2b0c7cf248d90ac25d1782abdb5acb.webp",".webp","64294"
"ec623b952c1317e5216415058e6eb287.jpg",".jpg","200080"
"ec623b952c1317e5216415058e6eb287.pdf",".pdf","4029326"
"ec623b952c1317e5216415058e6eb287.webp",".webp","26276"
"ecad29178d4f00e180e1d5759b83c7d7.jpg",".jpg","386170"
"ecad29178d4f00e180e1d5759b83c7d7.pdf",".pdf","912046"
"ecad29178d4f00e180e1d5759b83c7d7.webp",".webp","92790"
"ecb75176671a9538a820c46fd8b9b65f.jpg",".jpg","493266"
"ecb75176671a9538a820c46fd8b9b65f.pdf",".pdf","17925814"
"ecb75176671a9538a820c46fd8b9b65f.webp",".webp","55000"
"ecc132df66b256729d191511f450e1bf.jpg",".jpg","425955"
"ecc132df66b256729d191511f450e1bf.pdf",".pdf","65489440"
"ecc132df66b256729d191511f450e1bf.webp",".webp","38012"
"ed89db2b6871881ce1e8078445721b11.jpg",".jpg","193792"
"ed89db2b6871881ce1e8078445721b11.pdf",".pdf","1336692"
"ed89db2b6871881ce1e8078445721b11.webp",".webp","50534"
"eda085225d39de8158b3c28526b93963.jpg",".jpg","258861"
"eda085225d39de8158b3c28526b93963.pdf",".pdf","102123799"
"eda085225d39de8158b3c28526b93963.webp",".webp","31008"
"edad62ee4840b547066a20b292ac2dbd.jpg",".jpg","294415"
"edad62ee4840b547066a20b292ac2dbd.pdf",".pdf","62069636"
"edad62ee4840b547066a20b292ac2dbd.webp",".webp","31962"
"edf622aa5d0d31d771cc98e3041ee57d.jpg",".jpg","243165"
"edf622aa5d0d31d771cc98e3041ee57d.pdf",".pdf","333254"
"edf622aa5d0d31d771cc98e3041ee57d.webp",".webp","66772"
"f0373a09752edea95cf16769b861c07b.jpg",".jpg","245526"
"f0373a09752edea95cf16769b861c07b.pdf",".pdf","34407456"
"f0373a09752edea95cf16769b861c07b.webp",".webp","30470"
"f08e2a3a5c14b8ae236f1a519b460b00.jpg",".jpg","234849"
"f08e2a3a5c14b8ae236f1a519b460b00.pdf",".pdf","4894566"
"f08e2a3a5c14b8ae236f1a519b460b00.webp",".webp","66394"
"f0d475693ea921a8a53f1e6573097339.jpg",".jpg","212960"
"f0d475693ea921a8a53f1e6573097339.pdf",".pdf","1981287"
"f0d475693ea921a8a53f1e6573097339.webp",".webp","52230"
"f16fcf8e43b19cfe8ebad87bfe4ccc2b.jpg",".jpg","359167"
"f16fcf8e43b19cfe8ebad87bfe4ccc2b.pdf",".pdf","492034"
"f16fcf8e43b19cfe8ebad87bfe4ccc2b.webp",".webp","82522"
"f2291430ae9edc9fea63ba7fcc614acb.jpg",".jpg","283509"
"f2291430ae9edc9fea63ba7fcc614acb.pdf",".pdf","1499816"
"f2291430ae9edc9fea63ba7fcc614acb.webp",".webp","79284"
"f23690e93631f968145e6115715dc0a7.jpg",".jpg","263962"
"f23690e93631f968145e6115715dc0a7.pdf",".pdf","203925"
"f23690e93631f968145e6115715dc0a7.webp",".webp","70938"
"f27dbba58082d1aecb6cb90d7333a7cb.jpg",".jpg","195522"
"f27dbba58082d1aecb6cb90d7333a7cb.pdf",".pdf","193432"
"f27dbba58082d1aecb6cb90d7333a7cb.webp",".webp","55952"
"f296bb5b55aefcc3d428550d74cc1ad2.jpg",".jpg","98327"
"f296bb5b55aefcc3d428550d74cc1ad2.pdf",".pdf","933331"
"f296bb5b55aefcc3d428550d74cc1ad2.webp",".webp","27208"
"f2bf10f6b4c2d068a49b58b632b71176.jpg",".jpg","230639"
"f2bf10f6b4c2d068a49b58b632b71176.pdf",".pdf","8347272"
"f2bf10f6b4c2d068a49b58b632b71176.webp",".webp","22430"
"f2ca5be2a63a444d616db54c27739b08.jpg",".jpg","291762"
"f2ca5be2a63a444d616db54c27739b08.pdf",".pdf","46669036"
"f2ca5be2a63a444d616db54c27739b08.webp",".webp","31080"
"f36df488a0ceb62f4dbab0c7ca427bc1.jpg",".jpg","177890"
"f36df488a0ceb62f4dbab0c7ca427bc1.pdf",".pdf","441492"
"f36df488a0ceb62f4dbab0c7ca427bc1.webp",".webp","44588"
"f3b1047c5bc6df102c0df4330d270805.jpg",".jpg","242477"
"f3b1047c5bc6df102c0df4330d270805.pdf",".pdf","316652"
"f3b1047c5bc6df102c0df4330d270805.webp",".webp","54610"
"f3f66564a90945dce8f8f73081c0b781.jpg",".jpg","239067"
"f3f66564a90945dce8f8f73081c0b781.pdf",".pdf","60961738"
"f3f66564a90945dce8f8f73081c0b781.webp",".webp","30572"
"f42e9ccab12f4d139580d8e8803f2bc4.jpg",".jpg","367265"
"f42e9ccab12f4d139580d8e8803f2bc4.pdf",".pdf","1093885"
"f42e9ccab12f4d139580d8e8803f2bc4.webp",".webp","96982"
"f43cfd27385be32bfb54507339aad3b9.jpg",".jpg","224361"
"f43cfd27385be32bfb54507339aad3b9.pdf",".pdf","6336837"
"f43cfd27385be32bfb54507339aad3b9.webp",".webp","48396"
"f47cf2b89258b54e8fc600ebc6cbe749.jpg",".jpg","256757"
"f47cf2b89258b54e8fc600ebc6cbe749.pdf",".pdf","1040655"
"f47cf2b89258b54e8fc600ebc6cbe749.webp",".webp","70896"
"f4b40da3f699eed06c5e37a566e1b4a6.jpg",".jpg","262737"
"f4b40da3f699eed06c5e37a566e1b4a6.pdf",".pdf","5735534"
"f4b40da3f699eed06c5e37a566e1b4a6.webp",".webp","30640"
"f57ae1a8a601377170c200abf43ad947.jpg",".jpg","180669"
"f57ae1a8a601377170c200abf43ad947.pdf",".pdf","250607"
"f57ae1a8a601377170c200abf43ad947.webp",".webp","49624"
"f5b1ba8aab11273af1036e22ff27148c.jpg",".jpg","367830"
"f5b1ba8aab11273af1036e22ff27148c.webp",".webp","82998"
"f5b1ba8aab11273af1036e22ff27148c.zip",".zip","7496516"
"f5c623be96e601eaa4a80cc0b9e7847d.jpg",".jpg","171146"
"f5c623be96e601eaa4a80cc0b9e7847d.pdf",".pdf","41367186"
"f5c623be96e601eaa4a80cc0b9e7847d.webp",".webp","17730"
"f5d6f9013c1f231e86925ffcdf059d53.jpg",".jpg","419093"
"f5d6f9013c1f231e86925ffcdf059d53.pdf",".pdf","724144"
"f5d6f9013c1f231e86925ffcdf059d53.webp",".webp","94160"
"f6678f522f26ce976989f8ecddd9c2f3.jpg",".jpg","255244"
"f6678f522f26ce976989f8ecddd9c2f3.pdf",".pdf","119995409"
"f6678f522f26ce976989f8ecddd9c2f3.webp",".webp","33788"
"f69c3614089f934d4f664686127beeae.jpg",".jpg","316538"
"f69c3614089f934d4f664686127beeae.pdf",".pdf","467372"
"f69c3614089f934d4f664686127beeae.webp",".webp","75932"
"f6bb2658961569c5c6528579bd0ec33b.jpg",".jpg","335359"
"f6bb2658961569c5c6528579bd0ec33b.pdf",".pdf","473080"
"f6bb2658961569c5c6528579bd0ec33b.webp",".webp","88412"
"f6e14ff7e3d5b5a901e1eec00b0bd88e.jpg",".jpg","346981"
"f6e14ff7e3d5b5a901e1eec00b0bd88e.pdf",".pdf","52035718"
"f6e14ff7e3d5b5a901e1eec00b0bd88e.webp",".webp","23378"
"f732d7f688e2ae98c9a942ab6c9cf7ab.jpg",".jpg","306473"
"f732d7f688e2ae98c9a942ab6c9cf7ab.pdf",".pdf","704577"
"f732d7f688e2ae98c9a942ab6c9cf7ab.webp",".webp","89394"
"f75f8eb43a3c0b6261df0eb907d2ffa7.jpg",".jpg","214860"
"f75f8eb43a3c0b6261df0eb907d2ffa7.pdf",".pdf","182510"
"f75f8eb43a3c0b6261df0eb907d2ffa7.webp",".webp","53782"
"f7aecf7618a0b2028756bc5e67a1e402.jpg",".jpg","261156"
"f7aecf7618a0b2028756bc5e67a1e402.pdf",".pdf","111623"
"f7aecf7618a0b2028756bc5e67a1e402.webp",".webp","78574"
"f7cc22f7a6ab92c85d75ac226305a004.jpg",".jpg","256530"
"f7cc22f7a6ab92c85d75ac226305a004.pdf",".pdf","19268680"
"f7cc22f7a6ab92c85d75ac226305a004.webp",".webp","35144"
"f7d94ac00193affc43d7f7b8933c0f51.jpg",".jpg","323327"
"f7d94ac00193affc43d7f7b8933c0f51.pdf",".pdf","550522"
"f7d94ac00193affc43d7f7b8933c0f51.webp",".webp","100398"
"f7dec8339bb165825b0af62eb192cb6d.jpg",".jpg","397972"
"f7dec8339bb165825b0af62eb192cb6d.pdf",".pdf","16887150"
"f7dec8339bb165825b0af62eb192cb6d.webp",".webp","44420"
"f7e2acfc76e0b0c6be8ca48ae7a20846.jpg",".jpg","422518"
"f7e2acfc76e0b0c6be8ca48ae7a20846.pdf",".pdf","947988"
"f7e2acfc76e0b0c6be8ca48ae7a20846.webp",".webp","110900"
"f7e4edf0218fb6a95b9ceeaf1a742267.jpg",".jpg","152355"
"f7e4edf0218fb6a95b9ceeaf1a742267.pdf",".pdf","1514418"
"f7e4edf0218fb6a95b9ceeaf1a742267.webp",".webp","43122"
"f8018ab364485aa01e1401f687bd2574.jpg",".jpg","272866"
"f8018ab364485aa01e1401f687bd2574.pdf",".pdf","894542"
"f8018ab364485aa01e1401f687bd2574.webp",".webp","81146"
"f80c519e8f32dcac42bae6d077ff2bde.jpg",".jpg","438113"
"f80c519e8f32dcac42bae6d077ff2bde.pdf",".pdf","562006"
"f80c519e8f32dcac42bae6d077ff2bde.webp",".webp","107078"
"f84d706dd712f25317df40949026f072.jpg",".jpg","341576"
"f84d706dd712f25317df40949026f072.pdf",".pdf","10581219"
"f84d706dd712f25317df40949026f072.webp",".webp","40808"
"f866e637c46339b19a926ac9b16d0699.jpg",".jpg","241625"
"f866e637c46339b19a926ac9b16d0699.pdf",".pdf","27776195"
"f866e637c46339b19a926ac9b16d0699.webp",".webp","38312"
"f8a49db5bfee08ef4232ad1fe5530fbf.jpg",".jpg","304932"
"f8a49db5bfee08ef4232ad1fe5530fbf.pdf",".pdf","3703403"
"f8a49db5bfee08ef4232ad1fe5530fbf.webp",".webp","76592"
"f8a7d4d06495d7004ecf3c93ba19dcdb.jpg",".jpg","185642"
"f8a7d4d06495d7004ecf3c93ba19dcdb.pdf",".pdf","2530032"
"f8a7d4d06495d7004ecf3c93ba19dcdb.webp",".webp","46032"
"f8b70cdcaaf75598c6b2bf71c18d34aa.jpg",".jpg","241729"
"f8b70cdcaaf75598c6b2bf71c18d34aa.pdf",".pdf","22482634"
"f8b70cdcaaf75598c6b2bf71c18d34aa.webp",".webp","32902"
"f8d81b005c2704c7eae72583bb8f5c73.jpg",".jpg","259594"
"f8d81b005c2704c7eae72583bb8f5c73.pdf",".pdf","1211244"
"f8d81b005c2704c7eae72583bb8f5c73.webp",".webp","69054"
"f8dbc695363b6d0e989f41ff2cd9fec1.jpg",".jpg","290548"
"f8dbc695363b6d0e989f41ff2cd9fec1.pdf",".pdf","1057302"
"f8dbc695363b6d0e989f41ff2cd9fec1.webp",".webp","82148"
"f8e47fb0e70703b8203cdfbc668c4e95.jpg",".jpg","487870"
"f8e47fb0e70703b8203cdfbc668c4e95.pdf",".pdf","79902194"
"f8e47fb0e70703b8203cdfbc668c4e95.webp",".webp","66680"
"f8e48f994b0b7b64c49ef622cd97f129.jpg",".jpg","276402"
"f8e48f994b0b7b64c49ef622cd97f129.pdf",".pdf","727830"
"f8e48f994b0b7b64c49ef622cd97f129.webp",".webp","77766"
"f97243ad75e829b854175d43b3170df1.jpg",".jpg","140722"
"f97243ad75e829b854175d43b3170df1.webp",".webp","50528"
"f97243ad75e829b854175d43b3170df1.zip",".zip","2822692"
"f9b937e526ec918075411d755cc00678.jpg",".jpg","241472"
"f9b937e526ec918075411d755cc00678.pdf",".pdf","222747"
"f9b937e526ec918075411d755cc00678.webp",".webp","65640"
"f9f980fbadf6bf28314843de20861654.jpg",".jpg","245766"
"f9f980fbadf6bf28314843de20861654.pdf",".pdf","433991235"
"f9f980fbadf6bf28314843de20861654.webp",".webp","40896"
"fa40d71075330cefbd0b4460b6047028.jpg",".jpg","373602"
"fa40d71075330cefbd0b4460b6047028.pdf",".pdf","1998239"
"fa40d71075330cefbd0b4460b6047028.webp",".webp","76496"
"fa7b8862ac2ba6eb11ceaaeaa7a55e59.jpg",".jpg","263513"
"fa7b8862ac2ba6eb11ceaaeaa7a55e59.pdf",".pdf","24321004"
"fa7b8862ac2ba6eb11ceaaeaa7a55e59.webp",".webp","53856"
"fab3e96a60fb4404767e81a41df44d22.jpg",".jpg","201567"
"fab3e96a60fb4404767e81a41df44d22.pdf",".pdf","288542"
"fab3e96a60fb4404767e81a41df44d22.webp",".webp","55692"
"fb927b28c101492bf3f7501aeb641da2.jpg",".jpg","309132"
"fb927b28c101492bf3f7501aeb641da2.pdf",".pdf","39495"
"fb927b28c101492bf3f7501aeb641da2.webp",".webp","92950"
"fb961636c3e8a00b42c2f4ead061340f.jpg",".jpg","173814"
"fb961636c3e8a00b42c2f4ead061340f.pdf",".pdf","7730305"
"fb961636c3e8a00b42c2f4ead061340f.webp",".webp","30902"
"fbae45092a3f21e1359a8a4f4076d2dc.jpg",".jpg","339081"
"fbae45092a3f21e1359a8a4f4076d2dc.pdf",".pdf","4655291"
"fbae45092a3f21e1359a8a4f4076d2dc.webp",".webp","42908"
"fbaf6d82a182863cbfe947bf6e59ccc2.jpg",".jpg","287218"
"fbaf6d82a182863cbfe947bf6e59ccc2.pdf",".pdf","4936131"
"fbaf6d82a182863cbfe947bf6e59ccc2.webp",".webp","41394"
"fbbf428e356bc619c4b18dc002b3cd63.jpg",".jpg","251235"
"fbbf428e356bc619c4b18dc002b3cd63.pdf",".pdf","13106737"
"fbbf428e356bc619c4b18dc002b3cd63.webp",".webp","30578"
"fbc86b58e9ed211e9aad3d3ef9338f4c.jpg",".jpg","309889"
"fbc86b58e9ed211e9aad3d3ef9338f4c.pdf",".pdf","481808"
"fbc86b58e9ed211e9aad3d3ef9338f4c.webp",".webp","74758"
"fbd08968a6d4f64065724aaf0fad3d37.jpg",".jpg","286498"
"fbd08968a6d4f64065724aaf0fad3d37.pdf",".pdf","766684"
"fbd08968a6d4f64065724aaf0fad3d37.webp",".webp","67148"
"fc9834ff526fc678c3fda2ea5489c482.jpg",".jpg","321002"
"fc9834ff526fc678c3fda2ea5489c482.pdf",".pdf","686076"
"fc9834ff526fc678c3fda2ea5489c482.webp",".webp","79972"
"fcc0965c357ac0d099aa09c9aaf85ffa.jpg",".jpg","235270"
"fcc0965c357ac0d099aa09c9aaf85ffa.pdf",".pdf","2387651"
"fcc0965c357ac0d099aa09c9aaf85ffa.webp",".webp","62022"
"fcc53f91f2d3e2599a136a36c765b94b.jpg",".jpg","306399"
"fcc53f91f2d3e2599a136a36c765b94b.pdf",".pdf","285663"
"fcc53f91f2d3e2599a136a36c765b94b.webp",".webp","78678"
"fce9375be6d86376a7ace5609a0796db.jpg",".jpg","187490"
"fce9375be6d86376a7ace5609a0796db.pdf",".pdf","1018116"
"fce9375be6d86376a7ace5609a0796db.webp",".webp","39980"
"fd27dc77429296aee6753114ccc7685b.jpg",".jpg","261973"
"fd27dc77429296aee6753114ccc7685b.pdf",".pdf","1346353"
"fd27dc77429296aee6753114ccc7685b.webp",".webp","63330"
"fd30d3eec63de0859687f00ef694068d.jpg",".jpg","266659"
"fd30d3eec63de0859687f00ef694068d.pdf",".pdf","61916286"
"fd30d3eec63de0859687f00ef694068d.webp",".webp","27264"
"fd84461850b5eed69620f850ece52114.jpg",".jpg","322232"
"fd84461850b5eed69620f850ece52114.pdf",".pdf","3621328"
"fd84461850b5eed69620f850ece52114.webp",".webp","49020"
"fdd515dc9f12635535a931662bc46de6.jpg",".jpg","219842"
"fdd515dc9f12635535a931662bc46de6.pdf",".pdf","1590432"
"fdd515dc9f12635535a931662bc46de6.webp",".webp","65854"
"fde5fefdfabc093fc7d57896d2a524cd.jpg",".jpg","233334"
"fde5fefdfabc093fc7d57896d2a524cd.pdf",".pdf","1042918"
"fde5fefdfabc093fc7d57896d2a524cd.webp",".webp","61124"
"fe279e45e578a0115b1ee43c7fa600f0.jpg",".jpg","332566"
"fe279e45e578a0115b1ee43c7fa600f0.pdf",".pdf","1024862"
"fe279e45e578a0115b1ee43c7fa600f0.webp",".webp","85872"
"fe40bd886917bcd81c7dbe1cc6599ba2.jpg",".jpg","245059"
"fe40bd886917bcd81c7dbe1cc6599ba2.pdf",".pdf","337357"
"fe40bd886917bcd81c7dbe1cc6599ba2.webp",".webp","68252"
"fe423553ce3797fd7d747dad566e7eb5.jpg",".jpg","236824"
"fe423553ce3797fd7d747dad566e7eb5.pdf",".pdf","1193122"
"fe423553ce3797fd7d747dad566e7eb5.webp",".webp","63554"
"fe4afd980822b9e2a6782444a857e8c1.jpg",".jpg","160554"
"fe4afd980822b9e2a6782444a857e8c1.pdf",".pdf","158107"
"fe4afd980822b9e2a6782444a857e8c1.webp",".webp","40036"
"fe4d4aa453eef805451c313afdf95c1c.jpg",".jpg","264691"
"fe4d4aa453eef805451c313afdf95c1c.pdf",".pdf","27985986"
"fe4d4aa453eef805451c313afdf95c1c.webp",".webp","56388"
"fe4f009ca99a5925ee2facce21d6c051.jpg",".jpg","351871"
"fe4f009ca99a5925ee2facce21d6c051.pdf",".pdf","41395322"
"fe4f009ca99a5925ee2facce21d6c051.webp",".webp","46564"
"feb3fceccfa6e68ea841ec8669a4d282.jpg",".jpg","305880"
"feb3fceccfa6e68ea841ec8669a4d282.pdf",".pdf","271104"
"feb3fceccfa6e68ea841ec8669a4d282.webp",".webp","77806"
"fedbbaf33438219910eb65f67e328259.jpg",".jpg","257067"
"fedbbaf33438219910eb65f67e328259.pdf",".pdf","1259025"
"fedbbaf33438219910eb65f67e328259.webp",".webp","73292"
"ff08ff84a7a20df1a31b7dcfc4e65e82.jpg",".jpg","458868"
"ff08ff84a7a20df1a31b7dcfc4e65e82.pdf",".pdf","761540"
"ff08ff84a7a20df1a31b7dcfc4e65e82.webp",".webp","98164"
"ff0a3dedf62a7ac902df147d48efa14f.jpg",".jpg","267617"
"ff0a3dedf62a7ac902df147d48efa14f.pdf",".pdf","475698"
"ff0a3dedf62a7ac902df147d48efa14f.webp",".webp","68282"
"ff2eb431fa091c6f4cf2ac99ffef7c0e.jpg",".jpg","600686"
"ff2eb431fa091c6f4cf2ac99ffef7c0e.pdf",".pdf","140416222"
"ff2eb431fa091c6f4cf2ac99ffef7c0e.webp",".webp","43372"
"ff93e5d184efce3b0f35bcc08d8cda1a.jpg",".jpg","149246"
"ff93e5d184efce3b0f35bcc08d8cda1a.pdf",".pdf","18072923"
"ff93e5d184efce3b0f35bcc08d8cda1a.webp",".webp","36934"
"ffa63802dfb34a42c77a67005443a1b8.jpg",".jpg","222199"
"ffa63802dfb34a42c77a67005443a1b8.pdf",".pdf","505712"
"ffa63802dfb34a42c77a67005443a1b8.webp",".webp","63644"
"ffda74da2cc11a76c32b580b47daebb5.jpg",".jpg","304670"
"ffda74da2cc11a76c32b580b47daebb5.pdf",".pdf","2177459"
"ffda74da2cc11a76c32b580b47daebb5.webp",".webp","82662"
